"../../../Engine/Content/Functions/Engine_MaterialFunctions01/Shading/PowerToRoughness.uasset" 0
"../../../Engine/Content/Functions/Engine_MaterialFunctions01/Shading/PowerToRoughness.uexp" 1
"../../../Engine/Content/Functions/Engine_MaterialFunctions01/Shading/ConvertFromDiffSpec.uasset" 2
"../../../Engine/Content/Functions/Engine_MaterialFunctions01/Shading/ConvertFromDiffSpec.uexp" 3
"../../../Engine/Content/EngineSounds/Master.uasset" 4
"../../../Engine/Content/EngineSounds/Master.uexp" 5
"../../../Engine/Content/EngineSky/VolumetricClouds/CloudWeatherTexture.uasset" 6
"../../../Engine/Content/EngineSky/VolumetricClouds/CloudWeatherTexture.uexp" 7
"../../../Engine/Content/Functions/Engine_MaterialFunctions02/Utility/MakeFloat2.uasset" 8
"../../../Engine/Content/Functions/Engine_MaterialFunctions02/Utility/MakeFloat2.uexp" 9
"../../../Engine/Content/EngineSky/VolumetricClouds/CloudGradientTexture.uasset" 10
"../../../Engine/Content/EngineSky/VolumetricClouds/CloudGradientTexture.uexp" 11
"../../../Engine/Content/EngineSky/VolumetricClouds/T_NoiseShape64.ubulk" 12
"../../../Engine/Content/EngineSky/VolumetricClouds/T_NoiseShape64.uasset" 13
"../../../Engine/Content/EngineSky/VolumetricClouds/T_NoiseShape64.uexp" 14
"../../../Engine/Content/EngineSky/VolumetricClouds/T_VolumeNoiseShape64.uasset" 15
"../../../Engine/Content/EngineSky/VolumetricClouds/T_VolumeNoiseShape64.uexp" 16
"../../../Engine/Content/EngineSky/VolumetricClouds/T_NoiseErosion.ubulk" 17
"../../../Engine/Content/EngineSky/VolumetricClouds/T_NoiseErosion.uasset" 18
"../../../Engine/Content/EngineSky/VolumetricClouds/T_NoiseErosion.uexp" 19
"../../../Engine/Content/EngineSky/VolumetricClouds/T_VolumeNoiseErosion32.uasset" 20
"../../../Engine/Content/EngineSky/VolumetricClouds/T_VolumeNoiseErosion32.uexp" 21
"../../../Engine/Content/EngineSky/VolumetricClouds/m_SimpleVolumetricCloud.uasset" 22
"../../../Engine/Content/EngineSky/VolumetricClouds/m_SimpleVolumetricCloud.uexp" 23
"../../../Engine/Content/EngineSky/VolumetricClouds/m_SimpleVolumetricCloud_Inst.uasset" 24
"../../../Engine/Content/EngineSky/VolumetricClouds/m_SimpleVolumetricCloud_Inst.uexp" 25
"../../../Engine/Content/EngineResources/GradientTexture0.uasset" 26
"../../../Engine/Content/EngineResources/GradientTexture0.uexp" 27
"../../../Engine/Content/EngineResources/DefaultVolumeTexture2D.uasset" 28
"../../../Engine/Content/EngineResources/DefaultVolumeTexture2D.uexp" 29
"../../../Engine/Content/EngineResources/DefaultVolumeTexture.uasset" 30
"../../../Engine/Content/EngineResources/DefaultVolumeTexture.uexp" 31
"../../../Engine/Content/EngineResources/DefaultTextureCube.uasset" 32
"../../../Engine/Content/EngineResources/DefaultTextureCube.uexp" 33
"../../../Engine/Content/EngineResources/Black.uasset" 34
"../../../Engine/Content/EngineResources/Black.uexp" 35
"../../../Engine/Content/EngineResources/FilmGrains/Marcie_Grain_v3_128_M2_000.uasset" 36
"../../../Engine/Content/EngineResources/FilmGrains/Marcie_Grain_v3_128_M2_000.uexp" 37
"../../../Engine/Content/EngineMeshes/Sphere.ubulk" 38
"../../../Engine/Content/EngineMeshes/Sphere.uasset" 39
"../../../Engine/Content/EngineMeshes/Sphere.uexp" 40
"../../../Engine/Content/EngineResources/WhiteSquareTexture.uasset" 41
"../../../Engine/Content/EngineResources/WhiteSquareTexture.uexp" 42
"../../../Engine/Content/EngineMaterials/Widget3DPassThrough.uasset" 43
"../../../Engine/Content/EngineMaterials/Widget3DPassThrough.uexp" 44
"../../../Engine/Content/EngineMaterials/Widget3DPassThrough_Translucent.uasset" 45
"../../../Engine/Content/EngineMaterials/Widget3DPassThrough_Translucent.uexp" 46
"../../../Engine/Content/EngineMaterials/Widget3DPassThrough_Translucent_OneSided.uasset" 47
"../../../Engine/Content/EngineMaterials/Widget3DPassThrough_Translucent_OneSided.uexp" 48
"../../../Engine/Content/EngineMaterials/Widget3DPassThrough_Opaque.uasset" 49
"../../../Engine/Content/EngineMaterials/Widget3DPassThrough_Opaque.uexp" 50
"../../../Engine/Content/EngineMaterials/Widget3DPassThrough_Opaque_OneSided.uasset" 51
"../../../Engine/Content/EngineMaterials/Widget3DPassThrough_Opaque_OneSided.uexp" 52
"../../../Engine/Content/EngineMaterials/Widget3DPassThrough_Masked_OneSided.uasset" 53
"../../../Engine/Content/EngineMaterials/Widget3DPassThrough_Masked_OneSided.uexp" 54
"../../../Engine/Content/EngineMaterials/Widget3DPassThrough_Masked.uasset" 55
"../../../Engine/Content/EngineMaterials/Widget3DPassThrough_Masked.uexp" 56
"../../../Engine/Content/EngineMaterials/WeightMapPlaceholderTexture.uasset" 57
"../../../Engine/Content/EngineMaterials/WeightMapPlaceholderTexture.uexp" 58
"../../../Engine/Content/EngineMaterials/RemoveSurfaceMaterial.uasset" 59
"../../../Engine/Content/EngineMaterials/RemoveSurfaceMaterial.uexp" 60
"../../../Engine/Content/EngineMaterials/PreintegratedSkinBRDF.uasset" 61
"../../../Engine/Content/EngineMaterials/PreintegratedSkinBRDF.uexp" 62
"../../../Engine/Content/EngineMaterials/DefaultCalibrationGrayscale.uasset" 63
"../../../Engine/Content/EngineMaterials/DefaultCalibrationGrayscale.uexp" 64
"../../../Engine/Content/EngineMaterials/PPM_DefaultCalibrationGrayscale.uasset" 65
"../../../Engine/Content/EngineMaterials/PPM_DefaultCalibrationGrayscale.uexp" 66
"../../../Engine/Content/EngineMaterials/DefaultCalibrationColor.uasset" 67
"../../../Engine/Content/EngineMaterials/DefaultCalibrationColor.uexp" 68
"../../../Engine/Content/EngineMaterials/PPM_DefaultCalibrationColor.uasset" 69
"../../../Engine/Content/EngineMaterials/PPM_DefaultCalibrationColor.uexp" 70
"../../../Engine/Content/Functions/Engine_MaterialFunctions02/WorldPositionOffset/CameraOffset.uasset" 71
"../../../Engine/Content/Functions/Engine_MaterialFunctions02/WorldPositionOffset/CameraOffset.uexp" 72
"../../../Engine/Content/EngineMaterials/PhAT_JointLimitMaterial.uasset" 73
"../../../Engine/Content/EngineMaterials/PhAT_JointLimitMaterial.uexp" 74
"../../../Engine/Content/EngineMaterials/InvalidLightmapSettings.ubulk" 75
"../../../Engine/Content/EngineMaterials/InvalidLightmapSettings.uasset" 76
"../../../Engine/Content/EngineMaterials/InvalidLightmapSettings.uexp" 77
"../../../Engine/Content/EngineMaterials/M_InvalidLightmapSettings.uasset" 78
"../../../Engine/Content/EngineMaterials/M_InvalidLightmapSettings.uexp" 79
"../../../Engine/Content/EngineMaterials/MiniFont.uasset" 80
"../../../Engine/Content/EngineMaterials/MiniFont.uexp" 81
"../../../Engine/Content/EngineMaterials/Good64x64TilingNoiseHighFreq.uasset" 82
"../../../Engine/Content/EngineMaterials/Good64x64TilingNoiseHighFreq.uexp" 83
"../../../Engine/Content/EngineMaterials/GizmoMaterial.uasset" 84
"../../../Engine/Content/EngineMaterials/GizmoMaterial.uexp" 85
"../../../Engine/Content/EngineMaterials/BaseFlattenEmissiveMap_VT.uasset" 86
"../../../Engine/Content/EngineMaterials/BaseFlattenEmissiveMap_VT.uexp" 87
"../../../Engine/Content/EngineMaterials/BaseFlattenGrayscaleMap_VT.uasset" 88
"../../../Engine/Content/EngineMaterials/BaseFlattenGrayscaleMap_VT.uexp" 89
"../../../Engine/Content/EngineMaterials/BaseFlattenLinearColor_VT.uasset" 90
"../../../Engine/Content/EngineMaterials/BaseFlattenLinearColor_VT.uexp" 91
"../../../Engine/Content/EngineMaterials/Black_1x1_EXR_Texture_VT.uasset" 92
"../../../Engine/Content/EngineMaterials/Black_1x1_EXR_Texture_VT.uexp" 93
"../../../Engine/Content/EngineMaterials/BaseFlattenDiffuseMap_VT.uasset" 94
"../../../Engine/Content/EngineMaterials/BaseFlattenDiffuseMap_VT.uexp" 95
"../../../Engine/Content/EngineMaterials/BaseFlattenNormalMap_VT.uasset" 96
"../../../Engine/Content/EngineMaterials/BaseFlattenNormalMap_VT.uexp" 97
"../../../Engine/Content/EngineMaterials/FlattenMaterial_WS_Normal_VT.uasset" 98
"../../../Engine/Content/EngineMaterials/FlattenMaterial_WS_Normal_VT.uexp" 99
"../../../Engine/Content/EngineMaterials/FlattenMaterial_VT.uasset" 100
"../../../Engine/Content/EngineMaterials/FlattenMaterial_VT.uexp" 101
"../../../Engine/Content/EngineMaterials/BaseFlattenNormalMap.uasset" 102
"../../../Engine/Content/EngineMaterials/BaseFlattenNormalMap.uexp" 103
"../../../Engine/Content/EngineMaterials/BaseFlattenGrayscaleMap.uasset" 104
"../../../Engine/Content/EngineMaterials/BaseFlattenGrayscaleMap.uexp" 105
"../../../Engine/Content/EngineMaterials/BaseFlattenDiffuseMap.uasset" 106
"../../../Engine/Content/EngineMaterials/BaseFlattenDiffuseMap.uexp" 107
"../../../Engine/Content/Functions/Engine_MaterialFunctions02/PivotPainter2/Black_1x1_EXR_Texture.uasset" 108
"../../../Engine/Content/Functions/Engine_MaterialFunctions02/PivotPainter2/Black_1x1_EXR_Texture.uexp" 109
"../../../Engine/Content/EngineMaterials/BaseFlattenEmissiveMap.uasset" 110
"../../../Engine/Content/EngineMaterials/BaseFlattenEmissiveMap.uexp" 111
"../../../Engine/Content/EngineMaterials/BaseFlattenLinearColor.uasset" 112
"../../../Engine/Content/EngineMaterials/BaseFlattenLinearColor.uexp" 113
"../../../Engine/Content/EngineMaterials/FlattenMaterial.uasset" 114
"../../../Engine/Content/EngineMaterials/FlattenMaterial.uexp" 115
"../../../Engine/Content/EngineMaterials/DefaultWhiteGrid_Low.uasset" 116
"../../../Engine/Content/EngineMaterials/DefaultWhiteGrid_Low.uexp" 117
"../../../Engine/Content/EngineMaterials/EmissiveMeshMaterial.uasset" 118
"../../../Engine/Content/EngineMaterials/EmissiveMeshMaterial.uexp" 119
"../../../Engine/Content/EngineMaterials/DefaultWhiteGrid.ubulk" 120
"../../../Engine/Content/EngineMaterials/DefaultWhiteGrid.uasset" 121
"../../../Engine/Content/EngineMaterials/DefaultWhiteGrid.uexp" 122
"../../../Engine/Content/EngineFonts/RobotoDistanceField.uasset" 123
"../../../Engine/Content/EngineFonts/RobotoDistanceField.uexp" 124
"../../../Engine/Content/EngineMaterials/DefaultTextMaterialOpaque.uasset" 125
"../../../Engine/Content/EngineMaterials/DefaultTextMaterialOpaque.uexp" 126
"../../../Engine/Content/EngineMaterials/DefaultDiffuse.ubulk" 127
"../../../Engine/Content/EngineMaterials/DefaultDiffuse.uasset" 128
"../../../Engine/Content/EngineMaterials/DefaultDiffuse.uexp" 129
"../../../Engine/Content/Functions/Engine_MaterialFunctions02/Utility/BreakOutFloat2Components.uasset" 130
"../../../Engine/Content/Functions/Engine_MaterialFunctions02/Utility/BreakOutFloat2Components.uexp" 131
"../../../Engine/Content/EngineMaterials/DefaultPostProcessMaterial.uasset" 132
"../../../Engine/Content/EngineMaterials/DefaultPostProcessMaterial.uexp" 133
"../../../Engine/Content/EngineMaterials/DefaultPhysicalMaterial.uasset" 134
"../../../Engine/Content/EngineMaterials/DefaultPhysicalMaterial.uexp" 135
"../../../Engine/Content/EngineMaterials/DefaultLightFunctionMaterial.uasset" 136
"../../../Engine/Content/EngineMaterials/DefaultLightFunctionMaterial.uexp" 137
"../../../Engine/Content/EngineMaterials/DefaultDestructiblePhysicalMaterial.uasset" 138
"../../../Engine/Content/EngineMaterials/DefaultDestructiblePhysicalMaterial.uexp" 139
"../../../Engine/Content/EngineMaterials/DefaultDeferredDecalMaterial.uasset" 140
"../../../Engine/Content/EngineMaterials/DefaultDeferredDecalMaterial.uexp" 141
"../../../Engine/Content/EngineMaterials/DefaultBokeh.uasset" 142
"../../../Engine/Content/EngineMaterials/DefaultBokeh.uexp" 143
"../../../Engine/Content/EngineMaterials/DefaultBloomKernel.uasset" 144
"../../../Engine/Content/EngineMaterials/DefaultBloomKernel.uexp" 145
"../../../Engine/Content/EngineMaterials/BlueNoise.uasset" 146
"../../../Engine/Content/EngineMaterials/BlueNoise.uexp" 147
"../../../Engine/Content/EngineFonts/Faces/RobotoLight.uexp" 148
"../../../Engine/Content/EngineFonts/Faces/RobotoLight.uasset" 149
"../../../Engine/Content/EngineFonts/Faces/RobotoLight.ufont" 150
"../../../Engine/Content/EngineFonts/Faces/RobotoBold.uexp" 151
"../../../Engine/Content/EngineFonts/Faces/RobotoBold.uasset" 152
"../../../Engine/Content/EngineFonts/Faces/RobotoBold.ufont" 153
"../../../Engine/Content/EngineFonts/Faces/RobotoRegular.uexp" 154
"../../../Engine/Content/EngineFonts/Faces/RobotoRegular.uasset" 155
"../../../Engine/Content/EngineFonts/Faces/RobotoRegular.ufont" 156
"../../../Engine/Content/EngineFonts/Faces/DroidSansFallback.uexp" 157
"../../../Engine/Content/EngineFonts/Faces/DroidSansFallback.uasset" 158
"../../../Engine/Content/EngineFonts/Faces/DroidSansFallback.ufont" 159
"../../../Engine/Content/EngineFonts/Faces/RobotoItalic.uexp" 160
"../../../Engine/Content/EngineFonts/Faces/RobotoItalic.uasset" 161
"../../../Engine/Content/EngineFonts/Faces/RobotoItalic.ufont" 162
"../../../Engine/Content/EngineFonts/Faces/RobotoBoldItalic.uexp" 163
"../../../Engine/Content/EngineFonts/Faces/RobotoBoldItalic.uasset" 164
"../../../Engine/Content/EngineFonts/Faces/RobotoBoldItalic.ufont" 165
"../../../Engine/Content/EngineFonts/Roboto.uasset" 166
"../../../Engine/Content/EngineFonts/Roboto.uexp" 167
"../../../Engine/Content/Functions/Engine_MaterialFunctions02/Utility/CameraDirectionVector.uasset" 168
"../../../Engine/Content/Functions/Engine_MaterialFunctions02/Utility/CameraDirectionVector.uexp" 169
"../../../Engine/Content/EngineDebugMaterials/VolumeToRender.uasset" 170
"../../../Engine/Content/EngineDebugMaterials/VolumeToRender.uexp" 171
"../../../Engine/Content/EngineDebugMaterials/M_VolumeRenderSphereTracePP.uasset" 172
"../../../Engine/Content/EngineDebugMaterials/M_VolumeRenderSphereTracePP.uexp" 173
"../../../Engine/Content/EngineDebugMaterials/M_SimpleUnlitTranslucent.uasset" 174
"../../../Engine/Content/EngineDebugMaterials/M_SimpleUnlitTranslucent.uexp" 175
"../../../Engine/Content/EngineDebugMaterials/DebugMeshMaterial.uasset" 176
"../../../Engine/Content/EngineDebugMaterials/DebugMeshMaterial.uexp" 177
"../../../Engine/Content/EngineDebugMaterials/DebugEditorMaterial.uasset" 178
"../../../Engine/Content/EngineDebugMaterials/DebugEditorMaterial.uexp" 179
"../../../Engine/Content/EngineDamageTypes/DmgTypeBP_Environmental.uasset" 180
"../../../Engine/Content/EngineDamageTypes/DmgTypeBP_Environmental.uexp" 181
"../../../Engine/Content/EditorResources/S_TriggerSphere.uasset" 182
"../../../Engine/Content/EditorResources/S_TriggerSphere.uexp" 183
"../../../Engine/Content/EditorResources/S_TriggerCapsule.uasset" 184
"../../../Engine/Content/EditorResources/S_TriggerCapsule.uexp" 185
"../../../Engine/Content/EditorResources/S_TriggerBox.uasset" 186
"../../../Engine/Content/EditorResources/S_TriggerBox.uexp" 187
"../../../Engine/Content/EditorResources/S_Trigger.ubulk" 188
"../../../Engine/Content/EditorResources/S_Trigger.uasset" 189
"../../../Engine/Content/EditorResources/S_Trigger.uexp" 190
"../../../Engine/Content/EditorResources/S_Terrain.ubulk" 191
"../../../Engine/Content/EditorResources/S_Terrain.uasset" 192
"../../../Engine/Content/EditorResources/S_Terrain.uexp" 193
"../../../Engine/Content/EditorResources/S_Solver.ubulk" 194
"../../../Engine/Content/EditorResources/S_Solver.uasset" 195
"../../../Engine/Content/EditorResources/S_Solver.uexp" 196
"../../../Engine/Content/EditorResources/S_BoxReflectionCapture.uasset" 197
"../../../Engine/Content/EditorResources/S_BoxReflectionCapture.uexp" 198
"../../../Engine/Content/EditorResources/S_Actor.ubulk" 199
"../../../Engine/Content/EditorResources/S_Actor.uasset" 200
"../../../Engine/Content/EditorResources/S_Actor.uexp" 201
"../../../Engine/Content/EditorResources/EmptyActor.uasset" 202
"../../../Engine/Content/EditorResources/EmptyActor.uexp" 203
"../../../Engine/Content/EditorResources/BSPVertex.uasset" 204
"../../../Engine/Content/EditorResources/BSPVertex.uexp" 205
"../../../Engine/Content/EditorResources/SequenceRecorder/RecordingIndicator.uasset" 206
"../../../Engine/Content/EditorResources/SequenceRecorder/RecordingIndicator.uexp" 207
"../../../Engine/Content/EditorResources/SequenceRecorder/Countdown.uasset" 208
"../../../Engine/Content/EditorResources/SequenceRecorder/Countdown.uexp" 209
"../../../Engine/Content/EditorMaterials/Camera/CineMat.uasset" 210
"../../../Engine/Content/EditorMaterials/Camera/CineMat.uexp" 211
"../../../Engine/Content/EditorMaterials/Camera/MI_CineMat_Rig.uasset" 212
"../../../Engine/Content/EditorMaterials/Camera/MI_CineMat_Rig.uexp" 213
"../../../Engine/Content/EditorMeshes/Camera/SM_RailRig_Track.ubulk" 214
"../../../Engine/Content/EditorMeshes/Camera/SM_RailRig_Track.uasset" 215
"../../../Engine/Content/EditorMeshes/Camera/SM_RailRig_Track.uexp" 216
"../../../Engine/Content/EditorMeshes/Camera/SM_RailRig_Mount.ubulk" 217
"../../../Engine/Content/EditorMeshes/Camera/SM_RailRig_Mount.uasset" 218
"../../../Engine/Content/EditorMeshes/Camera/SM_RailRig_Mount.uexp" 219
"../../../Engine/Content/EditorMeshes/Camera/SM_CraneRig_Mount.ubulk" 220
"../../../Engine/Content/EditorMeshes/Camera/SM_CraneRig_Mount.uasset" 221
"../../../Engine/Content/EditorMeshes/Camera/SM_CraneRig_Mount.uexp" 222
"../../../Engine/Content/EditorMeshes/Camera/SM_CraneRig_Body.ubulk" 223
"../../../Engine/Content/EditorMeshes/Camera/SM_CraneRig_Body.uasset" 224
"../../../Engine/Content/EditorMeshes/Camera/SM_CraneRig_Body.uexp" 225
"../../../Engine/Content/EditorMeshes/Camera/SM_CraneRig_Base.ubulk" 226
"../../../Engine/Content/EditorMeshes/Camera/SM_CraneRig_Base.uasset" 227
"../../../Engine/Content/EditorMeshes/Camera/SM_CraneRig_Base.uexp" 228
"../../../Engine/Content/EditorMeshes/Camera/SM_CraneRig_Arm.ubulk" 229
"../../../Engine/Content/EditorMeshes/Camera/SM_CraneRig_Arm.uasset" 230
"../../../Engine/Content/EditorMeshes/Camera/SM_CraneRig_Arm.uexp" 231
"../../../Engine/Content/EditorMaterials/PreviewShadowIndicator.ubulk" 232
"../../../Engine/Content/EditorMaterials/PreviewShadowIndicator.uasset" 233
"../../../Engine/Content/EditorMaterials/PreviewShadowIndicator.uexp" 234
"../../../Engine/Content/EditorMaterials/PreviewShadowIndicatorMaterial.uasset" 235
"../../../Engine/Content/EditorMaterials/PreviewShadowIndicatorMaterial.uexp" 236
"../../../Engine/Content/EditorMaterials/MAT_Groups_Visibility.uasset" 237
"../../../Engine/Content/EditorMaterials/MAT_Groups_Visibility.uexp" 238
"../../../Engine/Content/EditorMaterials/MAT_Groups_Toggle.uasset" 239
"../../../Engine/Content/EditorMaterials/MAT_Groups_Toggle.uexp" 240
"../../../Engine/Content/Functions/Engine_MaterialFunctions02/Utility/MakeFloat4.uasset" 241
"../../../Engine/Content/Functions/Engine_MaterialFunctions02/Utility/MakeFloat4.uexp" 242
"../../../Engine/Content/Functions/Engine_MaterialFunctions02/Utility/MakeFloat3.uasset" 243
"../../../Engine/Content/Functions/Engine_MaterialFunctions02/Utility/MakeFloat3.uexp" 244
"../../../Engine/Content/Functions/Engine_MaterialFunctions02/Utility/BreakOutFloat3Components.uasset" 245
"../../../Engine/Content/Functions/Engine_MaterialFunctions02/Utility/BreakOutFloat3Components.uexp" 246
"../../../Engine/Content/EditorMaterials/WorldPartition/WorldPartitionSpatialHashGridPreviewMaterial.uasset" 247
"../../../Engine/Content/EditorMaterials/WorldPartition/WorldPartitionSpatialHashGridPreviewMaterial.uexp" 248
"../../../Engine/Content/EditorMaterials/ParticleSystems/PSysThumbnail_OOD.ubulk" 249
"../../../Engine/Content/EditorMaterials/ParticleSystems/PSysThumbnail_OOD.uasset" 250
"../../../Engine/Content/EditorMaterials/ParticleSystems/PSysThumbnail_OOD.uexp" 251
"../../../Engine/Content/EditorMaterials/ParticleSystems/PSysThumbnail_NoImage.ubulk" 252
"../../../Engine/Content/EditorMaterials/ParticleSystems/PSysThumbnail_NoImage.uasset" 253
"../../../Engine/Content/EditorMaterials/ParticleSystems/PSysThumbnail_NoImage.uexp" 254
"../../../Engine/Content/EditorMaterials/MatineeGroups/MAT_Groups_Vector.uasset" 255
"../../../Engine/Content/EditorMaterials/MatineeGroups/MAT_Groups_Vector.uexp" 256
"../../../Engine/Content/EditorMaterials/MatineeGroups/MAT_Groups_Sound.uasset" 257
"../../../Engine/Content/EditorMaterials/MatineeGroups/MAT_Groups_Sound.uexp" 258
"../../../Engine/Content/EditorMaterials/MatineeGroups/MAT_Groups_Slomo.uasset" 259
"../../../Engine/Content/EditorMaterials/MatineeGroups/MAT_Groups_Slomo.uexp" 260
"../../../Engine/Content/EditorMaterials/MatineeGroups/MAT_Groups_Move.uasset" 261
"../../../Engine/Content/EditorMaterials/MatineeGroups/MAT_Groups_Move.uexp" 262
"../../../Engine/Content/EditorMaterials/MatineeGroups/MAT_Groups_Float.uasset" 263
"../../../Engine/Content/EditorMaterials/MatineeGroups/MAT_Groups_Float.uexp" 264
"../../../Engine/Content/EditorMaterials/MatineeGroups/MAT_Groups_Fade.uasset" 265
"../../../Engine/Content/EditorMaterials/MatineeGroups/MAT_Groups_Fade.uexp" 266
"../../../Engine/Content/EditorMaterials/MatineeGroups/MAT_Groups_Event.uasset" 267
"../../../Engine/Content/EditorMaterials/MatineeGroups/MAT_Groups_Event.uexp" 268
"../../../Engine/Content/EditorMaterials/MatineeGroups/MAT_Groups_Director.uasset" 269
"../../../Engine/Content/EditorMaterials/MatineeGroups/MAT_Groups_Director.uexp" 270
"../../../Engine/Content/EditorMaterials/MatineeGroups/MAT_Groups_AudioMaster.uasset" 271
"../../../Engine/Content/EditorMaterials/MatineeGroups/MAT_Groups_AudioMaster.uexp" 272
"../../../Engine/Content/EditorMaterials/MatineeGroups/MAT_Groups_Anim.uasset" 273
"../../../Engine/Content/EditorMaterials/MatineeGroups/MAT_Groups_Anim.uexp" 274
"../../../Engine/Content/EditorMaterials/MatineeGroups/MAT_ColorTrack.uasset" 275
"../../../Engine/Content/EditorMaterials/MatineeGroups/MAT_ColorTrack.uexp" 276
"../../../Engine/Content/EditorLandscapeResources/DefaultAlphaTexture.uasset" 277
"../../../Engine/Content/EditorLandscapeResources/DefaultAlphaTexture.uexp" 278
"../../../Engine/Content/EditorLandscapeResources/DataLayer.uasset" 279
"../../../Engine/Content/EditorLandscapeResources/DataLayer.uexp" 280
"../../../Engine/Content/EngineMaterials/T_Default_Material_Grid_M.ubulk" 281
"../../../Engine/Content/EngineMaterials/T_Default_Material_Grid_M.uasset" 282
"../../../Engine/Content/EngineMaterials/T_Default_Material_Grid_M.uexp" 283
"../../../Engine/Content/EngineMaterials/T_Default_Material_Grid_N.ubulk" 284
"../../../Engine/Content/EngineMaterials/T_Default_Material_Grid_N.uasset" 285
"../../../Engine/Content/EngineMaterials/T_Default_Material_Grid_N.uexp" 286
"../../../Engine/Content/Functions/Engine_MaterialFunctions01/Opacity/CameraDepthFade.uasset" 287
"../../../Engine/Content/Functions/Engine_MaterialFunctions01/Opacity/CameraDepthFade.uexp" 288
"../../../Engine/Content/EngineMaterials/WorldGridMaterial.uasset" 289
"../../../Engine/Content/EngineMaterials/WorldGridMaterial.uexp" 290
"../../../Engine/Content/BasicShapes/Plane.ubulk" 291
"../../../Engine/Content/BasicShapes/Plane.uasset" 292
"../../../Engine/Content/BasicShapes/Plane.uexp" 293
"../../../Engine/Content/EngineMaterials/DefaultMaterial.uasset" 294
"../../../Engine/Content/EngineMaterials/DefaultMaterial.uexp" 295
"../../../Engine/Content/BasicShapes/Cylinder.ubulk" 296
"../../../Engine/Content/BasicShapes/Cylinder.uasset" 297
"../../../Engine/Content/BasicShapes/Cylinder.uexp" 298
"../../../Engine/Content/BasicShapes/Cube.ubulk" 299
"../../../Engine/Content/BasicShapes/Cube.uasset" 300
"../../../Engine/Content/BasicShapes/Cube.uexp" 301
"../../../Engine/Content/ArtTools/RenderToTexture/Meshes/S_1_Unit_Plane.ubulk" 302
"../../../Engine/Content/ArtTools/RenderToTexture/Meshes/S_1_Unit_Plane.uasset" 303
"../../../Engine/Content/ArtTools/RenderToTexture/Meshes/S_1_Unit_Plane.uexp" 304
"../../../Engine/Content/MobileResources/HUD/VirtualJoystick_Background.uasset" 305
"../../../Engine/Content/MobileResources/HUD/VirtualJoystick_Background.uexp" 306
"../../../Engine/Content/MobileResources/HUD/VirtualJoystick_Thumb.uasset" 307
"../../../Engine/Content/MobileResources/HUD/VirtualJoystick_Thumb.uexp" 308
"../../../Engine/Content/MobileResources/HUD/DefaultVirtualJoysticks.uasset" 309
"../../../Engine/Content/MobileResources/HUD/DefaultVirtualJoysticks.uexp" 310
"../../../Engine/Content/Tutorial/ContentIntroCurve.uasset" 311
"../../../Engine/Content/Tutorial/ContentIntroCurve.uexp" 312
"../../../Engine/Content/VREditor/TransformGizmo/Main.uasset" 313
"../../../Engine/Content/VREditor/TransformGizmo/Main.uexp" 314
"../../../Engine/Content/VREditor/TransformGizmo/Xray.uasset" 315
"../../../Engine/Content/VREditor/TransformGizmo/Xray.uexp" 316
"../../../Engine/Content/VREditor/TransformGizmo/SM_Sequencer_Node.ubulk" 317
"../../../Engine/Content/VREditor/TransformGizmo/SM_Sequencer_Node.uasset" 318
"../../../Engine/Content/VREditor/TransformGizmo/SM_Sequencer_Node.uexp" 319
"../../../Engine/Content/VREditor/LaserPointer/VR_LaserPower_01.ubulk" 320
"../../../Engine/Content/VREditor/LaserPointer/VR_LaserPower_01.uasset" 321
"../../../Engine/Content/VREditor/LaserPointer/VR_LaserPower_01.uexp" 322
"../../../Engine/Content/VREditor/TransformGizmo/TransformGizmoMaterial.uasset" 323
"../../../Engine/Content/VREditor/TransformGizmo/TransformGizmoMaterial.uexp" 324
"../../../Engine/Content/VREditor/TransformGizmo/TranslucentTransformGizmoMaterial.uasset" 325
"../../../Engine/Content/VREditor/TransformGizmo/TranslucentTransformGizmoMaterial.uexp" 326
"../../../Engine/Content/VREditor/TransformGizmo/PlaneTranslationHandle.ubulk" 327
"../../../Engine/Content/VREditor/TransformGizmo/PlaneTranslationHandle.uasset" 328
"../../../Engine/Content/VREditor/TransformGizmo/PlaneTranslationHandle.uexp" 329
"../../../Engine/Content/VREditor/TransformGizmo/BoundingBoxEdge.ubulk" 330
"../../../Engine/Content/VREditor/TransformGizmo/BoundingBoxEdge.uasset" 331
"../../../Engine/Content/VREditor/TransformGizmo/BoundingBoxEdge.uexp" 332
"../../../Engine/Content/VREditor/TransformGizmo/BoundingBoxCorner.ubulk" 333
"../../../Engine/Content/VREditor/TransformGizmo/BoundingBoxCorner.uasset" 334
"../../../Engine/Content/VREditor/TransformGizmo/BoundingBoxCorner.uexp" 335
"../../../Engine/Plugins/2D/Paper2D/Content/PlaceholderTextures/DummySpriteTexture.ubulk" 336
"../../../Engine/Plugins/2D/Paper2D/Content/PlaceholderTextures/DummySpriteTexture.uasset" 337
"../../../Engine/Plugins/2D/Paper2D/Content/PlaceholderTextures/DummySpriteTexture.uexp" 338
"../../../Engine/Plugins/2D/Paper2D/Content/DefaultSpriteMaterial.uasset" 339
"../../../Engine/Plugins/2D/Paper2D/Content/DefaultSpriteMaterial.uexp" 340
"../../../Engine/Plugins/2D/Paper2D/Content/OpaqueUnlitSpriteMaterial.uasset" 341
"../../../Engine/Plugins/2D/Paper2D/Content/OpaqueUnlitSpriteMaterial.uexp" 342
"../../../Engine/Plugins/2D/Paper2D/Content/MaskedUnlitSpriteMaterial.uasset" 343
"../../../Engine/Plugins/2D/Paper2D/Content/MaskedUnlitSpriteMaterial.uexp" 344
"../../../Engine/Plugins/2D/Paper2D/Content/DummySprite.uasset" 345
"../../../Engine/Plugins/2D/Paper2D/Content/DummySprite.uexp" 346
"../../../Engine/Plugins/2D/Paper2D/Content/DefaultPaperTerrainMaterial.uasset" 347
"../../../Engine/Plugins/2D/Paper2D/Content/DefaultPaperTerrainMaterial.uexp" 348
"../../../Engine/Plugins/Animation/ControlRig/Content/M_Manip.uasset" 349
"../../../Engine/Plugins/Animation/ControlRig/Content/M_Manip.uexp" 350
"../../../Engine/Plugins/Animation/ControlRig/Content/Controls/DefaultGizmoLibraryNormalized.uasset" 351
"../../../Engine/Plugins/Animation/ControlRig/Content/Controls/DefaultGizmoLibraryNormalized.uexp" 352
"../../../Engine/Plugins/Animation/ControlRig/Content/Controls/ControlRig_Wedge_solid.ubulk" 353
"../../../Engine/Plugins/Animation/ControlRig/Content/Controls/ControlRig_Wedge_solid.uasset" 354
"../../../Engine/Plugins/Animation/ControlRig/Content/Controls/ControlRig_Wedge_solid.uexp" 355
"../../../Engine/Plugins/Animation/ControlRig/Content/Controls/ControlRig_Wedge_3mm.ubulk" 356
"../../../Engine/Plugins/Animation/ControlRig/Content/Controls/ControlRig_Wedge_3mm.uasset" 357
"../../../Engine/Plugins/Animation/ControlRig/Content/Controls/ControlRig_Wedge_3mm.uexp" 358
"../../../Engine/Plugins/Animation/ControlRig/Content/Controls/ControlRig_Wedge_1mm.ubulk" 359
"../../../Engine/Plugins/Animation/ControlRig/Content/Controls/ControlRig_Wedge_1mm.uasset" 360
"../../../Engine/Plugins/Animation/ControlRig/Content/Controls/ControlRig_Wedge_1mm.uexp" 361
"../../../Engine/Plugins/Animation/ControlRig/Content/Controls/ControlRig_Triangle_solid.ubulk" 362
"../../../Engine/Plugins/Animation/ControlRig/Content/Controls/ControlRig_Triangle_solid.uasset" 363
"../../../Engine/Plugins/Animation/ControlRig/Content/Controls/ControlRig_Triangle_solid.uexp" 364
"../../../Engine/Plugins/Animation/ControlRig/Content/Controls/ControlRig_Triangle_3mm.ubulk" 365
"../../../Engine/Plugins/Animation/ControlRig/Content/Controls/ControlRig_Triangle_3mm.uasset" 366
"../../../Engine/Plugins/Animation/ControlRig/Content/Controls/ControlRig_Triangle_3mm.uexp" 367
"../../../Engine/Plugins/Animation/ControlRig/Content/Controls/ControlRig_Triangle_1mm.ubulk" 368
"../../../Engine/Plugins/Animation/ControlRig/Content/Controls/ControlRig_Triangle_1mm.uasset" 369
"../../../Engine/Plugins/Animation/ControlRig/Content/Controls/ControlRig_Triangle_1mm.uexp" 370
"../../../Engine/Plugins/Animation/ControlRig/Content/Controls/ControlRig_Star4_solid.ubulk" 371
"../../../Engine/Plugins/Animation/ControlRig/Content/Controls/ControlRig_Star4_solid.uasset" 372
"../../../Engine/Plugins/Animation/ControlRig/Content/Controls/ControlRig_Star4_solid.uexp" 373
"../../../Engine/Plugins/Animation/ControlRig/Content/Controls/ControlRig_Star4_3mm.ubulk" 374
"../../../Engine/Plugins/Animation/ControlRig/Content/Controls/ControlRig_Star4_3mm.uasset" 375
"../../../Engine/Plugins/Animation/ControlRig/Content/Controls/ControlRig_Star4_3mm.uexp" 376
"../../../Engine/Plugins/Animation/ControlRig/Content/Controls/ControlRig_Star4_1mm.ubulk" 377
"../../../Engine/Plugins/Animation/ControlRig/Content/Controls/ControlRig_Star4_1mm.uasset" 378
"../../../Engine/Plugins/Animation/ControlRig/Content/Controls/ControlRig_Star4_1mm.uexp" 379
"../../../Engine/Plugins/Animation/ControlRig/Content/Controls/ControlRig_Square_solid.ubulk" 380
"../../../Engine/Plugins/Animation/ControlRig/Content/Controls/ControlRig_Square_solid.uasset" 381
"../../../Engine/Plugins/Animation/ControlRig/Content/Controls/ControlRig_Square_solid.uexp" 382
"../../../Engine/Plugins/Animation/ControlRig/Content/Controls/ControlRig_Square_3mm.ubulk" 383
"../../../Engine/Plugins/Animation/ControlRig/Content/Controls/ControlRig_Square_3mm.uasset" 384
"../../../Engine/Plugins/Animation/ControlRig/Content/Controls/ControlRig_Square_3mm.uexp" 385
"../../../Engine/Plugins/Animation/ControlRig/Content/Controls/ControlRig_Square_1mm.ubulk" 386
"../../../Engine/Plugins/Animation/ControlRig/Content/Controls/ControlRig_Square_1mm.uasset" 387
"../../../Engine/Plugins/Animation/ControlRig/Content/Controls/ControlRig_Square_1mm.uexp" 388
"../../../Engine/Plugins/Animation/ControlRig/Content/Controls/ControlRig_Sphere_solid.ubulk" 389
"../../../Engine/Plugins/Animation/ControlRig/Content/Controls/ControlRig_Sphere_solid.uasset" 390
"../../../Engine/Plugins/Animation/ControlRig/Content/Controls/ControlRig_Sphere_solid.uexp" 391
"../../../Engine/Plugins/Animation/ControlRig/Content/Controls/ControlRig_Sphere_3mm.ubulk" 392
"../../../Engine/Plugins/Animation/ControlRig/Content/Controls/ControlRig_Sphere_3mm.uasset" 393
"../../../Engine/Plugins/Animation/ControlRig/Content/Controls/ControlRig_Sphere_3mm.uexp" 394
"../../../Engine/Plugins/Animation/ControlRig/Content/Controls/ControlRig_Sphere_1mm.ubulk" 395
"../../../Engine/Plugins/Animation/ControlRig/Content/Controls/ControlRig_Sphere_1mm.uasset" 396
"../../../Engine/Plugins/Animation/ControlRig/Content/Controls/ControlRig_Sphere_1mm.uexp" 397
"../../../Engine/Plugins/Animation/ControlRig/Content/Controls/ControlRig_RoundedTriangle_solid.ubulk" 398
"../../../Engine/Plugins/Animation/ControlRig/Content/Controls/ControlRig_RoundedTriangle_solid.uasset" 399
"../../../Engine/Plugins/Animation/ControlRig/Content/Controls/ControlRig_RoundedTriangle_solid.uexp" 400
"../../../Engine/Plugins/Animation/ControlRig/Content/Controls/ControlRig_RoundedTriangle_3mm.ubulk" 401
"../../../Engine/Plugins/Animation/ControlRig/Content/Controls/ControlRig_RoundedTriangle_3mm.uasset" 402
"../../../Engine/Plugins/Animation/ControlRig/Content/Controls/ControlRig_RoundedTriangle_3mm.uexp" 403
"../../../Engine/Plugins/Animation/ControlRig/Content/Controls/ControlRig_RoundedTriangle_1mm.ubulk" 404
"../../../Engine/Plugins/Animation/ControlRig/Content/Controls/ControlRig_RoundedTriangle_1mm.uasset" 405
"../../../Engine/Plugins/Animation/ControlRig/Content/Controls/ControlRig_RoundedTriangle_1mm.uexp" 406
"../../../Engine/Plugins/Animation/ControlRig/Content/Controls/ControlRig_RoundedSquare_solid.ubulk" 407
"../../../Engine/Plugins/Animation/ControlRig/Content/Controls/ControlRig_RoundedSquare_solid.uasset" 408
"../../../Engine/Plugins/Animation/ControlRig/Content/Controls/ControlRig_RoundedSquare_solid.uexp" 409
"../../../Engine/Plugins/Animation/ControlRig/Content/Controls/ControlRig_RoundedSquare_3mm.ubulk" 410
"../../../Engine/Plugins/Animation/ControlRig/Content/Controls/ControlRig_RoundedSquare_3mm.uasset" 411
"../../../Engine/Plugins/Animation/ControlRig/Content/Controls/ControlRig_RoundedSquare_3mm.uexp" 412
"../../../Engine/Plugins/Animation/ControlRig/Content/Controls/ControlRig_RoundedSquare_1mm.ubulk" 413
"../../../Engine/Plugins/Animation/ControlRig/Content/Controls/ControlRig_RoundedSquare_1mm.uasset" 414
"../../../Engine/Plugins/Animation/ControlRig/Content/Controls/ControlRig_RoundedSquare_1mm.uexp" 415
"../../../Engine/Plugins/Animation/ControlRig/Content/Controls/ControlRig_QuarterCircle_solid.ubulk" 416
"../../../Engine/Plugins/Animation/ControlRig/Content/Controls/ControlRig_QuarterCircle_solid.uasset" 417
"../../../Engine/Plugins/Animation/ControlRig/Content/Controls/ControlRig_QuarterCircle_solid.uexp" 418
"../../../Engine/Plugins/Animation/ControlRig/Content/Controls/ControlRig_QuarterCircle_3mm.ubulk" 419
"../../../Engine/Plugins/Animation/ControlRig/Content/Controls/ControlRig_QuarterCircle_3mm.uasset" 420
"../../../Engine/Plugins/Animation/ControlRig/Content/Controls/ControlRig_QuarterCircle_3mm.uexp" 421
"../../../Engine/Plugins/Animation/ControlRig/Content/Controls/ControlRig_QuarterCircle_1mm.ubulk" 422
"../../../Engine/Plugins/Animation/ControlRig/Content/Controls/ControlRig_QuarterCircle_1mm.uasset" 423
"../../../Engine/Plugins/Animation/ControlRig/Content/Controls/ControlRig_QuarterCircle_1mm.uexp" 424
"../../../Engine/Plugins/Animation/ControlRig/Content/Controls/ControlRig_Pyramid_solid.ubulk" 425
"../../../Engine/Plugins/Animation/ControlRig/Content/Controls/ControlRig_Pyramid_solid.uasset" 426
"../../../Engine/Plugins/Animation/ControlRig/Content/Controls/ControlRig_Pyramid_solid.uexp" 427
"../../../Engine/Plugins/Animation/ControlRig/Content/Controls/ControlRig_Pyramid_3mm.ubulk" 428
"../../../Engine/Plugins/Animation/ControlRig/Content/Controls/ControlRig_Pyramid_3mm.uasset" 429
"../../../Engine/Plugins/Animation/ControlRig/Content/Controls/ControlRig_Pyramid_3mm.uexp" 430
"../../../Engine/Plugins/Animation/ControlRig/Content/Controls/ControlRig_Pyramid_1mm.ubulk" 431
"../../../Engine/Plugins/Animation/ControlRig/Content/Controls/ControlRig_Pyramid_1mm.uasset" 432
"../../../Engine/Plugins/Animation/ControlRig/Content/Controls/ControlRig_Pyramid_1mm.uexp" 433
"../../../Engine/Plugins/Animation/ControlRig/Content/Controls/ControlRig_Octagon_solid.ubulk" 434
"../../../Engine/Plugins/Animation/ControlRig/Content/Controls/ControlRig_Octagon_solid.uasset" 435
"../../../Engine/Plugins/Animation/ControlRig/Content/Controls/ControlRig_Octagon_solid.uexp" 436
"../../../Engine/Plugins/Animation/ControlRig/Content/Controls/ControlRig_Octagon_3mm.ubulk" 437
"../../../Engine/Plugins/Animation/ControlRig/Content/Controls/ControlRig_Octagon_3mm.uasset" 438
"../../../Engine/Plugins/Animation/ControlRig/Content/Controls/ControlRig_Octagon_3mm.uexp" 439
"../../../Engine/Plugins/Animation/ControlRig/Content/Controls/ControlRig_Octagon_1mm.ubulk" 440
"../../../Engine/Plugins/Animation/ControlRig/Content/Controls/ControlRig_Octagon_1mm.uasset" 441
"../../../Engine/Plugins/Animation/ControlRig/Content/Controls/ControlRig_Octagon_1mm.uexp" 442
"../../../Engine/Plugins/Animation/ControlRig/Content/Controls/ControlRig_Hexagon_solid.ubulk" 443
"../../../Engine/Plugins/Animation/ControlRig/Content/Controls/ControlRig_Hexagon_solid.uasset" 444
"../../../Engine/Plugins/Animation/ControlRig/Content/Controls/ControlRig_Hexagon_solid.uexp" 445
"../../../Engine/Plugins/Animation/ControlRig/Content/Controls/ControlRig_Hexagon_3mm.ubulk" 446
"../../../Engine/Plugins/Animation/ControlRig/Content/Controls/ControlRig_Hexagon_3mm.uasset" 447
"../../../Engine/Plugins/Animation/ControlRig/Content/Controls/ControlRig_Hexagon_3mm.uexp" 448
"../../../Engine/Plugins/Animation/ControlRig/Content/Controls/ControlRig_Hexagon_1mm.ubulk" 449
"../../../Engine/Plugins/Animation/ControlRig/Content/Controls/ControlRig_Hexagon_1mm.uasset" 450
"../../../Engine/Plugins/Animation/ControlRig/Content/Controls/ControlRig_Hexagon_1mm.uexp" 451
"../../../Engine/Plugins/Animation/ControlRig/Content/Controls/ControlRig_HalfCircle_solid.ubulk" 452
"../../../Engine/Plugins/Animation/ControlRig/Content/Controls/ControlRig_HalfCircle_solid.uasset" 453
"../../../Engine/Plugins/Animation/ControlRig/Content/Controls/ControlRig_HalfCircle_solid.uexp" 454
"../../../Engine/Plugins/Animation/ControlRig/Content/Controls/ControlRig_HalfCircle_3mm.ubulk" 455
"../../../Engine/Plugins/Animation/ControlRig/Content/Controls/ControlRig_HalfCircle_3mm.uasset" 456
"../../../Engine/Plugins/Animation/ControlRig/Content/Controls/ControlRig_HalfCircle_3mm.uexp" 457
"../../../Engine/Plugins/Animation/ControlRig/Content/Controls/ControlRig_HalfCircle_1mm.ubulk" 458
"../../../Engine/Plugins/Animation/ControlRig/Content/Controls/ControlRig_HalfCircle_1mm.uasset" 459
"../../../Engine/Plugins/Animation/ControlRig/Content/Controls/ControlRig_HalfCircle_1mm.uexp" 460
"../../../Engine/Plugins/Animation/ControlRig/Content/Controls/ControlRig_Diamond_3mm.ubulk" 461
"../../../Engine/Plugins/Animation/ControlRig/Content/Controls/ControlRig_Diamond_3mm.uasset" 462
"../../../Engine/Plugins/Animation/ControlRig/Content/Controls/ControlRig_Diamond_3mm.uexp" 463
"../../../Engine/Plugins/Animation/ControlRig/Content/Controls/ControlRig_Diamond_1mm.ubulk" 464
"../../../Engine/Plugins/Animation/ControlRig/Content/Controls/ControlRig_Diamond_1mm.uasset" 465
"../../../Engine/Plugins/Animation/ControlRig/Content/Controls/ControlRig_Diamond_1mm.uexp" 466
"../../../Engine/Plugins/Animation/ControlRig/Content/Controls/ControlRig_Circle_solid.ubulk" 467
"../../../Engine/Plugins/Animation/ControlRig/Content/Controls/ControlRig_Circle_solid.uasset" 468
"../../../Engine/Plugins/Animation/ControlRig/Content/Controls/ControlRig_Circle_solid.uexp" 469
"../../../Engine/Plugins/Animation/ControlRig/Content/Controls/ControlRig_Circle_3mm.ubulk" 470
"../../../Engine/Plugins/Animation/ControlRig/Content/Controls/ControlRig_Circle_3mm.uasset" 471
"../../../Engine/Plugins/Animation/ControlRig/Content/Controls/ControlRig_Circle_3mm.uexp" 472
"../../../Engine/Plugins/Animation/ControlRig/Content/Controls/ControlRig_Circle_1mm.ubulk" 473
"../../../Engine/Plugins/Animation/ControlRig/Content/Controls/ControlRig_Circle_1mm.uasset" 474
"../../../Engine/Plugins/Animation/ControlRig/Content/Controls/ControlRig_Circle_1mm.uexp" 475
"../../../Engine/Plugins/Animation/ControlRig/Content/Controls/ControlRig_Box_3mm.ubulk" 476
"../../../Engine/Plugins/Animation/ControlRig/Content/Controls/ControlRig_Box_3mm.uasset" 477
"../../../Engine/Plugins/Animation/ControlRig/Content/Controls/ControlRig_Box_3mm.uexp" 478
"../../../Engine/Plugins/Animation/ControlRig/Content/Controls/ControlRig_Box_1mm.ubulk" 479
"../../../Engine/Plugins/Animation/ControlRig/Content/Controls/ControlRig_Box_1mm.uasset" 480
"../../../Engine/Plugins/Animation/ControlRig/Content/Controls/ControlRig_Box_1mm.uexp" 481
"../../../Engine/Plugins/Animation/ControlRig/Content/Controls/ControlRig_Arrow_solid.ubulk" 482
"../../../Engine/Plugins/Animation/ControlRig/Content/Controls/ControlRig_Arrow_solid.uasset" 483
"../../../Engine/Plugins/Animation/ControlRig/Content/Controls/ControlRig_Arrow_solid.uexp" 484
"../../../Engine/Plugins/Animation/ControlRig/Content/Controls/ControlRig_Arrow_3mm.ubulk" 485
"../../../Engine/Plugins/Animation/ControlRig/Content/Controls/ControlRig_Arrow_3mm.uasset" 486
"../../../Engine/Plugins/Animation/ControlRig/Content/Controls/ControlRig_Arrow_3mm.uexp" 487
"../../../Engine/Plugins/Animation/ControlRig/Content/Controls/ControlRig_Arrow_1mm.ubulk" 488
"../../../Engine/Plugins/Animation/ControlRig/Content/Controls/ControlRig_Arrow_1mm.uasset" 489
"../../../Engine/Plugins/Animation/ControlRig/Content/Controls/ControlRig_Arrow_1mm.uexp" 490
"../../../Engine/Plugins/Animation/ControlRig/Content/Controls/ControlRig_Arrow4_solid.ubulk" 491
"../../../Engine/Plugins/Animation/ControlRig/Content/Controls/ControlRig_Arrow4_solid.uasset" 492
"../../../Engine/Plugins/Animation/ControlRig/Content/Controls/ControlRig_Arrow4_solid.uexp" 493
"../../../Engine/Plugins/Animation/ControlRig/Content/Controls/ControlRig_Arrow4_3mm.ubulk" 494
"../../../Engine/Plugins/Animation/ControlRig/Content/Controls/ControlRig_Arrow4_3mm.uasset" 495
"../../../Engine/Plugins/Animation/ControlRig/Content/Controls/ControlRig_Arrow4_3mm.uexp" 496
"../../../Engine/Plugins/Animation/ControlRig/Content/Controls/ControlRig_Arrow4_1mm.ubulk" 497
"../../../Engine/Plugins/Animation/ControlRig/Content/Controls/ControlRig_Arrow4_1mm.uasset" 498
"../../../Engine/Plugins/Animation/ControlRig/Content/Controls/ControlRig_Arrow4_1mm.uexp" 499
"../../../Engine/Plugins/Animation/ControlRig/Content/Controls/ControlRig_Arrow2_solid.ubulk" 500
"../../../Engine/Plugins/Animation/ControlRig/Content/Controls/ControlRig_Arrow2_solid.uasset" 501
"../../../Engine/Plugins/Animation/ControlRig/Content/Controls/ControlRig_Arrow2_solid.uexp" 502
"../../../Engine/Plugins/Animation/ControlRig/Content/Controls/ControlRig_Arrow2_3mm.ubulk" 503
"../../../Engine/Plugins/Animation/ControlRig/Content/Controls/ControlRig_Arrow2_3mm.uasset" 504
"../../../Engine/Plugins/Animation/ControlRig/Content/Controls/ControlRig_Arrow2_3mm.uexp" 505
"../../../Engine/Plugins/Animation/ControlRig/Content/Controls/ControlRig_Arrow2_1mm.ubulk" 506
"../../../Engine/Plugins/Animation/ControlRig/Content/Controls/ControlRig_Arrow2_1mm.uasset" 507
"../../../Engine/Plugins/Animation/ControlRig/Content/Controls/ControlRig_Arrow2_1mm.uexp" 508
"../../../Engine/Plugins/Animation/ControlRig/Content/Controls/ControlRigGizmoMaterial.uasset" 509
"../../../Engine/Plugins/Animation/ControlRig/Content/Controls/ControlRigGizmoMaterial.uexp" 510
"../../../Engine/Plugins/Editor/SpeedTreeImporter/Content/SpeedTree9/game_wind_noise.ubulk" 511
"../../../Engine/Plugins/Editor/SpeedTreeImporter/Content/SpeedTree9/game_wind_noise.uasset" 512
"../../../Engine/Plugins/Editor/SpeedTreeImporter/Content/SpeedTree9/game_wind_noise.uexp" 513
"../../../Engine/Plugins/Editor/SpeedTreeImporter/Content/SpeedTree9/UnpackDirection.uasset" 514
"../../../Engine/Plugins/Editor/SpeedTreeImporter/Content/SpeedTree9/UnpackDirection.uexp" 515
"../../../Engine/Content/Functions/Engine_MaterialFunctions02/ObjectLocalBounds.uasset" 516
"../../../Engine/Content/Functions/Engine_MaterialFunctions02/ObjectLocalBounds.uexp" 517
"../../../Engine/Content/Functions/Engine_MaterialFunctions02/UVs/BoundingBoxBased_0-1_UVW.uasset" 518
"../../../Engine/Content/Functions/Engine_MaterialFunctions02/UVs/BoundingBoxBased_0-1_UVW.uexp" 519
"../../../Engine/Content/Functions/Engine_MaterialFunctions02/Utility/VectorLength.uasset" 520
"../../../Engine/Content/Functions/Engine_MaterialFunctions02/Utility/VectorLength.uexp" 521
"../../../Engine/Plugins/Editor/SpeedTreeImporter/Content/SpeedTree9/UnpackInteger3.uasset" 522
"../../../Engine/Plugins/Editor/SpeedTreeImporter/Content/SpeedTree9/UnpackInteger3.uexp" 523
"../../../Engine/Plugins/Editor/SpeedTreeImporter/Content/SpeedTree9/SpeedTreeCameraFacing.uasset" 524
"../../../Engine/Plugins/Editor/SpeedTreeImporter/Content/SpeedTree9/SpeedTreeCameraFacing.uexp" 525
"../../../Engine/Content/Functions/Engine_MaterialFunctions02/WorldPositionOffset/ObjectScale.uasset" 526
"../../../Engine/Content/Functions/Engine_MaterialFunctions02/WorldPositionOffset/ObjectScale.uexp" 527
"../../../Engine/Content/Functions/Engine_MaterialFunctions02/SafeNormalize.uasset" 528
"../../../Engine/Content/Functions/Engine_MaterialFunctions02/SafeNormalize.uexp" 529
"../../../Engine/Plugins/Editor/SpeedTreeImporter/Content/SpeedTree9/SpeedTreeWindMotion.uasset" 530
"../../../Engine/Plugins/Editor/SpeedTreeImporter/Content/SpeedTree9/SpeedTreeWindMotion.uexp" 531
"../../../Engine/Plugins/Editor/SpeedTreeImporter/Content/SpeedTree9/SpeedTreeBranchMotion.uasset" 532
"../../../Engine/Plugins/Editor/SpeedTreeImporter/Content/SpeedTree9/SpeedTreeBranchMotion.uexp" 533
"../../../Engine/Plugins/Editor/SpeedTreeImporter/Content/SpeedTree9/SpeedTreeWind.uasset" 534
"../../../Engine/Plugins/Editor/SpeedTreeImporter/Content/SpeedTree9/SpeedTreeWind.uexp" 535
"../../../Engine/Plugins/Editor/SpeedTreeImporter/Content/SpeedTree9/EmptyNormal.uasset" 536
"../../../Engine/Plugins/Editor/SpeedTreeImporter/Content/SpeedTree9/EmptyNormal.uexp" 537
"../../../Engine/Plugins/Editor/SpeedTreeImporter/Content/SpeedTree9/Empty.uasset" 538
"../../../Engine/Plugins/Editor/SpeedTreeImporter/Content/SpeedTree9/Empty.uexp" 539
"../../../Engine/Plugins/Editor/SpeedTreeImporter/Content/SpeedTree9/SpeedTreeMaster.uasset" 540
"../../../Engine/Plugins/Editor/SpeedTreeImporter/Content/SpeedTree9/SpeedTreeMaster.uexp" 541
"../../../Engine/Plugins/Editor/SpeedTreeImporter/Content/SpeedTree9/SpeedTreeBillboard.uasset" 542
"../../../Engine/Plugins/Editor/SpeedTreeImporter/Content/SpeedTree9/SpeedTreeBillboard.uexp" 543
"../../../Engine/Plugins/Editor/SpeedTreeImporter/Content/SpeedTree9/SpeedTreeBillboardMaster.uasset" 544
"../../../Engine/Plugins/Editor/SpeedTreeImporter/Content/SpeedTree9/SpeedTreeBillboardMaster.uexp" 545
"../../../Engine/Plugins/Experimental/CommonUI/Content/DefaultMediaTexture.uasset" 546
"../../../Engine/Plugins/Experimental/CommonUI/Content/DefaultMediaTexture.uexp" 547
"../../../Engine/Plugins/Experimental/CommonUI/Content/VideoPlayerMaterial.uasset" 548
"../../../Engine/Plugins/Experimental/CommonUI/Content/VideoPlayerMaterial.uexp" 549
"../../../Engine/Plugins/Runtime/HairStrands/Content/Materials/HairMeshesDefaultMaterial.uasset" 550
"../../../Engine/Plugins/Runtime/HairStrands/Content/Materials/HairMeshesDefaultMaterial.uexp" 551
"../../../Engine/Plugins/Runtime/HairStrands/Content/Materials/HairDefaultMaterial.uasset" 552
"../../../Engine/Plugins/Runtime/HairStrands/Content/Materials/HairDefaultMaterial.uexp" 553
"../../../Engine/Plugins/Runtime/HairStrands/Content/Materials/HairGroupColors.uasset" 554
"../../../Engine/Plugins/Runtime/HairStrands/Content/Materials/HairGroupColors.uexp" 555
"../../../Engine/Content/EngineMaterials/HairColorMap.uasset" 556
"../../../Engine/Content/EngineMaterials/HairColorMap.uexp" 557
"../../../Engine/Content/EngineMaterials/HairDebugColor.uasset" 558
"../../../Engine/Content/EngineMaterials/HairDebugColor.uexp" 559
"../../../Engine/Plugins/Runtime/HairStrands/Content/Materials/HairDebugMaterial.uasset" 560
"../../../Engine/Plugins/Runtime/HairStrands/Content/Materials/HairDebugMaterial.uexp" 561
"../../../Engine/Plugins/Runtime/HairStrands/Content/Materials/HairCardsDefaultMaterial.uasset" 562
"../../../Engine/Plugins/Runtime/HairStrands/Content/Materials/HairCardsDefaultMaterial.uexp" 563
"C:/Users/micha/OneDrive/Documents/Unreal Projects/RTD/Content/Assets/Towers/Base/color_7720667.uasset" 564
"C:/Users/micha/OneDrive/Documents/Unreal Projects/RTD/Content/Assets/Towers/Base/color_7720667.uexp" 565
"C:/Users/micha/OneDrive/Documents/Unreal Projects/RTD/Content/Assets/Towers/Base/color_14093196.uasset" 566
"C:/Users/micha/OneDrive/Documents/Unreal Projects/RTD/Content/Assets/Towers/Base/color_14093196.uexp" 567
"C:/Users/micha/OneDrive/Documents/Unreal Projects/RTD/Content/Assets/Towers/Base/color_16089887.uasset" 568
"C:/Users/micha/OneDrive/Documents/Unreal Projects/RTD/Content/Assets/Towers/Base/color_16089887.uexp" 569
"C:/Users/micha/OneDrive/Documents/Unreal Projects/RTD/Content/Assets/Towers/Base/BaseTowerMerged_Merge_E1842AC1.ubulk" 570
"C:/Users/micha/OneDrive/Documents/Unreal Projects/RTD/Content/Assets/Towers/Base/BaseTowerMerged_Merge_E1842AC1.uasset" 571
"C:/Users/micha/OneDrive/Documents/Unreal Projects/RTD/Content/Assets/Towers/Base/BaseTowerMerged_Merge_E1842AC1.uexp" 572
"C:/Users/micha/OneDrive/Documents/Unreal Projects/RTD/Content/Blueprints/GriddleData.uasset" 573
"C:/Users/micha/OneDrive/Documents/Unreal Projects/RTD/Content/Blueprints/GriddleData.uexp" 574
"../../../Engine/Plugins/Marketplace/HexGrids/Content/HexGrids/Blueprints/HexGrid_Save.uasset" 575
"../../../Engine/Plugins/Marketplace/HexGrids/Content/HexGrids/Blueprints/HexGrid_Save.uexp" 576
"../../../Engine/Plugins/Marketplace/HexGrids/Content/HexGrids/Textures/T_TileMask.ubulk" 577
"../../../Engine/Plugins/Marketplace/HexGrids/Content/HexGrids/Textures/T_TileMask.uasset" 578
"../../../Engine/Plugins/Marketplace/HexGrids/Content/HexGrids/Textures/T_TileMask.uexp" 579
"../../../Engine/Plugins/Marketplace/HexGrids/Content/HexGrids/Materials/M_Hex.uasset" 580
"../../../Engine/Plugins/Marketplace/HexGrids/Content/HexGrids/Materials/M_Hex.uexp" 581
"../../../Engine/Plugins/Marketplace/HexGrids/Content/HexGrids/Meshes/HexTile_Basic.ubulk" 582
"../../../Engine/Plugins/Marketplace/HexGrids/Content/HexGrids/Meshes/HexTile_Basic.uasset" 583
"../../../Engine/Plugins/Marketplace/HexGrids/Content/HexGrids/Meshes/HexTile_Basic.uexp" 584
"../../../Engine/Plugins/Marketplace/HexGrids/Content/HexGrids/Materials/GhostTiles.uasset" 585
"../../../Engine/Plugins/Marketplace/HexGrids/Content/HexGrids/Materials/GhostTiles.uexp" 586
"../../../Engine/Plugins/Marketplace/HexGrids/Content/HexGrids/Textures/TilingNoise05.ubulk" 587
"../../../Engine/Plugins/Marketplace/HexGrids/Content/HexGrids/Textures/TilingNoise05.uasset" 588
"../../../Engine/Plugins/Marketplace/HexGrids/Content/HexGrids/Textures/TilingNoise05.uexp" 589
"../../../Engine/Plugins/Marketplace/HexGrids/Content/HexGrids/Materials/M_Hex_Ring.uasset" 590
"../../../Engine/Plugins/Marketplace/HexGrids/Content/HexGrids/Materials/M_Hex_Ring.uexp" 591
"../../../Engine/Plugins/Marketplace/HexGrids/Content/HexGrids/Meshes/SelectionTile_Smooth.ubulk" 592
"../../../Engine/Plugins/Marketplace/HexGrids/Content/HexGrids/Meshes/SelectionTile_Smooth.uasset" 593
"../../../Engine/Plugins/Marketplace/HexGrids/Content/HexGrids/Meshes/SelectionTile_Smooth.uexp" 594
"../../../Engine/Plugins/Marketplace/HexGrids/Content/HexGrids/Materials/M_Hex_Simple.uasset" 595
"../../../Engine/Plugins/Marketplace/HexGrids/Content/HexGrids/Materials/M_Hex_Simple.uexp" 596
"C:/Users/micha/OneDrive/Documents/Unreal Projects/RTD/Content/Blueprints/Building/Tower/ETargetPriority.uasset" 597
"C:/Users/micha/OneDrive/Documents/Unreal Projects/RTD/Content/Blueprints/Building/Tower/ETargetPriority.uexp" 598
"C:/Users/micha/OneDrive/Documents/Unreal Projects/RTD/Content/Blueprints/Building/BP_Building_Basic.uasset" 599
"C:/Users/micha/OneDrive/Documents/Unreal Projects/RTD/Content/Blueprints/Building/BP_Building_Basic.uexp" 600
"C:/Users/micha/OneDrive/Documents/Unreal Projects/RTD/Content/Blueprints/Building/Tower/ETargetMode.uasset" 601
"C:/Users/micha/OneDrive/Documents/Unreal Projects/RTD/Content/Blueprints/Building/Tower/ETargetMode.uexp" 602
"C:/Users/micha/OneDrive/Documents/Unreal Projects/RTD/Content/Assets/SplinePlane2.ubulk" 603
"C:/Users/micha/OneDrive/Documents/Unreal Projects/RTD/Content/Assets/SplinePlane2.uasset" 604
"C:/Users/micha/OneDrive/Documents/Unreal Projects/RTD/Content/Assets/SplinePlane2.uexp" 605
"../../../Engine/Content/EngineResources/AICON-Red.uasset" 606
"../../../Engine/Content/EngineResources/AICON-Red.uexp" 607
"C:/Users/micha/OneDrive/Documents/Unreal Projects/RTD/Content/Blueprints/Item/BP_Item_Basic.uasset" 608
"C:/Users/micha/OneDrive/Documents/Unreal Projects/RTD/Content/Blueprints/Item/BP_Item_Basic.uexp" 609
"../../../Engine/Content/BasicShapes/Sphere.ubulk" 610
"../../../Engine/Content/BasicShapes/Sphere.uasset" 611
"../../../Engine/Content/BasicShapes/Sphere.uexp" 612
"../../../Engine/Content/Functions/Engine_MaterialFunctions01/Gradient/LinearGradient.uasset" 613
"../../../Engine/Content/Functions/Engine_MaterialFunctions01/Gradient/LinearGradient.uexp" 614
"../../../Engine/Content/Functions/Engine_MaterialFunctions02/Gradients/SmoothCurve.uasset" 615
"../../../Engine/Content/Functions/Engine_MaterialFunctions02/Gradients/SmoothCurve.uexp" 616
"C:/Users/micha/OneDrive/Documents/Unreal Projects/RTD/Content/Assets/Towers/RangeSpline.uasset" 617
"C:/Users/micha/OneDrive/Documents/Unreal Projects/RTD/Content/Assets/Towers/RangeSpline.uexp" 618
"../../../Engine/Plugins/Marketplace/HexGrids/Content/HexGrids/Blueprints/ExampleContent/PathfindingExample/Pathfinding_TPP_Mat.uasset" 619
"../../../Engine/Plugins/Marketplace/HexGrids/Content/HexGrids/Blueprints/ExampleContent/PathfindingExample/Pathfinding_TPP_Mat.uexp" 620
"../../../Engine/Content/Animation/DefaultAnimCurveCompressionSettings.uasset" 621
"../../../Engine/Content/Animation/DefaultAnimCurveCompressionSettings.uexp" 622
"../../../Engine/Content/Tutorial/SubEditors/TutorialAssets/Character/TutorialTPP_Skeleton.uasset" 623
"../../../Engine/Content/Tutorial/SubEditors/TutorialAssets/Character/TutorialTPP_Skeleton.uexp" 624
"../../../Engine/Content/Animation/DefaultAnimBoneCompressionSettings.uasset" 625
"../../../Engine/Content/Animation/DefaultAnimBoneCompressionSettings.uexp" 626
"../../../Engine/Content/Tutorial/SubEditors/TutorialAssets/Character/Tutorial_Idle.uasset" 627
"../../../Engine/Content/Tutorial/SubEditors/TutorialAssets/Character/Tutorial_Idle.uexp" 628
"../../../Engine/Content/Tutorial/SubEditors/TutorialAssets/Character/TutorialTPP_Mat.uasset" 629
"../../../Engine/Content/Tutorial/SubEditors/TutorialAssets/Character/TutorialTPP_Mat.uexp" 630
"../../../Engine/Content/Tutorial/SubEditors/TutorialAssets/Character/TutorialTPP_PhysicsAsset.uasset" 631
"../../../Engine/Content/Tutorial/SubEditors/TutorialAssets/Character/TutorialTPP_PhysicsAsset.uexp" 632
"../../../Engine/Plugins/Marketplace/HexGrids/Content/HexGrids/Blueprints/ExampleContent/PathfindingExample/Pathfinding_TPP.uasset" 633
"../../../Engine/Plugins/Marketplace/HexGrids/Content/HexGrids/Blueprints/ExampleContent/PathfindingExample/Pathfinding_TPP.uexp" 634
"C:/Users/micha/OneDrive/Documents/Unreal Projects/RTD/Content/Blueprints/Mobs/WBP_HealthBar.uasset" 635
"C:/Users/micha/OneDrive/Documents/Unreal Projects/RTD/Content/Blueprints/Mobs/WBP_HealthBar.uexp" 636
"../../../Engine/Plugins/Marketplace/HexGrids/Content/HexGrids/Textures/T_Arrow.ubulk" 637
"../../../Engine/Plugins/Marketplace/HexGrids/Content/HexGrids/Textures/T_Arrow.uasset" 638
"../../../Engine/Plugins/Marketplace/HexGrids/Content/HexGrids/Textures/T_Arrow.uexp" 639
"C:/Users/micha/OneDrive/Documents/Unreal Projects/RTD/Content/Assets/PathSpline.uasset" 640
"C:/Users/micha/OneDrive/Documents/Unreal Projects/RTD/Content/Assets/PathSpline.uexp" 641
"C:/Users/micha/OneDrive/Documents/Unreal Projects/RTD/Content/Assets/BaseMesh.ubulk" 642
"C:/Users/micha/OneDrive/Documents/Unreal Projects/RTD/Content/Assets/BaseMesh.uasset" 643
"C:/Users/micha/OneDrive/Documents/Unreal Projects/RTD/Content/Assets/BaseMesh.uexp" 644
"C:/Users/micha/OneDrive/Documents/Unreal Projects/RTD/Content/Blueprints/Building/BP_Building_Home.uasset" 645
"C:/Users/micha/OneDrive/Documents/Unreal Projects/RTD/Content/Blueprints/Building/BP_Building_Home.uexp" 646
"C:/Users/micha/OneDrive/Documents/Unreal Projects/RTD/Content/Blueprints/Mobs/BP_Path_End.uasset" 647
"C:/Users/micha/OneDrive/Documents/Unreal Projects/RTD/Content/Blueprints/Mobs/BP_Path_End.uexp" 648
"C:/Users/micha/OneDrive/Documents/Unreal Projects/RTD/Content/Blueprints/Map/E_TileType.uasset" 649
"C:/Users/micha/OneDrive/Documents/Unreal Projects/RTD/Content/Blueprints/Map/E_TileType.uexp" 650
"C:/Users/micha/OneDrive/Documents/Unreal Projects/RTD/Content/Assets/Tiles/TileDataAsset.uasset" 651
"C:/Users/micha/OneDrive/Documents/Unreal Projects/RTD/Content/Assets/Tiles/TileDataAsset.uexp" 652
"../../../Engine/Plugins/Marketplace/HexGrids/Content/HexGrids/Blueprints/MultiInstanceExample/MultiInstanceHolder.uasset" 653
"../../../Engine/Plugins/Marketplace/HexGrids/Content/HexGrids/Blueprints/MultiInstanceExample/MultiInstanceHolder.uexp" 654
"C:/Users/micha/OneDrive/Documents/Unreal Projects/RTD/Content/Assets/Turret.ubulk" 655
"C:/Users/micha/OneDrive/Documents/Unreal Projects/RTD/Content/Assets/Turret.uasset" 656
"C:/Users/micha/OneDrive/Documents/Unreal Projects/RTD/Content/Assets/Turret.uexp" 657
"C:/Users/micha/OneDrive/Documents/Unreal Projects/RTD/Content/Blueprints/Building/BP_Building_Turret.uasset" 658
"C:/Users/micha/OneDrive/Documents/Unreal Projects/RTD/Content/Blueprints/Building/BP_Building_Turret.uexp" 659
"../../../Engine/Content/EditorBlueprintResources/StandardMacros.uasset" 660
"../../../Engine/Content/EditorBlueprintResources/StandardMacros.uexp" 661
"C:/Users/micha/OneDrive/Documents/Unreal Projects/RTD/Content/Blueprints/Mobs/BP_Path_Start.uasset" 662
"C:/Users/micha/OneDrive/Documents/Unreal Projects/RTD/Content/Blueprints/Mobs/BP_Path_Start.uexp" 663
"C:/Users/micha/OneDrive/Documents/Unreal Projects/RTD/Content/Assets/GateMesh.ubulk" 664
"C:/Users/micha/OneDrive/Documents/Unreal Projects/RTD/Content/Assets/GateMesh.uasset" 665
"C:/Users/micha/OneDrive/Documents/Unreal Projects/RTD/Content/Assets/GateMesh.uexp" 666
"C:/Users/micha/OneDrive/Documents/Unreal Projects/RTD/Content/Assets/WallMesh.ubulk" 667
"C:/Users/micha/OneDrive/Documents/Unreal Projects/RTD/Content/Assets/WallMesh.uasset" 668
"C:/Users/micha/OneDrive/Documents/Unreal Projects/RTD/Content/Assets/WallMesh.uexp" 669
"C:/Users/micha/OneDrive/Documents/Unreal Projects/RTD/Content/Blueprints/Building/BP_Building_Wall.uasset" 670
"C:/Users/micha/OneDrive/Documents/Unreal Projects/RTD/Content/Blueprints/Building/BP_Building_Wall.uexp" 671
"../../../Engine/Plugins/Marketplace/HexGrids/Content/HexGrids/Materials/M_Hex_Alt.uasset" 672
"../../../Engine/Plugins/Marketplace/HexGrids/Content/HexGrids/Materials/M_Hex_Alt.uexp" 673
"C:/Users/micha/OneDrive/Documents/Unreal Projects/RTD/Content/Assets/Tiles/ground/GroundHexGrass.ubulk" 674
"C:/Users/micha/OneDrive/Documents/Unreal Projects/RTD/Content/Assets/Tiles/ground/GroundHexGrass.uasset" 675
"C:/Users/micha/OneDrive/Documents/Unreal Projects/RTD/Content/Assets/Tiles/ground/GroundHexGrass.uexp" 676
"C:/Users/micha/OneDrive/Documents/Unreal Projects/RTD/Content/Blueprints/Mobs/BP_WaveDirector.uasset" 677
"C:/Users/micha/OneDrive/Documents/Unreal Projects/RTD/Content/Blueprints/Mobs/BP_WaveDirector.uexp" 678
"C:/Users/micha/OneDrive/Documents/Unreal Projects/RTD/Content/UI/Images/fonts/CinzelDecorative-Bold.uexp" 679
"C:/Users/micha/OneDrive/Documents/Unreal Projects/RTD/Content/UI/Images/fonts/CinzelDecorative-Bold.uasset" 680
"C:/Users/micha/OneDrive/Documents/Unreal Projects/RTD/Content/UI/Images/fonts/CinzelDecorative-Bold.ufont" 681
"C:/Users/micha/OneDrive/Documents/Unreal Projects/RTD/Content/UI/Images/fonts/CinzelDecorative-Bold_Font.uasset" 682
"C:/Users/micha/OneDrive/Documents/Unreal Projects/RTD/Content/UI/Images/fonts/CinzelDecorative-Bold_Font.uexp" 683
"C:/Users/micha/OneDrive/Documents/Unreal Projects/RTD/Content/UI/Styles/CUI_TextStyle_Hovered.uasset" 684
"C:/Users/micha/OneDrive/Documents/Unreal Projects/RTD/Content/UI/Styles/CUI_TextStyle_Hovered.uexp" 685
"C:/Users/micha/OneDrive/Documents/Unreal Projects/RTD/Content/UI/Images/thumbnails/thumbnail_active.uasset" 686
"C:/Users/micha/OneDrive/Documents/Unreal Projects/RTD/Content/UI/Images/thumbnails/thumbnail_active.uexp" 687
"C:/Users/micha/OneDrive/Documents/Unreal Projects/RTD/Content/UI/Images/thumbnails/thumbnail_gold.uasset" 688
"C:/Users/micha/OneDrive/Documents/Unreal Projects/RTD/Content/UI/Images/thumbnails/thumbnail_gold.uexp" 689
"C:/Users/micha/OneDrive/Documents/Unreal Projects/RTD/Content/UI/Images/thumbnails/thumbnail_border.uasset" 690
"C:/Users/micha/OneDrive/Documents/Unreal Projects/RTD/Content/UI/Images/thumbnails/thumbnail_border.uexp" 691
"C:/Users/micha/OneDrive/Documents/Unreal Projects/RTD/Content/UI/Styles/CUI_TextStyle_Selected.uasset" 692
"C:/Users/micha/OneDrive/Documents/Unreal Projects/RTD/Content/UI/Styles/CUI_TextStyle_Selected.uexp" 693
"C:/Users/micha/OneDrive/Documents/Unreal Projects/RTD/Content/UI/Images/thumbnails/thumbnail_click.uasset" 694
"C:/Users/micha/OneDrive/Documents/Unreal Projects/RTD/Content/UI/Images/thumbnails/thumbnail_click.uexp" 695
"C:/Users/micha/OneDrive/Documents/Unreal Projects/RTD/Content/UI/Styles/CUI_TextStyle_Normal.uasset" 696
"C:/Users/micha/OneDrive/Documents/Unreal Projects/RTD/Content/UI/Styles/CUI_TextStyle_Normal.uexp" 697
"C:/Users/micha/OneDrive/Documents/Unreal Projects/RTD/Content/UI/Styles/CUI_ItemButtonStyle.uasset" 698
"C:/Users/micha/OneDrive/Documents/Unreal Projects/RTD/Content/UI/Styles/CUI_ItemButtonStyle.uexp" 699
"C:/Users/micha/OneDrive/Documents/Unreal Projects/RTD/Content/Blueprints/Scout/WBP_Scout.uasset" 700
"C:/Users/micha/OneDrive/Documents/Unreal Projects/RTD/Content/Blueprints/Scout/WBP_Scout.uexp" 701
"C:/Users/micha/OneDrive/Documents/Unreal Projects/RTD/Content/UI/ScoutButton.uasset" 702
"C:/Users/micha/OneDrive/Documents/Unreal Projects/RTD/Content/UI/ScoutButton.uexp" 703
"C:/Users/micha/OneDrive/Documents/Unreal Projects/RTD/Content/Blueprints/Map/BP_ScoutAreaButton.uasset" 704
"C:/Users/micha/OneDrive/Documents/Unreal Projects/RTD/Content/Blueprints/Map/BP_ScoutAreaButton.uexp" 705
"C:/Users/micha/OneDrive/Documents/Unreal Projects/RTD/Content/Blueprints/GM/BP_GS_TowerDefense.uasset" 706
"C:/Users/micha/OneDrive/Documents/Unreal Projects/RTD/Content/Blueprints/GM/BP_GS_TowerDefense.uexp" 707
"C:/Users/micha/OneDrive/Documents/Unreal Projects/RTD/Content/Assets/Tiles/surface/HexTileGrass5.ubulk" 708
"C:/Users/micha/OneDrive/Documents/Unreal Projects/RTD/Content/Assets/Tiles/surface/HexTileGrass5.uasset" 709
"C:/Users/micha/OneDrive/Documents/Unreal Projects/RTD/Content/Assets/Tiles/surface/HexTileGrass5.uexp" 710
"C:/Users/micha/OneDrive/Documents/Unreal Projects/RTD/Content/Assets/Towers/Base/DemoPic.uasset" 711
"C:/Users/micha/OneDrive/Documents/Unreal Projects/RTD/Content/Assets/Towers/Base/DemoPic.uexp" 712
"C:/Users/micha/OneDrive/Documents/Unreal Projects/RTD/Content/Blueprints/Building/Tower/BaseTower/BP_TowerData_Basic.uasset" 713
"C:/Users/micha/OneDrive/Documents/Unreal Projects/RTD/Content/Blueprints/Building/Tower/BaseTower/BP_TowerData_Basic.uexp" 714
"C:/Users/micha/OneDrive/Documents/Unreal Projects/RTD/Content/Blueprints/Map/BP_MacroHexHandler.uasset" 715
"C:/Users/micha/OneDrive/Documents/Unreal Projects/RTD/Content/Blueprints/Map/BP_MacroHexHandler.uexp" 716
"C:/Users/micha/OneDrive/Documents/Unreal Projects/RTD/Content/Blueprints/Mobs/BP_Path_Node.uasset" 717
"C:/Users/micha/OneDrive/Documents/Unreal Projects/RTD/Content/Blueprints/Mobs/BP_Path_Node.uexp" 718
"../../../Engine/Content/Tutorial/SubEditors/TutorialAssets/Character/Tutorial_Walk_Fwd.uasset" 719
"../../../Engine/Content/Tutorial/SubEditors/TutorialAssets/Character/Tutorial_Walk_Fwd.uexp" 720
"../../../Engine/Content/Tutorial/SubEditors/TutorialAssets/Character/NewBlendSpace1D.uasset" 721
"../../../Engine/Content/Tutorial/SubEditors/TutorialAssets/Character/NewBlendSpace1D.uexp" 722
"C:/Users/micha/OneDrive/Documents/Unreal Projects/RTD/Content/Blueprints/Mobs/ABP_Enemy_Walking.uasset" 723
"C:/Users/micha/OneDrive/Documents/Unreal Projects/RTD/Content/Blueprints/Mobs/ABP_Enemy_Walking.uexp" 724
"../../../Engine/Content/BasicShapes/BasicShapeMaterial.uasset" 725
"../../../Engine/Content/BasicShapes/BasicShapeMaterial.uexp" 726
"C:/Users/micha/OneDrive/Documents/Unreal Projects/RTD/Content/Blueprints/Mobs/BP_Enemy_Base_01.uasset" 727
"C:/Users/micha/OneDrive/Documents/Unreal Projects/RTD/Content/Blueprints/Mobs/BP_Enemy_Base_01.uexp" 728
"../../../Engine/Content/BasicShapes/Cone.ubulk" 729
"../../../Engine/Content/BasicShapes/Cone.uasset" 730
"../../../Engine/Content/BasicShapes/Cone.uexp" 731
"C:/Users/micha/OneDrive/Documents/Unreal Projects/RTD/Content/Blueprints/Building/Tower/BaseTower/BP_Tower_Basic.uasset" 732
"C:/Users/micha/OneDrive/Documents/Unreal Projects/RTD/Content/Blueprints/Building/Tower/BaseTower/BP_Tower_Basic.uexp" 733
"../../../Engine/Plugins/Marketplace/HexGrids/Content/HexGrids/Blueprints/AnimateComponents/StaticMeshDropTIleComponent.uasset" 734
"../../../Engine/Plugins/Marketplace/HexGrids/Content/HexGrids/Blueprints/AnimateComponents/StaticMeshDropTIleComponent.uexp" 735
"../../../Engine/Plugins/Marketplace/HexGrids/Content/HexGrids/Materials/M_HexSteel.uasset" 736
"../../../Engine/Plugins/Marketplace/HexGrids/Content/HexGrids/Materials/M_HexSteel.uexp" 737
"../../../Engine/Plugins/Marketplace/HexGrids/Content/HexGrids/Materials/M_HexGhost.uasset" 738
"../../../Engine/Plugins/Marketplace/HexGrids/Content/HexGrids/Materials/M_HexGhost.uexp" 739
"../../../Engine/Content/Functions/Engine_MaterialFunctions02/ExampleContent/Textures/LowResBlurredNoise.uasset" 740
"../../../Engine/Content/Functions/Engine_MaterialFunctions02/ExampleContent/Textures/LowResBlurredNoise.uexp" 741
"C:/Users/micha/OneDrive/Documents/Unreal Projects/RTD/Content/Assets/Tiles/materials/Selection.uasset" 742
"C:/Users/micha/OneDrive/Documents/Unreal Projects/RTD/Content/Assets/Tiles/materials/Selection.uexp" 743
"../../../Engine/Plugins/Marketplace/HexGrids/Content/HexGrids/Blueprints/AnimateComponents/StaticMeshScaleTIleComponent.uasset" 744
"../../../Engine/Plugins/Marketplace/HexGrids/Content/HexGrids/Blueprints/AnimateComponents/StaticMeshScaleTIleComponent.uexp" 745
"../../../Engine/Plugins/Marketplace/HexGrids/Content/HexGrids/Materials/M_HexSelection.uasset" 746
"../../../Engine/Plugins/Marketplace/HexGrids/Content/HexGrids/Materials/M_HexSelection.uexp" 747
"C:/Users/micha/OneDrive/Documents/Unreal Projects/RTD/Content/Assets/Tiles/materials/SelectionInvalid.uasset" 748
"C:/Users/micha/OneDrive/Documents/Unreal Projects/RTD/Content/Assets/Tiles/materials/SelectionInvalid.uexp" 749
"../../../Engine/Plugins/Marketplace/HexGrids/Content/HexGrids/Blueprints/Libraries/HexMacroLibrary.uasset" 750
"../../../Engine/Plugins/Marketplace/HexGrids/Content/HexGrids/Blueprints/Libraries/HexMacroLibrary.uexp" 751
"C:/Users/micha/OneDrive/Documents/Unreal Projects/RTD/Content/Blueprints/Map/BP_TowerPlacer.uasset" 752
"C:/Users/micha/OneDrive/Documents/Unreal Projects/RTD/Content/Blueprints/Map/BP_TowerPlacer.uexp" 753
"C:/Users/micha/OneDrive/Documents/Unreal Projects/RTD/Content/Blueprints/Player/AC_TowerPlacer.uasset" 754
"C:/Users/micha/OneDrive/Documents/Unreal Projects/RTD/Content/Blueprints/Player/AC_TowerPlacer.uexp" 755
"C:/Users/micha/OneDrive/Documents/Unreal Projects/RTD/Content/UI/Images/bars/scrollbar_active.uasset" 756
"C:/Users/micha/OneDrive/Documents/Unreal Projects/RTD/Content/UI/Images/bars/scrollbar_active.uexp" 757
"C:/Users/micha/OneDrive/Documents/Unreal Projects/RTD/Content/UI/Images/bars/scrollbar_inactive.uasset" 758
"C:/Users/micha/OneDrive/Documents/Unreal Projects/RTD/Content/UI/Images/bars/scrollbar_inactive.uexp" 759
"C:/Users/micha/OneDrive/Documents/Unreal Projects/RTD/Content/UI/Images/bg_mainmenu.uasset" 760
"C:/Users/micha/OneDrive/Documents/Unreal Projects/RTD/Content/UI/Images/bg_mainmenu.uexp" 761
"C:/Users/micha/OneDrive/Documents/Unreal Projects/RTD/Content/UI/CUI_TTile.uasset" 762
"C:/Users/micha/OneDrive/Documents/Unreal Projects/RTD/Content/UI/CUI_TTile.uexp" 763
"C:/Users/micha/OneDrive/Documents/Unreal Projects/RTD/Content/UI/Images/fonts/Marcellus-Regular.uexp" 764
"C:/Users/micha/OneDrive/Documents/Unreal Projects/RTD/Content/UI/Images/fonts/Marcellus-Regular.uasset" 765
"C:/Users/micha/OneDrive/Documents/Unreal Projects/RTD/Content/UI/Images/fonts/Marcellus-Regular.ufont" 766
"C:/Users/micha/OneDrive/Documents/Unreal Projects/RTD/Content/UI/Images/fonts/Marcellus-Regular_Font.uasset" 767
"C:/Users/micha/OneDrive/Documents/Unreal Projects/RTD/Content/UI/Images/fonts/Marcellus-Regular_Font.uexp" 768
"C:/Users/micha/OneDrive/Documents/Unreal Projects/RTD/Content/UI/Images/blanks/tab_blank_inactive.uasset" 769
"C:/Users/micha/OneDrive/Documents/Unreal Projects/RTD/Content/UI/Images/blanks/tab_blank_inactive.uexp" 770
"C:/Users/micha/OneDrive/Documents/Unreal Projects/RTD/Content/UI/Images/blanks/tab_blank_active.uasset" 771
"C:/Users/micha/OneDrive/Documents/Unreal Projects/RTD/Content/UI/Images/blanks/tab_blank_active.uexp" 772
"C:/Users/micha/OneDrive/Documents/Unreal Projects/RTD/Content/UI/Images/blanks/tab_blank_hover.uasset" 773
"C:/Users/micha/OneDrive/Documents/Unreal Projects/RTD/Content/UI/Images/blanks/tab_blank_hover.uexp" 774
"C:/Users/micha/OneDrive/Documents/Unreal Projects/RTD/Content/UI/Styles/CUI_TabButtonStyle.uasset" 775
"C:/Users/micha/OneDrive/Documents/Unreal Projects/RTD/Content/UI/Styles/CUI_TabButtonStyle.uexp" 776
"C:/Users/micha/OneDrive/Documents/Unreal Projects/RTD/Content/UI/TabTag.uasset" 777
"C:/Users/micha/OneDrive/Documents/Unreal Projects/RTD/Content/UI/TabTag.uexp" 778
"C:/Users/micha/OneDrive/Documents/Unreal Projects/RTD/Content/UI/CUI_CTab.uasset" 779
"C:/Users/micha/OneDrive/Documents/Unreal Projects/RTD/Content/UI/CUI_CTab.uexp" 780
"C:/Users/micha/OneDrive/Documents/Unreal Projects/RTD/Content/UI/Images/buttons/button_back_click.uasset" 781
"C:/Users/micha/OneDrive/Documents/Unreal Projects/RTD/Content/UI/Images/buttons/button_back_click.uexp" 782
"C:/Users/micha/OneDrive/Documents/Unreal Projects/RTD/Content/UI/Images/bars/border_dark_large.uasset" 783
"C:/Users/micha/OneDrive/Documents/Unreal Projects/RTD/Content/UI/Images/bars/border_dark_large.uexp" 784
"C:/Users/micha/OneDrive/Documents/Unreal Projects/RTD/Content/UI/Images/buttons/button_back_active.uasset" 785
"C:/Users/micha/OneDrive/Documents/Unreal Projects/RTD/Content/UI/Images/buttons/button_back_active.uexp" 786
"C:/Users/micha/OneDrive/Documents/Unreal Projects/RTD/Content/UI/Images/blanks/button_blank_hover.uasset" 787
"C:/Users/micha/OneDrive/Documents/Unreal Projects/RTD/Content/UI/Images/blanks/button_blank_hover.uexp" 788
"C:/Users/micha/OneDrive/Documents/Unreal Projects/RTD/Content/UI/Images/bars/loadingbar_gradient.uasset" 789
"C:/Users/micha/OneDrive/Documents/Unreal Projects/RTD/Content/UI/Images/bars/loadingbar_gradient.uexp" 790
"C:/Users/micha/OneDrive/Documents/Unreal Projects/RTD/Content/UI/Images/bg_sidebar.uasset" 791
"C:/Users/micha/OneDrive/Documents/Unreal Projects/RTD/Content/UI/Images/bg_sidebar.uexp" 792
"C:/Users/micha/OneDrive/Documents/Unreal Projects/RTD/Content/UI/Images/blanks/button_blank_active.uasset" 793
"C:/Users/micha/OneDrive/Documents/Unreal Projects/RTD/Content/UI/Images/blanks/button_blank_active.uexp" 794
"C:/Users/micha/OneDrive/Documents/Unreal Projects/RTD/Content/UI/Styles/CUI_TextStyle_Minor.uasset" 795
"C:/Users/micha/OneDrive/Documents/Unreal Projects/RTD/Content/UI/Styles/CUI_TextStyle_Minor.uexp" 796
"C:/Users/micha/OneDrive/Documents/Unreal Projects/RTD/Content/UI/Images/buttons/button_back_hover.uasset" 797
"C:/Users/micha/OneDrive/Documents/Unreal Projects/RTD/Content/UI/Images/buttons/button_back_hover.uexp" 798
"C:/Users/micha/OneDrive/Documents/Unreal Projects/RTD/Content/UI/Images/blanks/button_blank_click.uasset" 799
"C:/Users/micha/OneDrive/Documents/Unreal Projects/RTD/Content/UI/Images/blanks/button_blank_click.uexp" 800
"C:/Users/micha/OneDrive/Documents/Unreal Projects/RTD/Content/UI/UPSellButton.uasset" 801
"C:/Users/micha/OneDrive/Documents/Unreal Projects/RTD/Content/UI/UPSellButton.uexp" 802
"C:/Users/micha/OneDrive/Documents/Unreal Projects/RTD/Content/UI/Images/bars/border_light_large.uasset" 803
"C:/Users/micha/OneDrive/Documents/Unreal Projects/RTD/Content/UI/Images/bars/border_light_large.uexp" 804
"C:/Users/micha/OneDrive/Documents/Unreal Projects/RTD/Content/UI/CUI_StartScreen.uasset" 805
"C:/Users/micha/OneDrive/Documents/Unreal Projects/RTD/Content/UI/CUI_StartScreen.uexp" 806
"../../../Engine/Content/Functions/Engine_MaterialFunctions02/ExampleContent/TextureBasedWPO/DemoBox.uasset" 807
"../../../Engine/Content/Functions/Engine_MaterialFunctions02/ExampleContent/TextureBasedWPO/DemoBox.uexp" 808
"C:/Users/micha/OneDrive/Documents/Unreal Projects/RTD/Content/Blueprints/Player/UI/WBP_TowerList.uasset" 809
"C:/Users/micha/OneDrive/Documents/Unreal Projects/RTD/Content/Blueprints/Player/UI/WBP_TowerList.uexp" 810
"C:/Users/micha/OneDrive/Documents/Unreal Projects/RTD/Content/Blueprints/Player/UI/WBP_ItemList.uasset" 811
"C:/Users/micha/OneDrive/Documents/Unreal Projects/RTD/Content/Blueprints/Player/UI/WBP_ItemList.uexp" 812
"C:/Users/micha/OneDrive/Documents/Unreal Projects/RTD/Content/Assets/tab_test.uasset" 813
"C:/Users/micha/OneDrive/Documents/Unreal Projects/RTD/Content/Assets/tab_test.uexp" 814
"C:/Users/micha/OneDrive/Documents/Unreal Projects/RTD/Content/Blueprints/Player/UI/WBP_InGameUI.uasset" 815
"C:/Users/micha/OneDrive/Documents/Unreal Projects/RTD/Content/Blueprints/Player/UI/WBP_InGameUI.uexp" 816
"../../../Engine/Plugins/Animation/ControlRig/Content/Controls/ControlRig_Diamond_solid.ubulk" 817
"../../../Engine/Plugins/Animation/ControlRig/Content/Controls/ControlRig_Diamond_solid.uasset" 818
"../../../Engine/Plugins/Animation/ControlRig/Content/Controls/ControlRig_Diamond_solid.uexp" 819
"C:/Users/micha/OneDrive/Documents/Unreal Projects/RTD/Content/Blueprints/Building/Projectiles/BP_Projectile_Basic.uasset" 820
"C:/Users/micha/OneDrive/Documents/Unreal Projects/RTD/Content/Blueprints/Building/Projectiles/BP_Projectile_Basic.uexp" 821
"C:/Users/micha/OneDrive/Documents/Unreal Projects/RTD/Content/Blueprints/Building/Tower/BaseTowerProj/BP_Tower_Projectile.uasset" 822
"C:/Users/micha/OneDrive/Documents/Unreal Projects/RTD/Content/Blueprints/Building/Tower/BaseTowerProj/BP_Tower_Projectile.uexp" 823
"C:/Users/micha/OneDrive/Documents/Unreal Projects/RTD/Content/Blueprints/Building/Tower/BaseTowerProj/BP_TowerData_Projectile.uasset" 824
"C:/Users/micha/OneDrive/Documents/Unreal Projects/RTD/Content/Blueprints/Building/Tower/BaseTowerProj/BP_TowerData_Projectile.uexp" 825
"C:/Users/micha/OneDrive/Documents/Unreal Projects/RTD/Content/Blueprints/Building/Tower/ETowerType.uasset" 826
"C:/Users/micha/OneDrive/Documents/Unreal Projects/RTD/Content/Blueprints/Building/Tower/ETowerType.uexp" 827
"../../../Engine/Content/VREditor/LaserPointer/LaserPointerMaterial.uasset" 828
"../../../Engine/Content/VREditor/LaserPointer/LaserPointerMaterial.uexp" 829
"../../../Engine/Content/VREditor/LaserPointer/LaserPointerMaterialInst.uasset" 830
"../../../Engine/Content/VREditor/LaserPointer/LaserPointerMaterialInst.uexp" 831
"../../../Engine/Content/VREditor/LaserPointer/TranslucentLaserPointerMaterialInst.uasset" 832
"../../../Engine/Content/VREditor/LaserPointer/TranslucentLaserPointerMaterialInst.uexp" 833
"C:/Users/micha/OneDrive/Documents/Unreal Projects/RTD/Content/Blueprints/Building/Tower/BaseTowerBeam/BP_Beam_Basic.uasset" 834
"C:/Users/micha/OneDrive/Documents/Unreal Projects/RTD/Content/Blueprints/Building/Tower/BaseTowerBeam/BP_Beam_Basic.uexp" 835
"../../../Engine/Content/VREditor/LaserPointer/CursorPointer.ubulk" 836
"../../../Engine/Content/VREditor/LaserPointer/CursorPointer.uasset" 837
"../../../Engine/Content/VREditor/LaserPointer/CursorPointer.uexp" 838
"C:/Users/micha/OneDrive/Documents/Unreal Projects/RTD/Content/Blueprints/Building/Tower/BaseTowerBeam/BP_Tower_Beam.uasset" 839
"C:/Users/micha/OneDrive/Documents/Unreal Projects/RTD/Content/Blueprints/Building/Tower/BaseTowerBeam/BP_Tower_Beam.uexp" 840
"C:/Users/micha/OneDrive/Documents/Unreal Projects/RTD/Content/Blueprints/Building/Tower/BaseTowerBeam/BP_TowerData_Beam.uasset" 841
"C:/Users/micha/OneDrive/Documents/Unreal Projects/RTD/Content/Blueprints/Building/Tower/BaseTowerBeam/BP_TowerData_Beam.uexp" 842
"../../../Engine/Plugins/Animation/ControlRig/Content/Controls/ControlRig_Box_solid.ubulk" 843
"../../../Engine/Plugins/Animation/ControlRig/Content/Controls/ControlRig_Box_solid.uasset" 844
"../../../Engine/Plugins/Animation/ControlRig/Content/Controls/ControlRig_Box_solid.uexp" 845
"C:/Users/micha/OneDrive/Documents/Unreal Projects/RTD/Content/Blueprints/Building/Tower/BaseTowerAoe/BP_Tower_AOE.uasset" 846
"C:/Users/micha/OneDrive/Documents/Unreal Projects/RTD/Content/Blueprints/Building/Tower/BaseTowerAoe/BP_Tower_AOE.uexp" 847
"C:/Users/micha/OneDrive/Documents/Unreal Projects/RTD/Content/Blueprints/Building/Tower/BaseTowerAoe/BP_TowerData_AOE.uasset" 848
"C:/Users/micha/OneDrive/Documents/Unreal Projects/RTD/Content/Blueprints/Building/Tower/BaseTowerAoe/BP_TowerData_AOE.uexp" 849
"C:/Users/micha/OneDrive/Documents/Unreal Projects/RTD/Content/Blueprints/Building/Tower/TowerTypeData.uasset" 850
"C:/Users/micha/OneDrive/Documents/Unreal Projects/RTD/Content/Blueprints/Building/Tower/TowerTypeData.uexp" 851
"C:/Users/micha/OneDrive/Documents/Unreal Projects/RTD/Content/Blueprints/Player/BP_Character_TD.uasset" 852
"C:/Users/micha/OneDrive/Documents/Unreal Projects/RTD/Content/Blueprints/Player/BP_Character_TD.uexp" 853
"C:/Users/micha/OneDrive/Documents/Unreal Projects/RTD/Content/Blueprints/Player/UI/BP_PlayerHud.uasset" 854
"C:/Users/micha/OneDrive/Documents/Unreal Projects/RTD/Content/Blueprints/Player/UI/BP_PlayerHud.uexp" 855
"C:/Users/micha/OneDrive/Documents/Unreal Projects/RTD/Content/Blueprints/GM/BP_GM_TowerDefense.uasset" 856
"C:/Users/micha/OneDrive/Documents/Unreal Projects/RTD/Content/Blueprints/GM/BP_GM_TowerDefense.uexp" 857
"C:/Users/micha/OneDrive/Documents/Unreal Projects/RTD/Content/Assets/Tiles/TileGrass.ubulk" 858
"C:/Users/micha/OneDrive/Documents/Unreal Projects/RTD/Content/Assets/Tiles/TileGrass.uasset" 859
"C:/Users/micha/OneDrive/Documents/Unreal Projects/RTD/Content/Assets/Tiles/TileGrass.uexp" 860
"../../../Engine/Content/Functions/Engine_MaterialFunctions01/Texturing/FlattenNormal.uasset" 861
"../../../Engine/Content/Functions/Engine_MaterialFunctions01/Texturing/FlattenNormal.uexp" 862
"../../../Engine/Content/Functions/Engine_MaterialFunctions02/Texturing/CustomRotator.uasset" 863
"../../../Engine/Content/Functions/Engine_MaterialFunctions02/Texturing/CustomRotator.uexp" 864
"../../../Engine/Plugins/Enterprise/DatasmithContent/Content/Materials/FBXImporter/DeltaGenUVEdit.uasset" 865
"../../../Engine/Plugins/Enterprise/DatasmithContent/Content/Materials/FBXImporter/DeltaGenUVEdit.uexp" 866
"../../../Engine/Plugins/Enterprise/DatasmithContent/Content/Materials/FBXImporter/DeltaGenBase.uasset" 867
"../../../Engine/Plugins/Enterprise/DatasmithContent/Content/Materials/FBXImporter/DeltaGenBase.uexp" 868
"../../../Engine/Content/EngineMaterials/DefaultNormal.ubulk" 869
"../../../Engine/Content/EngineMaterials/DefaultNormal.uasset" 870
"../../../Engine/Content/EngineMaterials/DefaultNormal.uexp" 871
"../../../Engine/Content/EngineResources/DefaultTexture.ubulk" 872
"../../../Engine/Content/EngineResources/DefaultTexture.uasset" 873
"../../../Engine/Content/EngineResources/DefaultTexture.uexp" 874
"../../../Engine/Content/Functions/Engine_MaterialFunctions01/ImageAdjustment/CheapContrast.uasset" 875
"../../../Engine/Content/Functions/Engine_MaterialFunctions01/ImageAdjustment/CheapContrast.uexp" 876
"../../../Engine/Content/EngineMaterials/DefaultNormal_Uncompressed.ubulk" 877
"../../../Engine/Content/EngineMaterials/DefaultNormal_Uncompressed.uasset" 878
"../../../Engine/Content/EngineMaterials/DefaultNormal_Uncompressed.uexp" 879
"../../../Engine/Content/Functions/Engine_MaterialFunctions02/Math/Transform3x3Matrix.uasset" 880
"../../../Engine/Content/Functions/Engine_MaterialFunctions02/Math/Transform3x3Matrix.uexp" 881
"../../../Engine/Content/Functions/Engine_MaterialFunctions02/Math/CreateThirdOrthogonalVector.uasset" 882
"../../../Engine/Content/Functions/Engine_MaterialFunctions02/Math/CreateThirdOrthogonalVector.uexp" 883
"../../../Engine/Content/Functions/Engine_MaterialFunctions02/WorldAlignedNormals_HighQuality.uasset" 884
"../../../Engine/Content/Functions/Engine_MaterialFunctions02/WorldAlignedNormals_HighQuality.uexp" 885
"../../../Engine/Content/Functions/Engine_MaterialFunctions02/Texturing/HeightLerpWithTwoHeightMaps.uasset" 886
"../../../Engine/Content/Functions/Engine_MaterialFunctions02/Texturing/HeightLerpWithTwoHeightMaps.uexp" 887
"../../../Engine/Content/Functions/Engine_MaterialFunctions02/Texturing/WorldAlignedTextures_Complex.uasset" 888
"../../../Engine/Content/Functions/Engine_MaterialFunctions02/Texturing/WorldAlignedTextures_Complex.uexp" 889
"../../../Engine/Plugins/Enterprise/DatasmithContent/Content/Materials/FBXImporter/DeltaGenMasterClearCoat.uasset" 890
"../../../Engine/Plugins/Enterprise/DatasmithContent/Content/Materials/FBXImporter/DeltaGenMasterClearCoat.uexp" 891
"C:/Users/micha/OneDrive/Documents/Unreal Projects/RTD/Content/Assets/Tiles/TileWall.ubulk" 892
"C:/Users/micha/OneDrive/Documents/Unreal Projects/RTD/Content/Assets/Tiles/TileWall.uasset" 893
"C:/Users/micha/OneDrive/Documents/Unreal Projects/RTD/Content/Assets/Tiles/TileWall.uexp" 894
"C:/Users/micha/OneDrive/Documents/Unreal Projects/RTD/Content/Assets/Towers/Base/tinker_group_0_7720667.ubulk" 895
"C:/Users/micha/OneDrive/Documents/Unreal Projects/RTD/Content/Assets/Towers/Base/tinker_group_0_7720667.uasset" 896
"C:/Users/micha/OneDrive/Documents/Unreal Projects/RTD/Content/Assets/Towers/Base/tinker_group_0_7720667.uexp" 897
"C:/Users/micha/OneDrive/Documents/Unreal Projects/RTD/Content/Assets/Towers/Base/tinker_group_0_16089887.ubulk" 898
"C:/Users/micha/OneDrive/Documents/Unreal Projects/RTD/Content/Assets/Towers/Base/tinker_group_0_16089887.uasset" 899
"C:/Users/micha/OneDrive/Documents/Unreal Projects/RTD/Content/Assets/Towers/Base/tinker_group_0_16089887.uexp" 900
"C:/Users/micha/OneDrive/Documents/Unreal Projects/RTD/Content/Assets/Towers/Base/tinker_group_0_14093196.ubulk" 901
"C:/Users/micha/OneDrive/Documents/Unreal Projects/RTD/Content/Assets/Towers/Base/tinker_group_0_14093196.uasset" 902
"C:/Users/micha/OneDrive/Documents/Unreal Projects/RTD/Content/Assets/Towers/Base/tinker_group_0_14093196.uexp" 903
"../../../Engine/Content/VREditor/BasicMeshes/T_CleanFloorGrunge_01_D.ubulk" 904
"../../../Engine/Content/VREditor/BasicMeshes/T_CleanFloorGrunge_01_D.uasset" 905
"../../../Engine/Content/VREditor/BasicMeshes/T_CleanFloorGrunge_01_D.uexp" 906
"../../../Engine/Content/VREditor/BasicMeshes/M_Floor_01.uasset" 907
"../../../Engine/Content/VREditor/BasicMeshes/M_Floor_01.uexp" 908
"../../../Engine/Content/VREditor/BasicMeshes/MI_Floor_01.uasset" 909
"../../../Engine/Content/VREditor/BasicMeshes/MI_Floor_01.uexp" 910
"C:/Users/micha/OneDrive/Documents/Unreal Projects/RTD/Content/Assets/Tiles/TileTower.ubulk" 911
"C:/Users/micha/OneDrive/Documents/Unreal Projects/RTD/Content/Assets/Tiles/TileTower.uasset" 912
"C:/Users/micha/OneDrive/Documents/Unreal Projects/RTD/Content/Assets/Tiles/TileTower.uexp" 913
"../../../Engine/Content/VREditor/BasicMeshes/MI_Pyramid_01.uasset" 914
"../../../Engine/Content/VREditor/BasicMeshes/MI_Pyramid_01.uexp" 915
"C:/Users/micha/OneDrive/Documents/Unreal Projects/RTD/Content/Assets/Tiles/TilePortal.ubulk" 916
"C:/Users/micha/OneDrive/Documents/Unreal Projects/RTD/Content/Assets/Tiles/TilePortal.uasset" 917
"C:/Users/micha/OneDrive/Documents/Unreal Projects/RTD/Content/Assets/Tiles/TilePortal.uexp" 918
"../../../Engine/Content/TemplateResources/M_Template_Master.uasset" 919
"../../../Engine/Content/TemplateResources/M_Template_Master.uexp" 920
"../../../Engine/Content/TemplateResources/MI_Template_BaseOrange.uasset" 921
"../../../Engine/Content/TemplateResources/MI_Template_BaseOrange.uexp" 922
"C:/Users/micha/OneDrive/Documents/Unreal Projects/RTD/Content/Assets/Tiles/TilePat.ubulk" 923
"C:/Users/micha/OneDrive/Documents/Unreal Projects/RTD/Content/Assets/Tiles/TilePat.uasset" 924
"C:/Users/micha/OneDrive/Documents/Unreal Projects/RTD/Content/Assets/Tiles/TilePat.uexp" 925
"../../../Engine/Content/TemplateResources/MI_Template_BaseOrange_Metal.uasset" 926
"../../../Engine/Content/TemplateResources/MI_Template_BaseOrange_Metal.uexp" 927
"C:/Users/micha/OneDrive/Documents/Unreal Projects/RTD/Content/Assets/Tiles/TileGate.ubulk" 928
"C:/Users/micha/OneDrive/Documents/Unreal Projects/RTD/Content/Assets/Tiles/TileGate.uasset" 929
"C:/Users/micha/OneDrive/Documents/Unreal Projects/RTD/Content/Assets/Tiles/TileGate.uexp" 930
"C:/Users/micha/OneDrive/Documents/Unreal Projects/RTD/Content/Assets/SplinePlane.ubulk" 931
"C:/Users/micha/OneDrive/Documents/Unreal Projects/RTD/Content/Assets/SplinePlane.uasset" 932
"C:/Users/micha/OneDrive/Documents/Unreal Projects/RTD/Content/Assets/SplinePlane.uexp" 933
"C:/Users/micha/OneDrive/Documents/Unreal Projects/RTD/Content/Assets/Tiles/TileValid.ubulk" 934
"C:/Users/micha/OneDrive/Documents/Unreal Projects/RTD/Content/Assets/Tiles/TileValid.uasset" 935
"C:/Users/micha/OneDrive/Documents/Unreal Projects/RTD/Content/Assets/Tiles/TileValid.uexp" 936
"C:/Users/micha/OneDrive/Documents/Unreal Projects/RTD/Content/Assets/Tiles/HexTileBase.ubulk" 937
"C:/Users/micha/OneDrive/Documents/Unreal Projects/RTD/Content/Assets/Tiles/HexTileBase.uasset" 938
"C:/Users/micha/OneDrive/Documents/Unreal Projects/RTD/Content/Assets/Tiles/HexTileBase.uexp" 939
"C:/Users/micha/OneDrive/Documents/Unreal Projects/RTD/Content/Assets/Tiles/ground/HexTileBase10.ubulk" 940
"C:/Users/micha/OneDrive/Documents/Unreal Projects/RTD/Content/Assets/Tiles/ground/HexTileBase10.uasset" 941
"C:/Users/micha/OneDrive/Documents/Unreal Projects/RTD/Content/Assets/Tiles/ground/HexTileBase10.uexp" 942
"C:/Users/micha/OneDrive/Documents/Unreal Projects/RTD/Content/Assets/Tiles/materials/M_GrassGround.uasset" 943
"C:/Users/micha/OneDrive/Documents/Unreal Projects/RTD/Content/Assets/Tiles/materials/M_GrassGround.uexp" 944
"../../../Engine/Plugins/Marketplace/HexGrids/Content/ExampleContent/DemoRoom/Materials/M_DemoWall.uasset" 945
"../../../Engine/Plugins/Marketplace/HexGrids/Content/ExampleContent/DemoRoom/Materials/M_DemoWall.uexp" 946
"../../../Engine/Plugins/Marketplace/HexGrids/Content/ExampleContent/Audio/Physical_Materials/Rubber.uasset" 947
"../../../Engine/Plugins/Marketplace/HexGrids/Content/ExampleContent/Audio/Physical_Materials/Rubber.uexp" 948
"../../../Engine/Plugins/Marketplace/HexGrids/Content/ExampleContent/DemoRoom/Materials/M_DemoWall_Inst.uasset" 949
"../../../Engine/Plugins/Marketplace/HexGrids/Content/ExampleContent/DemoRoom/Materials/M_DemoWall_Inst.uexp" 950
"../../../Engine/Plugins/Marketplace/HexGrids/Content/ExampleContent/Audio/Physical_Materials/Metal.uasset" 951
"../../../Engine/Plugins/Marketplace/HexGrids/Content/ExampleContent/Audio/Physical_Materials/Metal.uexp" 952
"../../../Engine/Plugins/Marketplace/HexGrids/Content/ExampleContent/DemoRoom/Materials/M_DemoWall_Inst_3.uasset" 953
"../../../Engine/Plugins/Marketplace/HexGrids/Content/ExampleContent/DemoRoom/Materials/M_DemoWall_Inst_3.uexp" 954
"C:/Users/micha/OneDrive/Documents/Unreal Projects/RTD/Content/Assets/Tiles/surface/HexTileWall5.ubulk" 955
"C:/Users/micha/OneDrive/Documents/Unreal Projects/RTD/Content/Assets/Tiles/surface/HexTileWall5.uasset" 956
"C:/Users/micha/OneDrive/Documents/Unreal Projects/RTD/Content/Assets/Tiles/surface/HexTileWall5.uexp" 957
"C:/Users/micha/OneDrive/Documents/Unreal Projects/RTD/Content/Assets/Tiles/surface/HexTileBasic5.ubulk" 958
"C:/Users/micha/OneDrive/Documents/Unreal Projects/RTD/Content/Assets/Tiles/surface/HexTileBasic5.uasset" 959
"C:/Users/micha/OneDrive/Documents/Unreal Projects/RTD/Content/Assets/Tiles/surface/HexTileBasic5.uexp" 960
"C:/Users/micha/OneDrive/Documents/Unreal Projects/RTD/Content/Assets/Tiles/surface/HexTileBase5.ubulk" 961
"C:/Users/micha/OneDrive/Documents/Unreal Projects/RTD/Content/Assets/Tiles/surface/HexTileBase5.uasset" 962
"C:/Users/micha/OneDrive/Documents/Unreal Projects/RTD/Content/Assets/Tiles/surface/HexTileBase5.uexp" 963
"C:/Users/micha/OneDrive/Documents/Unreal Projects/RTD/Content/Blueprints/Map/WBP_ScoutAreaButton.uasset" 964
"C:/Users/micha/OneDrive/Documents/Unreal Projects/RTD/Content/Blueprints/Map/WBP_ScoutAreaButton.uexp" 965
"C:/Users/micha/OneDrive/Documents/Unreal Projects/RTD/Content/Blueprints/Player/E_PlayerState.uasset" 966
"C:/Users/micha/OneDrive/Documents/Unreal Projects/RTD/Content/Blueprints/Player/E_PlayerState.uexp" 967
"C:/Users/micha/OneDrive/Documents/Unreal Projects/RTD/Content/Blueprints/Player/BP_PlayerState_TD.uasset" 968
"C:/Users/micha/OneDrive/Documents/Unreal Projects/RTD/Content/Blueprints/Player/BP_PlayerState_TD.uexp" 969
"C:/Users/micha/OneDrive/Documents/Unreal Projects/RTD/Content/UI/Images/buttons/button_start_hover.uasset" 970
"C:/Users/micha/OneDrive/Documents/Unreal Projects/RTD/Content/UI/Images/buttons/button_start_hover.uexp" 971
"C:/Users/micha/OneDrive/Documents/Unreal Projects/RTD/Content/UI/Images/buttons/button_start_click.uasset" 972
"C:/Users/micha/OneDrive/Documents/Unreal Projects/RTD/Content/UI/Images/buttons/button_start_click.uexp" 973
"C:/Users/micha/OneDrive/Documents/Unreal Projects/RTD/Content/UI/Images/buttons/button_start_active.uasset" 974
"C:/Users/micha/OneDrive/Documents/Unreal Projects/RTD/Content/UI/Images/buttons/button_start_active.uexp" 975
"C:/Users/micha/OneDrive/Documents/Unreal Projects/RTD/Content/UI/Images/buttons/button_quit_hover.uasset" 976
"C:/Users/micha/OneDrive/Documents/Unreal Projects/RTD/Content/UI/Images/buttons/button_quit_hover.uexp" 977
"C:/Users/micha/OneDrive/Documents/Unreal Projects/RTD/Content/UI/Images/buttons/button_quit_click.uasset" 978
"C:/Users/micha/OneDrive/Documents/Unreal Projects/RTD/Content/UI/Images/buttons/button_quit_click.uexp" 979
"C:/Users/micha/OneDrive/Documents/Unreal Projects/RTD/Content/UI/Images/buttons/button_quit_active.uasset" 980
"C:/Users/micha/OneDrive/Documents/Unreal Projects/RTD/Content/UI/Images/buttons/button_quit_active.uexp" 981
"C:/Users/micha/OneDrive/Documents/Unreal Projects/RTD/Content/UI/Images/buttons/button_quit-text_hover.uasset" 982
"C:/Users/micha/OneDrive/Documents/Unreal Projects/RTD/Content/UI/Images/buttons/button_quit-text_hover.uexp" 983
"C:/Users/micha/OneDrive/Documents/Unreal Projects/RTD/Content/UI/Images/buttons/button_quit-text_click.uasset" 984
"C:/Users/micha/OneDrive/Documents/Unreal Projects/RTD/Content/UI/Images/buttons/button_quit-text_click.uexp" 985
"C:/Users/micha/OneDrive/Documents/Unreal Projects/RTD/Content/UI/Images/buttons/button_quit-text_active.uasset" 986
"C:/Users/micha/OneDrive/Documents/Unreal Projects/RTD/Content/UI/Images/buttons/button_quit-text_active.uexp" 987
"C:/Users/micha/OneDrive/Documents/Unreal Projects/RTD/Content/UI/Images/buttons/button_options_hover.uasset" 988
"C:/Users/micha/OneDrive/Documents/Unreal Projects/RTD/Content/UI/Images/buttons/button_options_hover.uexp" 989
"C:/Users/micha/OneDrive/Documents/Unreal Projects/RTD/Content/UI/Images/buttons/button_options_click.uasset" 990
"C:/Users/micha/OneDrive/Documents/Unreal Projects/RTD/Content/UI/Images/buttons/button_options_click.uexp" 991
"C:/Users/micha/OneDrive/Documents/Unreal Projects/RTD/Content/UI/Images/buttons/button_options_active.uasset" 992
"C:/Users/micha/OneDrive/Documents/Unreal Projects/RTD/Content/UI/Images/buttons/button_options_active.uexp" 993
"C:/Users/micha/OneDrive/Documents/Unreal Projects/RTD/Content/UI/Images/buttons/button_next_hover.uasset" 994
"C:/Users/micha/OneDrive/Documents/Unreal Projects/RTD/Content/UI/Images/buttons/button_next_hover.uexp" 995
"C:/Users/micha/OneDrive/Documents/Unreal Projects/RTD/Content/UI/Images/buttons/button_next_click.uasset" 996
"C:/Users/micha/OneDrive/Documents/Unreal Projects/RTD/Content/UI/Images/buttons/button_next_click.uexp" 997
"C:/Users/micha/OneDrive/Documents/Unreal Projects/RTD/Content/UI/Images/buttons/button_next_active.uasset" 998
"C:/Users/micha/OneDrive/Documents/Unreal Projects/RTD/Content/UI/Images/buttons/button_next_active.uexp" 999
"C:/Users/micha/OneDrive/Documents/Unreal Projects/RTD/Content/UI/Images/buttons/button_mapsettings_hover.uasset" 1000
"C:/Users/micha/OneDrive/Documents/Unreal Projects/RTD/Content/UI/Images/buttons/button_mapsettings_hover.uexp" 1001
"C:/Users/micha/OneDrive/Documents/Unreal Projects/RTD/Content/UI/Images/buttons/button_mapsettings_click.uasset" 1002
"C:/Users/micha/OneDrive/Documents/Unreal Projects/RTD/Content/UI/Images/buttons/button_mapsettings_click.uexp" 1003
"C:/Users/micha/OneDrive/Documents/Unreal Projects/RTD/Content/UI/Images/buttons/button_mapsettings_active.uasset" 1004
"C:/Users/micha/OneDrive/Documents/Unreal Projects/RTD/Content/UI/Images/buttons/button_mapsettings_active.uexp" 1005
"C:/Users/micha/OneDrive/Documents/Unreal Projects/RTD/Content/Assets/Tiles/HexTileBase1.ubulk" 1006
"C:/Users/micha/OneDrive/Documents/Unreal Projects/RTD/Content/Assets/Tiles/HexTileBase1.uasset" 1007
"C:/Users/micha/OneDrive/Documents/Unreal Projects/RTD/Content/Assets/Tiles/HexTileBase1.uexp" 1008
"C:/Users/micha/OneDrive/Documents/Unreal Projects/RTD/Content/UI/Images/fonts/CinzelDecorative-Regular.uexp" 1009
"C:/Users/micha/OneDrive/Documents/Unreal Projects/RTD/Content/UI/Images/fonts/CinzelDecorative-Regular.uasset" 1010
"C:/Users/micha/OneDrive/Documents/Unreal Projects/RTD/Content/UI/Images/fonts/CinzelDecorative-Regular.ufont" 1011
"C:/Users/micha/OneDrive/Documents/Unreal Projects/RTD/Content/UI/Images/fonts/CinzelDecorative-Regular_Font.uasset" 1012
"C:/Users/micha/OneDrive/Documents/Unreal Projects/RTD/Content/UI/Images/fonts/CinzelDecorative-Regular_Font.uexp" 1013
"C:/Users/micha/OneDrive/Documents/Unreal Projects/RTD/Content/UI/Images/fonts/CinzelDecorative-Black.uexp" 1014
"C:/Users/micha/OneDrive/Documents/Unreal Projects/RTD/Content/UI/Images/fonts/CinzelDecorative-Black.uasset" 1015
"C:/Users/micha/OneDrive/Documents/Unreal Projects/RTD/Content/UI/Images/fonts/CinzelDecorative-Black.ufont" 1016
"C:/Users/micha/OneDrive/Documents/Unreal Projects/RTD/Content/UI/Images/fonts/CinzelDecorative-Black_Font.uasset" 1017
"C:/Users/micha/OneDrive/Documents/Unreal Projects/RTD/Content/UI/Images/fonts/CinzelDecorative-Black_Font.uexp" 1018
"C:/Users/micha/OneDrive/Documents/Unreal Projects/RTD/Content/UI/Images/buttons_tabs/tab_towers_inactive_2.uasset" 1019
"C:/Users/micha/OneDrive/Documents/Unreal Projects/RTD/Content/UI/Images/buttons_tabs/tab_towers_inactive_2.uexp" 1020
"C:/Users/micha/OneDrive/Documents/Unreal Projects/RTD/Content/UI/Images/buttons_tabs/tab_towers_inactive_1.uasset" 1021
"C:/Users/micha/OneDrive/Documents/Unreal Projects/RTD/Content/UI/Images/buttons_tabs/tab_towers_inactive_1.uexp" 1022
"C:/Users/micha/OneDrive/Documents/Unreal Projects/RTD/Content/UI/Images/buttons_tabs/tab_towers_inactive.uasset" 1023
"C:/Users/micha/OneDrive/Documents/Unreal Projects/RTD/Content/UI/Images/buttons_tabs/tab_towers_inactive.uexp" 1024
"C:/Users/micha/OneDrive/Documents/Unreal Projects/RTD/Content/UI/Images/buttons_tabs/tab_towers_hover.uasset" 1025
"C:/Users/micha/OneDrive/Documents/Unreal Projects/RTD/Content/UI/Images/buttons_tabs/tab_towers_hover.uexp" 1026
"C:/Users/micha/OneDrive/Documents/Unreal Projects/RTD/Content/UI/Images/buttons_tabs/tab_towers_active.uasset" 1027
"C:/Users/micha/OneDrive/Documents/Unreal Projects/RTD/Content/UI/Images/buttons_tabs/tab_towers_active.uexp" 1028
"C:/Users/micha/OneDrive/Documents/Unreal Projects/RTD/Content/UI/Images/buttons_tabs/tab_scouts_hover.uasset" 1029
"C:/Users/micha/OneDrive/Documents/Unreal Projects/RTD/Content/UI/Images/buttons_tabs/tab_scouts_hover.uexp" 1030
"C:/Users/micha/OneDrive/Documents/Unreal Projects/RTD/Content/UI/Images/buttons_tabs/tab_scouts_active.uasset" 1031
"C:/Users/micha/OneDrive/Documents/Unreal Projects/RTD/Content/UI/Images/buttons_tabs/tab_scouts_active.uexp" 1032
"C:/Users/micha/OneDrive/Documents/Unreal Projects/RTD/Content/UI/Images/buttons_tabs/tab_inventory_hover.uasset" 1033
"C:/Users/micha/OneDrive/Documents/Unreal Projects/RTD/Content/UI/Images/buttons_tabs/tab_inventory_hover.uexp" 1034
"C:/Users/micha/OneDrive/Documents/Unreal Projects/RTD/Content/UI/Images/buttons_tabs/tab_inventory_active.uasset" 1035
"C:/Users/micha/OneDrive/Documents/Unreal Projects/RTD/Content/UI/Images/buttons_tabs/tab_inventory_active.uexp" 1036
"C:/Users/micha/OneDrive/Documents/Unreal Projects/RTD/Content/UI/Images/bars/loadingbar_units.uasset" 1037
"C:/Users/micha/OneDrive/Documents/Unreal Projects/RTD/Content/UI/Images/bars/loadingbar_units.uexp" 1038
"C:/Users/micha/OneDrive/Documents/Unreal Projects/RTD/Content/UI/Images/bars/border_light_small.uasset" 1039
"C:/Users/micha/OneDrive/Documents/Unreal Projects/RTD/Content/UI/Images/bars/border_light_small.uexp" 1040
"C:/Users/micha/OneDrive/Documents/Unreal Projects/RTD/Content/UI/Images/bars/border_dark_small.uasset" 1041
"C:/Users/micha/OneDrive/Documents/Unreal Projects/RTD/Content/UI/Images/bars/border_dark_small.uexp" 1042
"C:/Users/micha/OneDrive/Documents/Unreal Projects/RTD/Content/UI/Images/banners/banner2_c.uasset" 1043
"C:/Users/micha/OneDrive/Documents/Unreal Projects/RTD/Content/UI/Images/banners/banner2_c.uexp" 1044
"C:/Users/micha/OneDrive/Documents/Unreal Projects/RTD/Content/UI/Images/banners/banner2_b.uasset" 1045
"C:/Users/micha/OneDrive/Documents/Unreal Projects/RTD/Content/UI/Images/banners/banner2_b.uexp" 1046
"C:/Users/micha/OneDrive/Documents/Unreal Projects/RTD/Content/UI/Images/banners/banner2_a.uasset" 1047
"C:/Users/micha/OneDrive/Documents/Unreal Projects/RTD/Content/UI/Images/banners/banner2_a.uexp" 1048
"C:/Users/micha/OneDrive/Documents/Unreal Projects/RTD/Content/UI/Images/banners/banner1_gameinfo.uasset" 1049
"C:/Users/micha/OneDrive/Documents/Unreal Projects/RTD/Content/UI/Images/banners/banner1_gameinfo.uexp" 1050
"C:/Users/micha/OneDrive/Documents/Unreal Projects/RTD/Content/UI/Data/UIInputActionTable.uasset" 1051
"C:/Users/micha/OneDrive/Documents/Unreal Projects/RTD/Content/UI/Data/UIInputActionTable.uexp" 1052
"C:/Users/micha/OneDrive/Documents/Unreal Projects/RTD/Content/Blueprints/Player/UI/WBP_StartScreen.uasset" 1053
"C:/Users/micha/OneDrive/Documents/Unreal Projects/RTD/Content/Blueprints/Player/UI/WBP_StartScreen.uexp" 1054
"../../../Engine/Content/Maps/Entry_BuiltData.uasset" 1055
"../../../Engine/Content/Maps/Entry_BuiltData.uexp" 1056
"../../../Engine/Content/Maps/Entry.uexp" 1057
"../../../Engine/Content/Maps/Entry.umap" 1058
"../../../Engine/Content/EngineSky/C_Sky_Horizon_Color.uasset" 1059
"../../../Engine/Content/EngineSky/C_Sky_Horizon_Color.uexp" 1060
"../../../Engine/Content/EngineSky/T_Sky_Stars.ubulk" 1061
"../../../Engine/Content/EngineSky/T_Sky_Stars.uasset" 1062
"../../../Engine/Content/EngineSky/T_Sky_Stars.uexp" 1063
"../../../Engine/Content/EngineSky/T_Sky_Clouds_M.ubulk" 1064
"../../../Engine/Content/EngineSky/T_Sky_Clouds_M.uasset" 1065
"../../../Engine/Content/EngineSky/T_Sky_Clouds_M.uexp" 1066
"../../../Engine/Content/EngineSky/T_Sky_Blue.ubulk" 1067
"../../../Engine/Content/EngineSky/T_Sky_Blue.uasset" 1068
"../../../Engine/Content/EngineSky/T_Sky_Blue.uexp" 1069
"../../../Engine/Content/EngineSky/M_Sky_Panning_Clouds2.uasset" 1070
"../../../Engine/Content/EngineSky/M_Sky_Panning_Clouds2.uexp" 1071
"../../../Engine/Content/EngineSky/SM_SkySphere.ubulk" 1072
"../../../Engine/Content/EngineSky/SM_SkySphere.uasset" 1073
"../../../Engine/Content/EngineSky/SM_SkySphere.uexp" 1074
"../../../Engine/Content/EngineSky/C_Sky_Cloud_Color.uasset" 1075
"../../../Engine/Content/EngineSky/C_Sky_Cloud_Color.uexp" 1076
"../../../Engine/Content/EngineSky/C_Sky_Zenith_Color.uasset" 1077
"../../../Engine/Content/EngineSky/C_Sky_Zenith_Color.uexp" 1078
"../../../Engine/Content/EngineSky/BP_Sky_Sphere.uasset" 1079
"../../../Engine/Content/EngineSky/BP_Sky_Sphere.uexp" 1080
"C:/Users/micha/OneDrive/Documents/Unreal Projects/RTD/Content/Assets/MyZenith.uasset" 1081
"C:/Users/micha/OneDrive/Documents/Unreal Projects/RTD/Content/Assets/MyZenith.uexp" 1082
"C:/Users/micha/OneDrive/Documents/Unreal Projects/RTD/Content/Assets/MyCloudColors.uasset" 1083
"C:/Users/micha/OneDrive/Documents/Unreal Projects/RTD/Content/Assets/MyCloudColors.uexp" 1084
"C:/Users/micha/OneDrive/Documents/Unreal Projects/RTD/Content/Assets/MyHorizon.uasset" 1085
"C:/Users/micha/OneDrive/Documents/Unreal Projects/RTD/Content/Assets/MyHorizon.uexp" 1086
"C:/Users/micha/OneDrive/Documents/Unreal Projects/RTD/Content/Blueprints/MySkySphere.uasset" 1087
"C:/Users/micha/OneDrive/Documents/Unreal Projects/RTD/Content/Blueprints/MySkySphere.uexp" 1088
"C:/Users/micha/OneDrive/Documents/Unreal Projects/RTD/Content/Level.uexp" 1089
"C:/Users/micha/OneDrive/Documents/Unreal Projects/RTD/Content/Level.umap" 1090
