"C:/Users/micha/OneDrive/Documents/Unreal Projects/RTD/RTD.uproject" 1
"../../../../../../Users/micha/OneDrive/Documents/Unreal Projects/RTD/Binaries/Win64/UnrealEditor.modules" 2
"../../../Engine/Plugins/LightWeightInstancesEditor/LightWeightInstancesEditor.uplugin" 3
"../../../Engine/Plugins/MeshPainting/MeshPainting.uplugin" 4
"../../../Engine/Plugins/XGEController/XGEController.uplugin" 5
"../../../Engine/Plugins/AudioGameplayVolume/AudioGameplayVolume.uplugin" 6
"../../../Engine/Plugins/BlueprintFileUtils/BlueprintFileUtils.uplugin" 7
"../../../Engine/Plugins/Animation/AnimationLocomotionLibrary/AnimationLocomotionLibrary.uplugin" 8
"../../../Engine/Plugins/Animation/GameplayInsights/GameplayInsights.uplugin" 9
"../../../Engine/Plugins/AudioGameplay/AudioGameplay.uplugin" 10
"../../../Engine/Plugins/RenderGraphInsights/RenderGraphInsights.uplugin" 11
"../../../Engine/Plugins/JsonBlueprintUtilities/JsonBlueprintUtilities.uplugin" 12
"../../../Engine/Plugins/FastBuildController/FastBuildController.uplugin" 13
"../../../Engine/Plugins/ScriptPlugin/ScriptPlugin.uplugin" 14
"../../../Engine/Plugins/Animation/AnimationWarping/AnimationWarping.uplugin" 15
"../../../Engine/Plugins/2D/Paper2D/Paper2D.uplugin" 16
"../../../Engine/Plugins/Animation/LiveLink/LiveLink.uplugin" 17
"../../../Engine/Plugins/Bridge/Bridge.uplugin" 18
"../../../Engine/Plugins/Animation/LiveLinkCurveDebugUI/LiveLinkCurveDebugUI.uplugin" 19
"../../../Engine/Plugins/Animation/BlendSpaceMotionAnalysis/BlendSpaceMotionAnalysis.uplugin" 20
"../../../Engine/Plugins/Animation/ControlRigSpline/ControlRigSpline.uplugin" 21
"../../../Engine/Plugins/Animation/ControlRig/ControlRig.uplugin" 22
"../../../Engine/Plugins/Animation/IKRig/IKRig.uplugin" 23
"../../../Engine/Plugins/AI/EnvironmentQueryEditor/EnvironmentQueryEditor.uplugin" 24
"../../../Engine/Plugins/AI/MLAdapter/MLAdapter.uplugin" 25
"../../../Engine/Plugins/Animation/AnimationModifierLibrary/AnimationModifierLibrary.uplugin" 26
"../../../Engine/Plugins/AI/MassAI/MassAI.uplugin" 27
"../../../Engine/Plugins/AI/HTNPlanner/HTNPlanner.uplugin" 28
"../../../Engine/Plugins/Compositing/LensDistortion/LensDistortion.uplugin" 29
"../../../Engine/Plugins/AI/MassCrowd/MassCrowd.uplugin" 30
"../../../Engine/Plugins/AI/AISupport/AISupport.uplugin" 31
"../../../Engine/Plugins/Compression/OodleNetwork/OodleNetwork.uplugin" 32
"../../../Engine/Plugins/Animation/RigLogic/RigLogic.uplugin" 33
"../../../Engine/Plugins/Enterprise/AxFImporter/AxFImporter.uplugin" 34
"../../../Engine/Plugins/Compositing/OpenCVLensDistortion/OpenCVLensDistortion.uplugin" 35
"../../../Engine/Plugins/Enterprise/DataprepEditor/DataprepEditor.uplugin" 36
"../../../Engine/Plugins/Enterprise/DatasmithC4DImporter/DatasmithC4DImporter.uplugin" 37
"../../../Engine/Plugins/Compositing/Composure/Composure.uplugin" 38
"../../../Engine/Plugins/Compositing/OpenColorIO/OpenColorIO.uplugin" 39
"../../../Engine/Plugins/Enterprise/DatasmithContent/DatasmithContent.uplugin" 40
"../../../Engine/Plugins/Enterprise/DatasmithCADImporter/DatasmithCADImporter.uplugin" 41
"../../../Engine/Plugins/Enterprise/DatasmithIFCImporter/DatasmithIFCImporter.uplugin" 42
"../../../Engine/Plugins/Enterprise/MDLImporter/MDLImporter.uplugin" 43
"../../../Engine/Plugins/Enterprise/DatasmithGLTFImporter/DatasmithGLTFImporter.uplugin" 44
"../../../Engine/Plugins/Enterprise/LidarPointCloud/LidarPointCloud.uplugin" 45
"../../../Engine/Plugins/Enterprise/VariantManager/VariantManager.uplugin" 46
"../../../Engine/Plugins/Enterprise/DatasmithImporter/DatasmithImporter.uplugin" 47
"../../../Engine/Plugins/Enterprise/VariantManagerContent/VariantManagerContent.uplugin" 48
"../../../Engine/Plugins/Enterprise/DatasmithFBXImporter/DatasmithFBXImporter.uplugin" 49
"../../../Engine/Plugins/Developer/AnimationSharing/AnimationSharing.uplugin" 50
"../../../Engine/Plugins/Developer/KDevelopSourceCodeAccess/KDevelopSourceCodeAccess.uplugin" 51
"../../../Engine/Plugins/Developer/CLionSourceCodeAccess/CLionSourceCodeAccess.uplugin" 52
"../../../Engine/Plugins/Developer/NullSourceCodeAccess/NullSourceCodeAccess.uplugin" 53
"../../../Engine/Plugins/Developer/PixWinPlugin/PixWinPlugin.uplugin" 54
"../../../Engine/Plugins/Developer/PluginUtils/PluginUtils.uplugin" 55
"../../../Engine/Plugins/Developer/PropertyAccessNode/PropertyAccessNode.uplugin" 56
"../../../Engine/Plugins/Developer/BlankPlugin/BlankPlugin.uplugin" 57
"../../../Engine/Plugins/Developer/OneSkyLocalizationService/OneSkyLocalizationService.uplugin" 58
"../../../Engine/Plugins/Developer/CodeLiteSourceCodeAccess/CodeLiteSourceCodeAccess.uplugin" 59
"../../../Engine/Plugins/Developer/RenderDocPlugin/RenderDocPlugin.uplugin" 60
"../../../Engine/Plugins/Developer/PerforceSourceControl/PerforceSourceControl.uplugin" 61
"../../../Engine/Plugins/Developer/PlasticSourceControl/PlasticSourceControl.uplugin" 62
"../../../Engine/Plugins/Developer/RiderSourceCodeAccess/RiderSourceCodeAccess.uplugin" 63
"../../../Engine/Plugins/Developer/SubversionSourceControl/SubversionSourceControl.uplugin" 64
"../../../Engine/Plugins/Developer/TextureFormatOodle/TextureFormatOodle.uplugin" 65
"../../../Engine/Plugins/Developer/VisualStudioCodeSourceCodeAccess/VisualStudioCodeSourceCodeAccess.uplugin" 66
"../../../Engine/Plugins/Developer/GitSourceControl/GitSourceControl.uplugin" 67
"../../../Engine/Plugins/Developer/TraceSourceFiltering/TraceSourceFilters.uplugin" 68
"../../../Engine/Plugins/Developer/UObjectPlugin/UObjectPlugin.uplugin" 69
"../../../Engine/Plugins/Developer/XCodeSourceCodeAccess/XCodeSourceCodeAccess.uplugin" 70
"../../../Engine/Plugins/Developer/VisualStudioSourceCodeAccess/VisualStudioSourceCodeAccess.uplugin" 71
"../../../Engine/Plugins/Developer/TraceDataFiltering/TraceDataFilters.uplugin" 72
"../../../Engine/Plugins/Editor/AssetReferenceRestrictions/AssetReferenceRestrictions.uplugin" 73
"../../../Engine/Plugins/Editor/AssetSearch/AssetSearch.uplugin" 74
"../../../Engine/Plugins/Editor/BlueprintMaterialTextureNodes/BlueprintMaterialTextureNodes.uplugin" 75
"../../../Engine/Plugins/Editor/AssetManagerEditor/AssetManagerEditor.uplugin" 76
"../../../Engine/Plugins/Editor/DataValidation/DataValidation.uplugin" 77
"../../../Engine/Plugins/Editor/CurveEditorTools/CurveEditorTools.uplugin" 78
"../../../Engine/Plugins/Editor/CryptoKeys/CryptoKeys.uplugin" 79
"../../../Engine/Plugins/Editor/EditorScriptingUtilities/EditorScriptingUtilities.uplugin" 80
"../../../Engine/Plugins/Editor/FacialAnimation/FacialAnimation.uplugin" 81
"../../../Engine/Plugins/Editor/GeometryMode/GeometryMode.uplugin" 82
"../../../Engine/Plugins/Editor/MacGraphicsSwitching/MacGraphicsSwitching.uplugin" 83
"../../../Engine/Plugins/Editor/GLTFImporter/GLTFImporter.uplugin" 84
"../../../Engine/Plugins/Editor/GameplayTagsEditor/GameplayTagsEditor.uplugin" 85
"../../../Engine/Plugins/Editor/MaterialAnalyzer/MaterialAnalyzer.uplugin" 86
"../../../Engine/Plugins/Editor/MakeCookedEditorAsDLC/MakeCookedEditorAsDLC.uplugin" 87
"../../../Engine/Plugins/Developer/XcodeGPUDebuggerPlugin/XcodeGPUDebuggerPlugin.uplugin" 88
"../../../Engine/Plugins/Editor/PluginBrowser/PluginBrowser.uplugin" 89
"../../../Engine/Plugins/Editor/ModelingToolsEditorMode/ModelingToolsEditorMode.uplugin" 90
"../../../Engine/Plugins/Editor/WorldPartitionHLODUtilities/WorldPartitionHLODUtilities.uplugin" 91
"../../../Engine/Plugins/Editor/ConsoleVariablesEditor/ConsoleVariables.uplugin" 92
"../../../Engine/Plugins/Editor/SequencerAnimTools/SequencerAnimTools.uplugin" 93
"../../../Engine/Plugins/FX/Niagara/Niagara.uplugin" 94
"../../../Engine/Plugins/Editor/SpeedTreeImporter/SpeedTreeImporter.uplugin" 95
"../../../Engine/Plugins/Editor/MobileLauncherProfileWizard/MobileLauncherProfileWizard.uplugin" 96
"../../../Engine/Plugins/Editor/StylusInput/StylusInput.uplugin" 97
"../../../Engine/Plugins/FX/NiagaraFluids/NiagaraFluids.uplugin" 98
"../../../Engine/Plugins/Experimental/ActorPalette/ActorPalette.uplugin" 99
"../../../Engine/Plugins/Experimental/AbilitySystemGameFeatureActions/AbilitySystemGameFeatureActions.uplugin" 100
"../../../Engine/Plugins/Editor/EditorDebugTools/EditorDebugTools.uplugin" 101
"../../../Engine/Plugins/Experimental/BlueprintStats/BlueprintStats.uplugin" 102
"../../../Engine/Plugins/Experimental/ChaosCloth/ChaosCloth.uplugin" 103
"../../../Engine/Plugins/Experimental/ChaosClothEditor/ChaosClothEditor.uplugin" 104
"../../../Engine/Plugins/Experimental/BackChannel/BackChannel.uplugin" 105
"../../../Engine/Plugins/Experimental/AssetPlacementEdMode/AssetPlacementEdMode.uplugin" 106
"../../../Engine/Plugins/Experimental/CharacterAI/CharacterAI.uplugin" 107
"../../../Engine/Plugins/FX/ExampleCustomDataInterface/ExampleCustomDataInterface.uplugin" 108
"../../../Engine/Plugins/Experimental/ChaosSolverPlugin/ChaosSolverPlugin.uplugin" 109
"../../../Engine/Plugins/Experimental/ChaosCaching/ChaosCaching.uplugin" 110
"../../../Engine/Plugins/Experimental/ChaosEditor/ChaosEditor.uplugin" 111
"../../../Engine/Plugins/FX/CascadeToNiagaraConverter/CascadeToNiagaraConverter.uplugin" 112
"../../../Engine/Plugins/Experimental/ChaosNiagara/ChaosNiagara.uplugin" 113
"../../../Engine/Plugins/Experimental/CodeView/CodeView.uplugin" 114
"../../../Engine/Plugins/Experimental/CommonUI/CommonUI.uplugin" 115
"../../../Engine/Plugins/Experimental/EnhancedInput/EnhancedInput.uplugin" 116
"../../../Engine/Plugins/Experimental/ComputeFramework/ComputeFramework.uplugin" 117
"../../../Engine/Plugins/Experimental/ColorCorrectRegions/ColorCorrectRegions.uplugin" 118
"../../../Engine/Plugins/Experimental/CommonConversation/CommonConversation.uplugin" 119
"../../../Engine/Plugins/Experimental/AutomationUtils/AutomationUtils.uplugin" 120
"../../../Engine/Plugins/Experimental/ControlFlows/ControlFlows.uplugin" 121
"../../../Engine/Plugins/Experimental/AppleVision/AppleVision.uplugin" 122
"../../../Engine/Plugins/Experimental/FullBodyIK/FullBodyIK.uplugin" 123
"../../../Engine/Plugins/Experimental/FieldSystemPlugin/FieldSystemPlugin.uplugin" 124
"../../../Engine/Plugins/Experimental/CodeEditor/CodeEditor.uplugin" 125
"../../../Engine/Plugins/Experimental/GameplayBehaviors/GameplayBehaviors.uplugin" 126
"../../../Engine/Plugins/Experimental/ChaosVehiclesPlugin/ChaosVehiclesPlugin.uplugin" 127
"../../../Engine/Plugins/Experimental/Gauntlet/Gauntlet.uplugin" 128
"../../../Engine/Plugins/Cameras/CameraShakePreviewer/CameraShakePreviewer.uplugin" 129
"../../../Engine/Plugins/Importers/AlembicImporter/AlembicImporter.uplugin" 130
"../../../Engine/Plugins/Importers/USDImporter/USDImporter.uplugin" 131
"../../../Engine/Plugins/Importers/USDMultiUser/USDMultiUser.uplugin" 132
"../../../Engine/Plugins/Experimental/GeometryFlow/GeometryFlow.uplugin" 133
"../../../Engine/Plugins/Experimental/GeometryCacheAbcFile/GeometryCacheAbcFile.uplugin" 134
"../../../Engine/Plugins/Experimental/GizmoEdMode/GizmoEdMode.uplugin" 135
"../../../Engine/Plugins/Cameras/GameplayCameras/GameplayCameras.uplugin" 136
"../../../Engine/Plugins/Experimental/GPULightmass/GPULightmass.uplugin" 137
"../../../Engine/Plugins/Experimental/HairModelingToolset/HairModelingToolset.uplugin" 138
"../../../Engine/Plugins/Experimental/GizmoFramework/GizmoFramework.uplugin" 139
"../../../Engine/Plugins/Experimental/GeometryScripting/GeometryScripting.uplugin" 140
"../../../Engine/Plugins/Experimental/GeometryCollectionPlugin/GeometryCollectionPlugin.uplugin" 141
"../../../Engine/Plugins/Experimental/ImpostorBaker/ImpostorBaker.uplugin" 142
"../../../Engine/Plugins/Experimental/Landmass/Landmass.uplugin" 143
"../../../Engine/Plugins/Experimental/LiveLinkControlRig/LiveLinkControlRig.uplugin" 144
"../../../Engine/Plugins/Experimental/MLDeformer/MLDeformer.uplugin" 145
"../../../Engine/Plugins/Experimental/ImagePlate/ImagePlate.uplugin" 146
"../../../Engine/Plugins/Importers/AlembicHairImporter/AlembicHairImporter.uplugin" 147
"../../../Engine/Plugins/Experimental/MeshLODToolset/MeshLODToolset.uplugin" 148
"../../../Engine/Plugins/Experimental/ExampleAssetEditor/ExampleAssetEditor.uplugin" 149
"../../../Engine/Plugins/Experimental/ModularGameplay/ModularGameplay.uplugin" 150
"../../../Engine/Plugins/Experimental/MotoSynth/MotoSynth.uplugin" 151
"../../../Engine/Plugins/Experimental/OpenImageDenoise/OpenImageDenoise.uplugin" 152
"../../../Engine/Plugins/Experimental/MeshModelingToolsetExp/MeshModelingToolsetExp.uplugin" 153
"../../../Engine/Plugins/Experimental/PanoramicCapture/PanoramicCapture.uplugin" 154
"../../../Engine/Plugins/Experimental/Optimus/Optimus.uplugin" 155
"../../../Engine/Plugins/Experimental/PlatformCrypto/PlatformCrypto.uplugin" 156
"../../../Engine/Plugins/Experimental/PythonFoundationPackages/PythonFoundationPackages.uplugin" 157
"../../../Engine/Plugins/Experimental/ProxyLODPlugin/ProxyLODPlugin.uplugin" 158
"../../../Engine/Plugins/Experimental/RawInput/RawInput.uplugin" 159
"../../../Engine/Plugins/Experimental/PlanarCutPlugin/PlanarCut.uplugin" 160
"../../../Engine/Plugins/Experimental/RemoteSession/RemoteSession.uplugin" 161
"../../../Engine/Plugins/Experimental/PythonScriptPlugin/PythonScriptPlugin.uplugin" 162
"../../../Engine/Plugins/Experimental/ScreenReader/ScreenReader.uplugin" 163
"../../../Engine/Plugins/Experimental/Shotgrid/Shotgrid.uplugin" 164
"../../../Engine/Plugins/Experimental/SimpleHMD/SimpleHMD.uplugin" 165
"../../../Engine/Plugins/Experimental/SampleToolsEditorMode/SampleToolsEditorMode.uplugin" 166
"../../../Engine/Plugins/Experimental/SkeletalReduction/SkeletalReduction.uplugin" 167
"../../../Engine/Plugins/Experimental/Text3D/Text3D.uplugin" 168
"../../../Engine/Plugins/Experimental/NNI/NeuralNetworkInference.uplugin" 169
"../../../Engine/Plugins/Experimental/SlateScreenReader/SlateScreenReader.uplugin" 170
"../../../Engine/Plugins/Experimental/StructUtils/StructUtils.uplugin" 171
"../../../Engine/Plugins/Experimental/TextToSpeech/TextToSpeech.uplugin" 172
"../../../Engine/Plugins/Experimental/GameFeatures/GameFeatures.uplugin" 173
"../../../Engine/Plugins/Experimental/UVEditor/UVEditor.uplugin" 174
"../../../Engine/Plugins/Experimental/VirtualHeightfieldMesh/VirtualHeightfieldMesh.uplugin" 175
"../../../Engine/Plugins/Experimental/VirtualProductionUtilities/VirtualProductionUtilities.uplugin" 176
"../../../Engine/Plugins/Media/AjaMedia/AjaMedia.uplugin" 177
"../../../Engine/Plugins/Media/AndroidCamera/AndroidCamera.uplugin" 178
"../../../Engine/Plugins/Experimental/StaticMeshEditorModeling/StaticMeshEditorModeling.uplugin" 179
"../../../Engine/Plugins/Marketplace/FastNoiseGenerator/FastNoiseGenerator.uplugin" 180
"../../../Engine/Plugins/Media/AndroidMedia/AndroidMedia.uplugin" 181
"../../../Engine/Plugins/Experimental/Volumetrics/Volumetrics.uplugin" 182
"../../../Engine/Plugins/Media/AppleProResMedia/AppleProResMedia.uplugin" 183
"../../../Engine/Plugins/Experimental/Water/Water.uplugin" 184
"../../../Engine/Plugins/Media/AvfMedia/AvfMedia.uplugin" 185
"../../../Engine/Plugins/Experimental/VirtualCamera/VirtualCamera.uplugin" 186
"../../../Engine/Plugins/Marketplace/HexGrids/HexGrids.uplugin" 187
"../../../Engine/Plugins/Experimental/WaterExtras/WaterExtras.uplugin" 188
"../../../Engine/Plugins/Media/AudioCaptureTimecodeProvider/AudioCaptureTimecodeProvider.uplugin" 189
"../../../Engine/Plugins/Experimental/WebSocketNetworking/WebSocketNetworking.uplugin" 190
"../../../Engine/Plugins/Experimental/WaveFunctionCollapse/WaveFunctionCollapse.uplugin" 191
"../../../Engine/Plugins/Media/AvidDNxMedia/AvidDNxMedia.uplugin" 192
"../../../Engine/Plugins/Media/BinkMedia/BinkMedia.uplugin" 193
"../../../Engine/Plugins/Media/BlackmagicMedia/BlackmagicMedia.uplugin" 194
"../../../Engine/Plugins/Media/ElectraUtil/ElectraUtil.uplugin" 195
"../../../Engine/Plugins/Media/ElectraCDM/ElectraCDM.uplugin" 196
"../../../Engine/Plugins/Media/ElectraSubtitles/ElectraSubtitles.uplugin" 197
"../../../Engine/Plugins/Media/ElectraPlayer/ElectraPlayer.uplugin" 198
"../../../Engine/Plugins/Media/HAPMedia/HAPMedia.uplugin" 199
"../../../Engine/Plugins/Media/HardwareEncoders/HardwareEncoders.uplugin" 200
"../../../Engine/Plugins/Media/HLMedia/HLMedia.uplugin" 201
"../../../Engine/Plugins/Media/LinearTimecode/LinearTimecode.uplugin" 202
"../../../Engine/Plugins/Media/MediaFrameworkUtilities/MediaFrameworkUtilities.uplugin" 203
"../../../Engine/Plugins/Media/ImgMedia/ImgMedia.uplugin" 204
"../../../Engine/Plugins/Media/MediaCompositing/MediaCompositing.uplugin" 205
"../../../Engine/Plugins/Media/MediaMovieStreamer/MediaMovieStreamer.uplugin" 206
"../../../Engine/Plugins/Media/MfMedia/MfMedia.uplugin" 207
"../../../Engine/Plugins/Media/MediaPlayerEditor/MediaPlayerEditor.uplugin" 208
"../../../Engine/Plugins/Media/PixelStreaming/PixelStreaming.uplugin" 209
"../../../Engine/Plugins/Media/MediaIOFramework/MediaIOFramework.uplugin" 210
"../../../Engine/Plugins/Media/WebMMedia/WebMMedia.uplugin" 211
"../../../Engine/Plugins/Media/WmfMedia/WmfMedia.uplugin" 212
"../../../Engine/Plugins/MovieScene/ActorSequence/ActorSequence.uplugin" 213
"../../../Engine/Plugins/Media/TimecodeSynchronizer/TimecodeSynchronizer.uplugin" 214
"../../../Engine/Plugins/MovieScene/LevelSequenceEditor/LevelSequenceEditor.uplugin" 215
"../../../Engine/Plugins/MovieScene/ReplayTracks/ReplayTracks.uplugin" 216
"../../../Engine/Plugins/MovieScene/CustomizableSequencerTracks/CustomizableSequencerTracks.uplugin" 217
"../../../Engine/Plugins/MovieScene/TemplateSequence/TemplateSequence.uplugin" 218
"../../../Engine/Plugins/MovieScene/MoviePipelineMaskRenderPass/MoviePipelineMaskRenderPass.uplugin" 219
"../../../Engine/Plugins/MovieScene/SequencerScripting/SequencerScripting.uplugin" 220
"../../../Engine/Plugins/MovieScene/MatineeToLevelSequence/MatineeToLevelSequence.uplugin" 221
"../../../Engine/Plugins/Messaging/MessagingDebugger/MessagingDebugger.uplugin" 222
"../../../Engine/Plugins/Messaging/UdpMessaging/UdpMessaging.uplugin" 223
"../../../Engine/Plugins/MovieScene/MovieRenderPipeline/MovieRenderPipeline.uplugin" 224
"../../../Engine/Plugins/Portal/LauncherChunkInstaller/LauncherChunkInstaller.uplugin" 225
"../../../Engine/Plugins/Performance/PerformanceMonitor/PerformanceMonitor.uplugin" 226
"../../../Engine/Plugins/Messaging/TcpMessaging/TcpMessaging.uplugin" 227
"../../../Engine/Plugins/Online/EOSShared/EOSShared.uplugin" 228
"../../../Engine/Plugins/Online/OnlineBase/OnlineBase.uplugin" 229
"../../../Engine/Plugins/Online/OnlineFramework/OnlineFramework.uplugin" 230
"../../../Engine/Plugins/Online/OnlineSubsystem/OnlineSubsystem.uplugin" 231
"../../../Engine/Plugins/Online/OnlineSubsystemApple/OnlineSubsystemApple.uplugin" 232
"../../../Engine/Plugins/Online/OnlineSubsystemAmazon/OnlineSubsystemAmazon.uplugin" 233
"../../../Engine/Plugins/Online/OnlineSubsystemGoogle/OnlineSubsystemGoogle.uplugin" 234
"../../../Engine/Plugins/Online/OnlineSubsystemFacebook/OnlineSubsystemFacebook.uplugin" 235
"../../../Engine/Plugins/Online/OnlineSubsystemEOS/OnlineSubsystemEOS.uplugin" 236
"../../../Engine/Plugins/Online/OnlineSubsystemTencent/OnlineSubsystemTencent.uplugin" 237
"../../../Engine/Plugins/Online/OnlineSubsystemNull/OnlineSubsystemNull.uplugin" 238
"../../../Engine/Plugins/Online/OnlineSubsystemSteam/OnlineSubsystemSteam.uplugin" 239
"../../../Engine/Plugins/Online/OnlineSubsystemOculus/OnlineSubsystemOculus.uplugin" 240
"../../../Engine/Plugins/Online/OnlineSubsystemTwitch/OnlineSubsystemTwitch.uplugin" 241
"../../../Engine/Plugins/Online/OnlineSubsystemUtils/OnlineSubsystemUtils.uplugin" 242
"../../../Engine/Plugins/Tests/FunctionalTestingEditor/FunctionalTestingEditor.uplugin" 243
"../../../Engine/Plugins/Tests/AutomationDriverTests/AutomationDriverTests.uplugin" 244
"../../../Engine/Plugins/Online/SocketSubsystemEOS/SocketSubsystemEOS.uplugin" 245
"../../../Engine/Plugins/Tests/FbxAutomationTestBuilder/FbxAutomationTestBuilder.uplugin" 246
"../../../Engine/Plugins/Tests/PythonAutomationTest/PythonAutomationTest.uplugin" 247
"../../../Engine/Plugins/Tests/RuntimeTests/RuntimeTests.uplugin" 248
"../../../Engine/Plugins/Tests/EditorTests/EditorTests.uplugin" 249
"../../../Engine/Plugins/Tests/TestSamples/TestSamples.uplugin" 250
"../../../Engine/Plugins/Slate/SlateInsights/SlateInsights.uplugin" 251
"../../../Engine/Plugins/NetcodeUnitTest/NetcodeUnitTest/NetcodeUnitTest.uplugin" 252
"../../../Engine/Plugins/Slate/SlateScripting/SlateScripting.uplugin" 253
"../../../Engine/Plugins/Tests/RHITests/RHITests.uplugin" 254
"../../../Engine/Plugins/Runtime/AndroidBackgroundService/AndroidBackgroundService.uplugin" 255
"../../../Engine/Plugins/Runtime/AndroidMoviePlayer/AndroidMoviePlayer.uplugin" 256
"../../../Engine/Plugins/Runtime/AndroidPermission/AndroidPermission.uplugin" 257
"../../../Engine/Plugins/Runtime/AndroidDeviceProfileSelector/AndroidDeviceProfileSelector.uplugin" 258
"../../../Engine/Plugins/Runtime/AppleImageUtils/AppleImageUtils.uplugin" 259
"../../../Engine/Plugins/Runtime/ActorLayerUtilities/ActorLayerUtilities.uplugin" 260
"../../../Engine/Plugins/Runtime/AndroidFileServer/AndroidFileServer.uplugin" 261
"../../../Engine/Plugins/Runtime/ApexDestruction/ApexDestruction.uplugin" 262
"../../../Engine/Plugins/Runtime/AnimationBudgetAllocator/AnimationBudgetAllocator.uplugin" 263
"../../../Engine/Plugins/Runtime/AppleMoviePlayer/AppleMoviePlayer.uplugin" 264
"../../../Engine/Plugins/Runtime/ArchVisCharacter/ArchVisCharacter.uplugin" 265
"../../../Engine/Plugins/Runtime/AudioCapture/AudioCapture.uplugin" 266
"../../../Engine/Plugins/Runtime/AssetTags/AssetTags.uplugin" 267
"../../../Engine/Plugins/Runtime/AudioModulation/AudioModulation.uplugin" 268
"../../../Engine/Plugins/Runtime/AudioSynesthesia/AudioSynesthesia.uplugin" 269
"../../../Engine/Plugins/Runtime/AudioWidgets/AudioWidgets.uplugin" 270
"../../../Engine/Plugins/Runtime/CableComponent/CableComponent.uplugin" 271
"../../../Engine/Plugins/Runtime/DataRegistry/DataRegistry.uplugin" 272
"../../../Engine/Plugins/Runtime/CustomMeshComponent/CustomMeshComponent.uplugin" 273
"../../../Engine/Plugins/Runtime/GameplayAbilities/GameplayAbilities.uplugin" 274
"../../../Engine/Plugins/Online/WebAuth/WebAuth.uplugin" 275
"../../../Engine/Plugins/Runtime/Firebase/Firebase.uplugin" 276
"../../../Engine/Plugins/Runtime/ChunkDownloader/ChunkDownloader.uplugin" 277
"../../../Engine/Plugins/NetcodeUnitTest/NUTUnrealEngine/NUTUnrealEngine.uplugin" 278
"../../../Engine/Plugins/Runtime/ExampleDeviceProfileSelector/ExampleDeviceProfileSelector.uplugin" 279
"../../../Engine/Plugins/Runtime/GeometryCache/GeometryCache.uplugin" 280
"../../../Engine/Plugins/Runtime/GeoReferencing/GeoReferencing.uplugin" 281
"../../../Engine/Plugins/VirtualProduction/CameraCalibrationCore/CameraCalibrationCore.uplugin" 282
"../../../Engine/Plugins/VirtualProduction/CameraCalibration/CameraCalibration.uplugin" 283
"../../../Engine/Plugins/VirtualProduction/DataCharts/DataCharts.uplugin" 284
"../../../Engine/Plugins/VirtualProduction/CompositePlane/CompositePlane.uplugin" 285
"../../../Engine/Plugins/VirtualProduction/ICVFX/ICVFX.uplugin" 286
"../../../Engine/Plugins/Runtime/GeometryProcessing/GeometryProcessing.uplugin" 287
"../../../Engine/Plugins/VirtualProduction/LevelSnapshots/LevelSnapshots.uplugin" 288
"../../../Engine/Plugins/VirtualProduction/LiveLinkFreeD/LiveLinkFreeD.uplugin" 289
"../../../Engine/Plugins/VirtualProduction/LiveLinkMasterLockit/LiveLinkMasterLockit.uplugin" 290
"../../../Engine/Plugins/VirtualProduction/LiveLinkVRPN/LiveLinkVRPN.uplugin" 291
"../../../Engine/Plugins/VirtualProduction/LiveLinkLens/LiveLinkLens.uplugin" 292
"../../../Engine/Plugins/VirtualProduction/LiveLinkXR/LiveLinkXR.uplugin" 293
"../../../Engine/Plugins/VirtualProduction/MultiUserTakes/MultiUserTakes.uplugin" 294
"../../../Engine/Plugins/VirtualProduction/RemoteControl/RemoteControl.uplugin" 295
"../../../Engine/Plugins/Runtime/GoogleCloudMessaging/GoogleCloudMessaging.uplugin" 296
"../../../Engine/Plugins/Runtime/GooglePAD/GooglePAD.uplugin" 297
"../../../Engine/Plugins/VirtualProduction/LiveLinkCamera/LiveLinkCamera.uplugin" 298
"../../../Engine/Plugins/Runtime/HDRIBackdrop/HDRIBackdrop.uplugin" 299
"../../../Engine/Plugins/Runtime/HPMotionController/HPMotionController.uplugin" 300
"../../../Engine/Plugins/Runtime/IOSReplayKit/IOSReplayKit.uplugin" 301
"../../../Engine/Plugins/Runtime/HTTPChunkInstaller/HTTPChunkInstaller.uplugin" 302
"../../../Engine/Plugins/Runtime/LinuxDeviceProfileSelector/LinuxDeviceProfileSelector.uplugin" 303
"../../../Engine/Plugins/Runtime/LocationServicesAndroidImpl/LocationServicesAndroidImpl.uplugin" 304
"../../../Engine/Plugins/VirtualProduction/LiveLinkPrestonMDR/LiveLinkPrestonMDR.uplugin" 305
"../../../Engine/Plugins/VirtualProduction/RemoteControlInterception/RemoteControlInterception.uplugin" 306
"../../../Engine/Plugins/Runtime/MassGameplay/MassGameplay.uplugin" 307
"../../../Engine/Plugins/Runtime/MassEntity/MassEntity.uplugin" 308
"../../../Engine/Plugins/Runtime/LocationServicesBPLibrary/LocationServicesBPLibrary.uplugin" 309
"../../../Engine/Plugins/Runtime/Metasound/Metasound.uplugin" 310
"../../../Engine/Plugins/Runtime/MicrosoftSpatialAudio/MicroSoftSpatialSound.uplugin" 311
"../../../Engine/Plugins/VirtualProduction/RemoteControlProtocolDMX/RemoteControlProtocolDMX.uplugin" 312
"../../../Engine/Plugins/Runtime/HairStrands/HairStrands.uplugin" 313
"../../../Engine/Plugins/Runtime/LocationServicesIOSImpl/LocationServicesIOSImpl.uplugin" 314
"../../../Engine/Plugins/Runtime/MIDIDevice/MIDIDevice.uplugin" 315
"../../../Engine/Plugins/Runtime/MixedRealityCaptureFramework/MixedRealityCaptureFramework.uplugin" 316
"../../../Engine/Plugins/Runtime/MeshModelingToolset/MeshModelingToolset.uplugin" 317
"../../../Engine/Plugins/Runtime/MobilePatchingUtils/MobilePatchingUtils.uplugin" 318
"../../../Engine/Plugins/VirtualProduction/RemoteControlProtocolOSC/RemoteControlProtocolOSC.uplugin" 319
"../../../Engine/Plugins/Runtime/NetworkPrediction/NetworkPrediction.uplugin" 320
"../../../Engine/Plugins/Runtime/nDisplay/nDisplay.uplugin" 321
"../../../Engine/Plugins/Runtime/LiveLinkOvernDisplay/LiveLinkOverNDisplay.uplugin" 322
"../../../Engine/Plugins/Runtime/IOSDeviceProfileSelector/IOSDeviceProfileSelector.uplugin" 323
"../../../Engine/Plugins/Runtime/NetworkPredictionExtras/NetworkPredictionExtras.uplugin" 324
"../../../Engine/Plugins/VirtualProduction/RemoteControlWebInterface/RemoteControlWebInterface.uplugin" 325
"../../../Engine/Plugins/VirtualProduction/StageMonitoring/StageMonitoring.uplugin" 326
"../../../Engine/Plugins/VirtualProduction/Switchboard/Switchboard.uplugin" 327
"../../../Engine/Plugins/Runtime/NetworkPredictionInsights/NetworkPredictionInsights.uplugin" 328
"../../../Engine/Plugins/Runtime/OpenXR/OpenXR.uplugin" 329
"../../../Engine/Plugins/Runtime/OpenCV/OpenCV.uplugin" 330
"../../../Engine/Plugins/Runtime/OpenXRHandTracking/OpenXRHandTracking.uplugin" 331
"../../../Engine/Plugins/VirtualProduction/SequencerPlaylists/SequencerPlaylists.uplugin" 332
"../../../Engine/Plugins/VirtualProduction/Takes/Takes.uplugin" 333
"../../../Engine/Plugins/VirtualProduction/TimedDataMonitor/TimedDataMonitor.uplugin" 334
"../../../Engine/Plugins/Runtime/OpenXRMsftHandInteraction/OpenXRMsftHandInteraction.uplugin" 335
"../../../Engine/Plugins/Runtime/OSC/OSC.uplugin" 336
"../../../Engine/Plugins/Runtime/OpenXREyeTracker/OpenXREyeTracker.uplugin" 337
"../../../Engine/Plugins/Runtime/OSCModulationMixing/OSCModulationMixing.uplugin" 338
"../../../Engine/Plugins/Runtime/ProceduralMeshComponent/ProceduralMeshComponent.uplugin" 339
"../../../Engine/Plugins/Runtime/PreLoadScreenMoviePlayer/PreLoadScreenMoviePlayer.uplugin" 340
"../../../Engine/Plugins/Runtime/OptionalMobileFeaturesBPLibrary/OptionalMobileFeaturesBPLibrary.uplugin" 341
"../../../Engine/Plugins/Runtime/PropertyAccess/PropertyAccessEditor.uplugin" 342
"../../../Engine/Plugins/Runtime/SignificanceManager/SignificanceManager.uplugin" 343
"../../../Engine/Plugins/Runtime/ResonanceAudio/ResonanceAudio.uplugin" 344
"../../../Engine/Plugins/VirtualProduction/RemoteControlProtocolMIDI/RemoteControlProtocolMIDI.uplugin" 345
"../../../Engine/Plugins/Runtime/SkeletalMerging/SkeletalMerging.uplugin" 346
"../../../Engine/Plugins/Runtime/RuntimePhysXCooking/RuntimePhysXCooking.uplugin" 347
"../../../Engine/Plugins/Runtime/SoundFields/SoundFields.uplugin" 348
"../../../Engine/Plugins/Runtime/ReplicationGraph/ReplicationGraph.uplugin" 349
"../../../Engine/Plugins/Runtime/PhysXVehicles/PhysXVehicles.uplugin" 350
"../../../Engine/Plugins/Runtime/SoundMod/SoundMod.uplugin" 351
"../../../Engine/Plugins/Runtime/StateTree/StateTree.uplugin" 352
"../../../Engine/Plugins/Runtime/SoundUtilities/SoundUtilities.uplugin" 353
"../../../Engine/Plugins/Runtime/SunPosition/SunPosition.uplugin" 354
"../../../Engine/Plugins/Runtime/Synthesis/Synthesis.uplugin" 355
"../../../Engine/Plugins/Runtime/TextureShare/TextureShare.uplugin" 356
"../../../Engine/Plugins/Runtime/WebBrowserNativeProxy/WebBrowserNativeProxy.uplugin" 357
"../../../Engine/Plugins/Runtime/WarpUtils/WarpUtils.uplugin" 358
"../../../Engine/Plugins/Runtime/WebMMoviePlayer/WebMMoviePlayer.uplugin" 359
"../../../Engine/Plugins/Runtime/SmartObjects/SmartObjects.uplugin" 360
"../../../Engine/Plugins/Runtime/WindowsMixedReality/WindowsMixedReality.uplugin" 361
"../../../Engine/Plugins/Runtime/WindowsDeviceProfileSelector/WindowsDeviceProfileSelector.uplugin" 362
"../../../Engine/Plugins/Runtime/ZoneGraph/ZoneGraph.uplugin" 363
"../../../Engine/Plugins/Runtime/WebBrowserWidget/WebBrowserWidget.uplugin" 364
"../../../Engine/Plugins/Runtime/WindowsMoviePlayer/WindowsMoviePlayer.uplugin" 365
"../../../Engine/Plugins/Runtime/SoundCueTemplates/SoundCueTemplates.uplugin" 366
"../../../Engine/Plugins/Developer/Concert/ConcertMain/ConcertMain.uplugin" 367
"../../../Engine/Plugins/Runtime/Spatialization/Spatialization.uplugin" 368
"../../../Engine/Plugins/Runtime/ZoneGraphAnnotations/ZoneGraphAnnotations.uplugin" 369
"../../../Engine/Plugins/Editor/ContentBrowser/ContentBrowserAliasDataSoure/ContentBrowserAliasDataSource.uplugin" 370
"../../../Engine/Plugins/Developer/Concert/MultiUserClient/MultiUserClient.uplugin" 371
"../../../Engine/Plugins/Editor/ContentBrowser/ContentBrowserClassDataSource/ContentBrowserClassDataSource.uplugin" 372
"../../../Engine/Plugins/Developer/Concert/DisasterRecoveryClient/DisasterRecoveryClient.uplugin" 373
"../../../Engine/Plugins/Editor/ContentBrowser/ContentBrowserFileDataSource/ContentBrowserFileDataSource.uplugin" 374
"../../../Engine/Plugins/Experimental/Animation/MotionTrajectory/MotionTrajectory.uplugin" 375
"../../../Engine/Plugins/Experimental/Animation/PoseSearch/PoseSearch.uplugin" 376
"../../../Engine/Plugins/Editor/ContentBrowser/ContentBrowserAssetDataSource/ContentBrowserAssetDataSource.uplugin" 377
"../../../Engine/Plugins/Experimental/AR/PointCloud/PointCloud.uplugin" 378
"../../../Engine/Plugins/Experimental/Animation/ContextualAnimation/ContextualAnimation.uplugin" 379
"../../../Engine/Plugins/Experimental/Interchange/Editor/InterchangeEditor.uplugin" 380
"../../../Engine/Plugins/Experimental/Enterprise/DatasmithRuntime/DatasmithRuntime.uplugin" 381
"../../../Engine/Plugins/Experimental/Animation/MotionWarping/MotionWarping.uplugin" 382
"../../../Engine/Plugins/Experimental/Enterprise/DataprepGeometryOperations/DataprepGeometryOperations.uplugin" 383
"../../../Engine/Plugins/Experimental/VirtualProduction/LedWallCalibration/LedWallCalibration.uplugin" 384
"../../../Engine/Plugins/Online/Android/OnlineSubsystemGameCircle/OnlineSubsystemGameCircle.uplugin" 385
"../../../Engine/Plugins/Experimental/Interchange/Runtime/Interchange.uplugin" 386
"../../../Engine/Plugins/Online/Android/AndroidFetchBackgroundDownload/AndroidFetchBackgroundDownload.uplugin" 387
"../../../Engine/Plugins/Online/Experimental/OnlineServicesEOS/OnlineServicesEOS.uplugin" 388
"../../../Engine/Plugins/Online/Experimental/OnlineServices/OnlineServices.uplugin" 389
"../../../Engine/Plugins/Online/Android/OnlineSubsystemGooglePlay/OnlineSubsystemGooglePlay.uplugin" 390
"../../../Engine/Plugins/Online/Experimental/OnlineServicesNull/OnlineServicesNull.uplugin" 391
"../../../Engine/Plugins/Online/Experimental/OnlineServicesOSSAdapter/OnlineServicesOSSAdapter.uplugin" 392
"../../../Engine/Plugins/Online/VoiceChat/EOSVoiceChat/EOSVoiceChat.uplugin" 393
"../../../Engine/Plugins/Online/VoiceChat/VoiceChat/VoiceChat.uplugin" 394
"../../../Engine/Plugins/Runtime/Analytics/Adjust/Adjust.uplugin" 395
"../../../Engine/Plugins/Runtime/Analytics/AnalyticsBlueprintLibrary/AnalyticsBlueprintLibrary.uplugin" 396
"../../../Engine/Plugins/Runtime/Advertising/IOSTapJoy/IOSTapJoy.uplugin" 397
"../../../Engine/Plugins/Runtime/Analytics/AnalyticsMulticast/AnalyticsMulticast.uplugin" 398
"../../../Engine/Plugins/Runtime/Analytics/Flurry/Flurry.uplugin" 399
"../../../Engine/Plugins/Runtime/Analytics/FileLogging/FileLogging.uplugin" 400
"../../../Engine/Plugins/Runtime/AR/ARUtilities/ARUtilities.uplugin" 401
"../../../Engine/Plugins/Online/IOS/OnlineSubsystemIOS/OnlineSubsystemIOS.uplugin" 402
"../../../Engine/Plugins/Runtime/AR/AzureSpatialAnchorsForARCore/AzureSpatialAnchorsForARCore.uplugin" 403
"../../../Engine/Plugins/Runtime/AR/AzureSpatialAnchorsForARKit/AzureSpatialAnchorsForARKit.uplugin" 404
"../../../Engine/Plugins/Runtime/AR/AzureSpatialAnchorsForWMR/AzureSpatialAnchorsForWMR.uplugin" 405
"../../../Engine/Plugins/Runtime/AR/AzureSpatialAnchors/AzureSpatialAnchors.uplugin" 406
"../../../Engine/Plugins/Runtime/Database/SQLiteSupport/SQLiteSupport.uplugin" 407
"../../../Engine/Plugins/Runtime/Database/SQLiteCore/SQLiteCore.uplugin" 408
"../../../Engine/Plugins/Runtime/Database/ADOSupport/ADOSupport.uplugin" 409
"../../../Engine/Plugins/Runtime/Database/DatabaseSupport/DatabaseSupport.uplugin" 410
"../../../Engine/Plugins/Runtime/Database/RemoteDatabaseSupport/RemoteDatabaseSupport.uplugin" 411
"../../../Engine/Plugins/VirtualProduction/DMX/DMXEngine/DMXEngine.uplugin" 412
"../../../Engine/Plugins/VirtualProduction/DMX/DMXDisplayCluster/DMXDisplayCluster.uplugin" 413
"../../../Engine/Plugins/VirtualProduction/DMX/DMXProtocol/DMXProtocol.uplugin" 414
"../../../Engine/Plugins/Runtime/MeshReconstruction/DummyMeshReconstructor/DummyMeshReconstructor.uplugin" 415
"../../../Engine/Plugins/VirtualProduction/DMX/DMXPixelMapping/DMXPixelMapping.uplugin" 416
"../../../Engine/Plugins/Runtime/Nvidia/Reflex/Reflex.uplugin" 417
"../../../Engine/Plugins/Runtime/Oculus/OculusVR/OculusVR.uplugin" 418
"../../../Engine/Plugins/Runtime/Steam/SteamSockets/SteamSockets.uplugin" 419
"../../../Engine/Plugins/Runtime/Steam/SteamAudio/SteamAudio.uplugin" 420
"../../../Engine/Plugins/Runtime/Steam/SteamController/SteamController.uplugin" 421
"../../../Engine/Plugins/Runtime/Steam/SteamVR/SteamVR.uplugin" 422
"../../../Engine/Plugins/Runtime/Steam/SteamShared/SteamShared.uplugin" 423
"../../../Engine/Plugins/Runtime/XR/XRVisualization/XRVisualization.uplugin" 424
"../../../Engine/Plugins/Runtime/Windows/WinDualShock/WinDualShock.uplugin" 425
"../../../Engine/Plugins/Runtime/PacketHandlers/AESHandlerComponent/AESHandlerComponent.uplugin" 426
"../../../Engine/Plugins/Runtime/Oculus/OculusAudio/OculusAudio.uplugin" 427
"../../../Engine/Plugins/Runtime/PacketHandlers/DTLSHandlerComponent/DTLSHandlerComponent.uplugin" 428
"../../../Engine/Plugins/Runtime/PacketHandlers/AESGCMHandlerComponent/AESGCMHandlerComponent.uplugin" 429
"../../../Engine/Plugins/Developer/Concert/ConcertSync/ConcertSyncServer/ConcertSyncServer.uplugin" 430
"../../../Engine/Plugins/Runtime/AR/AppleAR/AppleARKitFaceSupport/AppleARKitFaceSupport.uplugin" 431
"../../../Engine/Plugins/Developer/Concert/ConcertSync/ConcertSyncTest/ConcertSyncTest.uplugin" 432
"../../../Engine/Plugins/Developer/Concert/ConcertSync/ConcertSyncCore/ConcertSyncCore.uplugin" 433
"../../../Engine/Plugins/VirtualProduction/DMX/DMXFixtures/DMXFixtures.uplugin" 434
"../../../Engine/Plugins/Runtime/AR/AppleAR/AppleARKit/AppleARKit.uplugin" 435
"../../../Engine/Plugins/Runtime/AR/Google/GoogleARCoreServices/GoogleARCoreServices.uplugin" 436
"../../../Engine/Plugins/Runtime/AR/Google/GoogleARCore/GoogleARCore.uplugin" 437
"../../../Engine/Plugins/Developer/Concert/ConcertSync/ConcertSyncClient/ConcertSyncClient.uplugin" 438
"../../../Engine/Content/Internationalization/icudt64l/cnvalias.icu" 439
"../../../Engine/Content/Internationalization/icudt64l/res_index.res" 440
"../../../Engine/Content/Internationalization/icudt64l/plurals.res" 441
"../../../Engine/Content/Internationalization/icudt64l/lang/en.res" 442
"../../../Engine/Content/Internationalization/icudt64l/lang/pool.res" 443
"../../../Engine/Content/Internationalization/icudt64l/lang/root.res" 444
"../../../Engine/Content/Internationalization/icudt64l/region/en.res" 445
"../../../Engine/Content/Internationalization/icudt64l/region/pool.res" 446
"../../../Engine/Content/Internationalization/icudt64l/region/root.res" 447
"../../../Engine/Content/Internationalization/icudt64l/windowsZones.res" 448
"../../../Engine/Content/Internationalization/icudt64l/zoneinfo64.res" 449
"../../../Engine/Content/Internationalization/icudt64l/keyTypeData.res" 450
"../../../Engine/Content/Internationalization/icudt64l/timezoneTypes.res" 451
"../../../Engine/Content/Internationalization/icudt64l/likelySubtags.res" 452
"../../../Engine/Content/Internationalization/icudt64l/en_US.res" 453
"../../../Engine/Content/Internationalization/icudt64l/pool.res" 454
"../../../Engine/Content/Internationalization/icudt64l/en.res" 455
"../../../Engine/Content/Internationalization/icudt64l/root.res" 456
"../../../Engine/Content/Internationalization/icudt64l/supplementalData.res" 457
"C:/Users/micha/AppData/Local/UnrealEngine/5.0/Saved/Config/WindowsEditor/Manifest.ini" 458
"../../../Engine/Config/Base.ini" 459
"../../../Engine/Config/BaseEngine.ini" 460
"../../../Engine/Config/Windows/BaseWindowsEngine.ini" 461
"../../../../../../Users/micha/OneDrive/Documents/Unreal Projects/RTD/Config/DefaultEngine.ini" 462
"../../../Engine/Config/Windows/WindowsEngine.ini" 463
"C:/Users/micha/OneDrive/Documents/Unreal Projects/RTD/Saved/Config/WindowsEditor/Engine.ini" 464
"../../../Engine/Config/BaseGame.ini" 465
"../../../../../../Users/micha/OneDrive/Documents/Unreal Projects/RTD/Config/DefaultGame.ini" 466
"../../../Engine/Config/Windows/WindowsGame.ini" 467
"C:/Users/micha/OneDrive/Documents/Unreal Projects/RTD/Saved/Config/WindowsEditor/Game.ini" 468
"../../../Engine/Config/BaseInput.ini" 469
"C:/Users/micha/OneDrive/Documents/Unreal Projects/RTD/Saved/Config/WindowsEditor/Input.ini" 470
"../../../Engine/Config/BaseDeviceProfiles.ini" 471
"C:/Users/micha/OneDrive/Documents/Unreal Projects/RTD/Saved/Config/WindowsEditor/DeviceProfiles.ini" 472
"../../../Engine/Config/BaseGameUserSettings.ini" 473
"C:/Users/micha/OneDrive/Documents/Unreal Projects/RTD/Saved/Config/WindowsEditor/GameUserSettings.ini" 474
"../../../Engine/Config/BaseScalability.ini" 475
"C:/Users/micha/OneDrive/Documents/Unreal Projects/RTD/Saved/Config/WindowsEditor/Scalability.ini" 476
"../../../Engine/Config/BaseRuntimeOptions.ini" 477
"C:/Users/micha/OneDrive/Documents/Unreal Projects/RTD/Saved/Config/WindowsEditor/RuntimeOptions.ini" 478
"../../../Engine/Config/BaseInstallBundle.ini" 479
"../../../Engine/Config/BaseHardware.ini" 480
"C:/Users/micha/OneDrive/Documents/Unreal Projects/RTD/Saved/Config/WindowsEditor/Hardware.ini" 481
"../../../Engine/Config/BaseEditor.ini" 482
"../../../../../../Users/micha/OneDrive/Documents/Unreal Projects/RTD/Config/DefaultEditor.ini" 483
"C:/Users/micha/OneDrive/Documents/Unreal Projects/RTD/Saved/Config/WindowsEditor/Editor.ini" 484
"../../../Engine/Config/BaseEditorPerProjectUserSettings.ini" 485
"C:/Users/micha/OneDrive/Documents/Unreal Projects/RTD/Saved/Config/WindowsEditor/EditorPerProjectUserSettings.ini" 486
"../../../Engine/Config/BaseEditorSettings.ini" 487
"C:/Users/micha/AppData/Local/UnrealEngine/5.0/Saved/Config/WindowsEditor/EditorSettings.ini" 488
"../../../Engine/Config/BaseEditorKeyBindings.ini" 489
"C:/Users/micha/AppData/Local/UnrealEngine/5.0/Saved/Config/WindowsEditor/EditorKeyBindings.ini" 490
"C:/Users/micha/AppData/Local/UnrealEngine/5.0/Saved/Config/WindowsEditor/EditorLayout.ini" 491
"../../../Engine/Config/BaseCompat.ini" 492
"C:/Users/micha/OneDrive/Documents/Unreal Projects/RTD/Saved/Config/WindowsEditor/Compat.ini" 493
"../../../Engine/Config/BaseLightmass.ini" 494
"C:/Users/micha/OneDrive/Documents/Unreal Projects/RTD/Saved/Config/WindowsEditor/Lightmass.ini" 495
"../../../Engine/Config/Android/BaseAndroidEngine.ini" 496
"../../../Engine/Config/IOS/BaseIOSEngine.ini" 497
"../../../Engine/Config/Mac/BaseMacEngine.ini" 498
"../../../../../../Users/micha/OneDrive/Documents/Unreal Projects/RTD/Binaries/Win64/RTD.target" 499
"../../../Engine/Config/Linux/BaseLinuxEngine.ini" 500
"../../../Engine/Config/Android/AndroidEngine.ini" 501
"../../../Engine/Config/HoloLens/HoloLensEngine.ini" 502
"../../../Engine/Config/IOS/IOSEngine.ini" 503
"../../../../../../Users/micha/OneDrive/Documents/Unreal Projects/RTD/Config/HoloLens/HoloLensEngine.ini" 504
"../../../Engine/Config/Unix/UnixEngine.ini" 505
"../../../Engine/Config/TVOS/TVOSEngine.ini" 506
"../../../Engine/Config/Mac/MacEngine.ini" 507
"../../../Engine/Config/LinuxArm64/LinuxArm64Engine.ini" 508
"../../../Engine/Config/Linux/LinuxEngine.ini" 509
"../../../../../../Users/micha/OneDrive/Documents/Unreal Projects/RTD/Binaries/Win64/RTDEditor.target" 510
"../../../Engine/Config/Android/BaseAndroidGame.ini" 511
"../../../Engine/Config/IOS/BaseIOSGame.ini" 512
"../../../Engine/Config/HoloLens/HoloLensGame.ini" 513
"../../../Engine/Config/IOS/IOSGame.ini" 514
"../../../Engine/Config/Mac/MacGame.ini" 515
"../../../Engine/Config/Linux/LinuxGame.ini" 516
"../../../Engine/Config/Android/AndroidScalability.ini" 517
"../../../Engine/Config/IOS/IOSScalability.ini" 518
"../../../Engine/Plugins/Animation/ControlRig/Config/BaseControlRig.ini" 519
"C:/Users/micha/OneDrive/Documents/Unreal Projects/RTD/Saved/Config/WindowsEditor/ControlRig.ini" 520
"../../../Engine/Plugins/2D/Paper2D/Config/BasePaper2D.ini" 521
"C:/Users/micha/OneDrive/Documents/Unreal Projects/RTD/Saved/Config/WindowsEditor/Paper2D.ini" 522
"../../../Engine/Plugins/Animation/IKRig/Config/BaseIKRig.ini" 523
"../../../Engine/Plugins/Enterprise/VariantManagerContent/Config/BaseVariantManagerContent.ini" 524
"C:/Users/micha/OneDrive/Documents/Unreal Projects/RTD/Saved/Config/WindowsEditor/VariantManagerContent.ini" 525
"../../../Engine/Plugins/Developer/TraceDataFiltering/Config/BaseTraceDataFilters.ini" 526
"C:/Users/micha/OneDrive/Documents/Unreal Projects/RTD/Saved/Config/WindowsEditor/TraceDataFilters.ini" 527
"../../../Engine/Plugins/Editor/EditorScriptingUtilities/Config/BaseEditorScriptingUtilities.ini" 528
"C:/Users/micha/OneDrive/Documents/Unreal Projects/RTD/Saved/Config/WindowsEditor/EditorScriptingUtilities.ini" 529
"../../../Engine/Plugins/FX/Niagara/Config/BaseNiagara.ini" 530
"C:/Users/micha/OneDrive/Documents/Unreal Projects/RTD/Saved/Config/WindowsEditor/Niagara.ini" 531
"../../../Engine/Plugins/Experimental/CommonUI/Config/BaseCommonUI.ini" 532
"C:/Users/micha/OneDrive/Documents/Unreal Projects/RTD/Saved/Config/WindowsEditor/CommonUI.ini" 533
"../../../Engine/Plugins/Experimental/FullBodyIK/Config/BaseFullBodyIK.ini" 534
"C:/Users/micha/OneDrive/Documents/Unreal Projects/RTD/Saved/Config/WindowsEditor/FullBodyIK.ini" 535
"../../../Engine/Plugins/Runtime/HairStrands/Config/BaseHairStrands.ini" 536
"C:/Users/micha/OneDrive/Documents/Unreal Projects/RTD/Saved/Config/WindowsEditor/HairStrands.ini" 537
"../../../Engine/Plugins/Runtime/Synthesis/Config/BaseSynthesis.ini" 538
"C:/Users/micha/OneDrive/Documents/Unreal Projects/RTD/Saved/Config/WindowsEditor/Synthesis.ini" 539
"../../../Engine/Plugins/Bridge/Binaries/Win64/UnrealEditor.modules" 540
"../../../Engine/Plugins/Editor/EditorScriptingUtilities/Binaries/Win64/UnrealEditor.modules" 541
"../../../Engine/Plugins/Marketplace/HexGrids/Binaries/Win64/UnrealEditor.modules" 542
"../../../Engine/Plugins/Marketplace/FastNoiseGenerator/Binaries/Win64/UnrealEditor.modules" 543
"../../../Engine/Plugins/Editor/ModelingToolsEditorMode/Binaries/Win64/UnrealEditor.modules" 544
"../../../Engine/Plugins/Runtime/MeshModelingToolset/Binaries/Win64/UnrealEditor.modules" 545
"../../../Engine/Plugins/Experimental/MeshModelingToolsetExp/Binaries/Win64/UnrealEditor.modules" 546
"../../../Engine/Plugins/Experimental/MeshLODToolset/Binaries/Win64/UnrealEditor.modules" 547
"../../../Engine/Plugins/Editor/StylusInput/Binaries/Win64/UnrealEditor.modules" 548
"../../../Engine/Plugins/Runtime/GeometryProcessing/Binaries/Win64/UnrealEditor.modules" 549
"../../../Engine/Plugins/Experimental/ProxyLODPlugin/Binaries/Win64/UnrealEditor.modules" 550
"../../../Engine/Plugins/Runtime/HairStrands/Binaries/Win64/UnrealEditor.modules" 551
"../../../Engine/Plugins/Experimental/GeometryFlow/Binaries/Win64/UnrealEditor.modules" 552
"../../../Engine/Plugins/FX/Niagara/Binaries/Win64/UnrealEditor.modules" 553
"../../../Engine/Plugins/Runtime/GeometryCache/Binaries/Win64/UnrealEditor.modules" 554
"../../../Engine/Plugins/Experimental/PythonScriptPlugin/Binaries/Win64/UnrealEditor.modules" 555
"../../../Engine/Plugins/Editor/ContentBrowser/ContentBrowserFileDataSource/Binaries/Win64/UnrealEditor.modules" 556
"../../../Engine/Plugins/Experimental/CommonUI/Binaries/Win64/UnrealEditor.modules" 557
"../../../Engine/Plugins/Editor/GameplayTagsEditor/Binaries/Win64/UnrealEditor.modules" 558
"../../../Engine/Plugins/FastBuildController/Binaries/Win64/UnrealEditor.modules" 559
"../../../Engine/Plugins/MeshPainting/Binaries/Win64/UnrealEditor.modules" 560
"../../../Engine/Plugins/XGEController/Binaries/Win64/UnrealEditor.modules" 561
"../../../Engine/Plugins/Animation/ControlRig/Binaries/Win64/UnrealEditor.modules" 562
"../../../Engine/Plugins/MovieScene/LevelSequenceEditor/Binaries/Win64/UnrealEditor.modules" 563
"../../../Engine/Plugins/Runtime/PropertyAccess/Binaries/Win64/UnrealEditor.modules" 564
"../../../Engine/Plugins/MovieScene/SequencerScripting/Binaries/Win64/UnrealEditor.modules" 565
"../../../Engine/Plugins/Animation/AnimationModifierLibrary/Binaries/Win64/UnrealEditor.modules" 566
"../../../Engine/Plugins/2D/Paper2D/Binaries/Win64/UnrealEditor.modules" 567
"../../../Engine/Plugins/Animation/BlendSpaceMotionAnalysis/Binaries/Win64/UnrealEditor.modules" 568
"../../../Engine/Plugins/Animation/IKRig/Binaries/Win64/UnrealEditor.modules" 569
"../../../Engine/Plugins/Experimental/FullBodyIK/Binaries/Win64/UnrealEditor.modules" 570
"../../../Engine/Plugins/Animation/ControlRigSpline/Binaries/Win64/UnrealEditor.modules" 571
"../../../Engine/Plugins/AI/AISupport/Binaries/Win64/UnrealEditor.modules" 572
"../../../Engine/Plugins/AI/EnvironmentQueryEditor/Binaries/Win64/UnrealEditor.modules" 573
"../../../Engine/Plugins/Compression/OodleNetwork/Binaries/Win64/UnrealEditor.modules" 574
"../../../Engine/Plugins/Enterprise/DatasmithContent/Binaries/Win64/UnrealEditor.modules" 575
"../../../Engine/Plugins/Enterprise/VariantManagerContent/Binaries/Win64/UnrealEditor.modules" 576
"../../../Engine/Plugins/Developer/AnimationSharing/Binaries/Win64/UnrealEditor.modules" 577
"../../../Engine/Plugins/Runtime/SignificanceManager/Binaries/Win64/UnrealEditor.modules" 578
"../../../Engine/Plugins/Developer/CLionSourceCodeAccess/Binaries/Win64/UnrealEditor.modules" 579
"../../../Engine/Plugins/Developer/PerforceSourceControl/Binaries/Win64/UnrealEditor.modules" 580
"../../../Engine/Plugins/Developer/PixWinPlugin/Binaries/Win64/UnrealEditor.modules" 581
"../../../Engine/Plugins/Developer/PlasticSourceControl/Binaries/Win64/UnrealEditor.modules" 582
"../../../Engine/Plugins/Developer/PluginUtils/Binaries/Win64/UnrealEditor.modules" 583
"../../../Engine/Plugins/Developer/PropertyAccessNode/Binaries/Win64/UnrealEditor.modules" 584
"../../../Engine/Plugins/Developer/RiderSourceCodeAccess/Binaries/Win64/UnrealEditor.modules" 585
"../../../Engine/Plugins/Developer/SubversionSourceControl/Binaries/Win64/UnrealEditor.modules" 586
"../../../Engine/Plugins/Developer/TextureFormatOodle/Binaries/Win64/UnrealEditor.modules" 587
"../../../Engine/Plugins/Developer/TraceDataFiltering/Binaries/Win64/UnrealEditor.modules" 588
"../../../Engine/Plugins/Developer/VisualStudioCodeSourceCodeAccess/Binaries/Win64/UnrealEditor.modules" 589
"../../../Engine/Plugins/Developer/UObjectPlugin/Binaries/Win64/UnrealEditor.modules" 590
"../../../Engine/Plugins/Developer/GitSourceControl/Binaries/Win64/UnrealEditor.modules" 591
"../../../Engine/Plugins/Developer/VisualStudioSourceCodeAccess/Binaries/Win64/UnrealEditor.modules" 592
"../../../Engine/Plugins/Editor/AssetManagerEditor/Binaries/Win64/UnrealEditor.modules" 593
"../../../Engine/Plugins/Editor/DataValidation/Binaries/Win64/UnrealEditor.modules" 594
"../../../Engine/Plugins/Editor/CurveEditorTools/Binaries/Win64/UnrealEditor.modules" 595
"../../../Engine/Plugins/Editor/CryptoKeys/Binaries/Win64/UnrealEditor.modules" 596
"../../../Engine/Plugins/Editor/FacialAnimation/Binaries/Win64/UnrealEditor.modules" 597
"../../../Engine/Plugins/Editor/GeometryMode/Binaries/Win64/UnrealEditor.modules" 598
"../../../Engine/Plugins/Editor/MaterialAnalyzer/Binaries/Win64/UnrealEditor.modules" 599
"../../../Engine/Plugins/Editor/MobileLauncherProfileWizard/Binaries/Win64/UnrealEditor.modules" 600
"../../../Engine/Plugins/Editor/PluginBrowser/Binaries/Win64/UnrealEditor.modules" 601
"../../../Engine/Plugins/Editor/SequencerAnimTools/Binaries/Win64/UnrealEditor.modules" 602
"../../../Engine/Plugins/Editor/WorldPartitionHLODUtilities/Binaries/Win64/UnrealEditor.modules" 603
"../../../Engine/Plugins/Editor/SpeedTreeImporter/Binaries/Win64/UnrealEditor.modules" 604
"../../../Engine/Plugins/Editor/EditorDebugTools/Binaries/Win64/UnrealEditor.modules" 605
"../../../Engine/Plugins/Experimental/BackChannel/Binaries/Win64/UnrealEditor.modules" 606
"../../../Engine/Plugins/Experimental/ChaosCloth/Binaries/Win64/UnrealEditor.modules" 607
"../../../Engine/Plugins/Experimental/ChaosClothEditor/Binaries/Win64/UnrealEditor.modules" 608
"../../../Engine/Plugins/Experimental/ChaosNiagara/Binaries/Win64/UnrealEditor.modules" 609
"../../../Engine/Plugins/Experimental/ChaosSolverPlugin/Binaries/Win64/UnrealEditor.modules" 610
"../../../Engine/Plugins/Experimental/CharacterAI/Binaries/Win64/UnrealEditor.modules" 611
"../../../Engine/Plugins/Experimental/ChaosEditor/Binaries/Win64/UnrealEditor.modules" 612
"../../../Engine/Plugins/Experimental/PlanarCutPlugin/Binaries/Win64/UnrealEditor.modules" 613
"../../../Engine/Plugins/Experimental/GeometryCollectionPlugin/Binaries/Win64/UnrealEditor.modules" 614
"../../../Engine/Plugins/Runtime/ProceduralMeshComponent/Binaries/Win64/UnrealEditor.modules" 615
"../../../Engine/Plugins/Experimental/AutomationUtils/Binaries/Win64/UnrealEditor.modules" 616
"../../../Engine/Plugins/Cameras/CameraShakePreviewer/Binaries/Win64/UnrealEditor.modules" 617
"../../../Engine/Plugins/Cameras/GameplayCameras/Binaries/Win64/UnrealEditor.modules" 618
"../../../Engine/Plugins/MovieScene/TemplateSequence/Binaries/Win64/UnrealEditor.modules" 619
"../../../Engine/Plugins/Importers/AlembicImporter/Binaries/Win64/UnrealEditor.modules" 620
"../../../Engine/Plugins/Experimental/OpenImageDenoise/Binaries/Win64/UnrealEditor.modules" 621
"../../../Engine/Plugins/Experimental/PlatformCrypto/Binaries/Win64/UnrealEditor.modules" 622
"../../../Engine/Plugins/Experimental/SkeletalReduction/Binaries/Win64/UnrealEditor.modules" 623
"../../../Engine/Plugins/Media/AndroidMedia/Binaries/Win64/UnrealEditor.modules" 624
"../../../Engine/Plugins/Media/AvfMedia/Binaries/Win64/UnrealEditor.modules" 625
"../../../Engine/Plugins/Media/ImgMedia/Binaries/Win64/UnrealEditor.modules" 626
"../../../Engine/Plugins/Media/MediaCompositing/Binaries/Win64/UnrealEditor.modules" 627
"../../../Engine/Plugins/Media/MediaPlayerEditor/Binaries/Win64/UnrealEditor.modules" 628
"../../../Engine/Plugins/MovieScene/ActorSequence/Binaries/Win64/UnrealEditor.modules" 629
"../../../Engine/Plugins/Media/WmfMedia/Binaries/Win64/UnrealEditor.modules" 630
"../../../Engine/Plugins/MovieScene/MatineeToLevelSequence/Binaries/Win64/UnrealEditor.modules" 631
"../../../Engine/Plugins/Messaging/TcpMessaging/Binaries/Win64/UnrealEditor.modules" 632
"../../../Engine/Plugins/Messaging/UdpMessaging/Binaries/Win64/UnrealEditor.modules" 633
"../../../Engine/Plugins/Portal/LauncherChunkInstaller/Binaries/Win64/UnrealEditor.modules" 634
"../../../Engine/Plugins/Online/OnlineBase/Binaries/Win64/UnrealEditor.modules" 635
"../../../Engine/Plugins/Online/OnlineSubsystem/Binaries/Win64/UnrealEditor.modules" 636
"../../../Engine/Plugins/Online/OnlineSubsystemNull/Binaries/Win64/UnrealEditor.modules" 637
"../../../Engine/Plugins/Online/OnlineSubsystemUtils/Binaries/Win64/UnrealEditor.modules" 638
"../../../Engine/Plugins/Online/Experimental/OnlineServices/Binaries/Win64/UnrealEditor.modules" 639
"../../../Engine/Plugins/Runtime/ActorLayerUtilities/Binaries/Win64/UnrealEditor.modules" 640
"../../../Engine/Plugins/Runtime/AndroidDeviceProfileSelector/Binaries/Win64/UnrealEditor.modules" 641
"../../../Engine/Plugins/Runtime/AndroidFileServer/Binaries/Win64/UnrealEditor.modules" 642
"../../../Engine/Plugins/Runtime/AndroidPermission/Binaries/Win64/UnrealEditor.modules" 643
"../../../Engine/Plugins/Runtime/AppleImageUtils/Binaries/Win64/UnrealEditor.modules" 644
"../../../Engine/Plugins/Runtime/ArchVisCharacter/Binaries/Win64/UnrealEditor.modules" 645
"../../../Engine/Plugins/Runtime/AssetTags/Binaries/Win64/UnrealEditor.modules" 646
"../../../Engine/Plugins/Runtime/AudioCapture/Binaries/Win64/UnrealEditor.modules" 647
"../../../Engine/Plugins/Runtime/CableComponent/Binaries/Win64/UnrealEditor.modules" 648
"../../../Engine/Plugins/Runtime/CustomMeshComponent/Binaries/Win64/UnrealEditor.modules" 649
"../../../Engine/Plugins/Runtime/ChunkDownloader/Binaries/Win64/UnrealEditor.modules" 650
"../../../Engine/Plugins/Runtime/ExampleDeviceProfileSelector/Binaries/Win64/UnrealEditor.modules" 651
"../../../Engine/Plugins/Runtime/GooglePAD/Binaries/Win64/UnrealEditor.modules" 652
"../../../Engine/Plugins/Runtime/LocationServicesBPLibrary/Binaries/Win64/UnrealEditor.modules" 653
"../../../Engine/Plugins/Runtime/MobilePatchingUtils/Binaries/Win64/UnrealEditor.modules" 654
"../../../Engine/Plugins/Runtime/ResonanceAudio/Binaries/Win64/UnrealEditor.modules" 655
"../../../Engine/Plugins/Runtime/RuntimePhysXCooking/Binaries/Win64/UnrealEditor.modules" 656
"../../../Engine/Plugins/Runtime/SoundFields/Binaries/Win64/UnrealEditor.modules" 657
"../../../Engine/Plugins/Runtime/Synthesis/Binaries/Win64/UnrealEditor.modules" 658
"../../../Engine/Plugins/Runtime/AudioSynesthesia/Binaries/Win64/UnrealEditor.modules" 659
"../../../Engine/Plugins/Runtime/WebMMoviePlayer/Binaries/Win64/UnrealEditor.modules" 660
"../../../Engine/Plugins/Media/WebMMedia/Binaries/Win64/UnrealEditor.modules" 661
"../../../Engine/Plugins/Runtime/WindowsDeviceProfileSelector/Binaries/Win64/UnrealEditor.modules" 662
"../../../Engine/Plugins/Runtime/WindowsMoviePlayer/Binaries/Win64/UnrealEditor.modules" 663
"../../../Engine/Plugins/Editor/ContentBrowser/ContentBrowserClassDataSource/Binaries/Win64/UnrealEditor.modules" 664
"../../../Engine/Plugins/Editor/ContentBrowser/ContentBrowserAssetDataSource/Binaries/Win64/UnrealEditor.modules" 665
"../../../Engine/Plugins/Experimental/Interchange/Editor/Binaries/Win64/UnrealEditor.modules" 666
"../../../Engine/Plugins/Experimental/Interchange/Runtime/Binaries/Win64/UnrealEditor.modules" 667
"C:/Users/micha/AppData/Local/UnrealEngine/5.0/Saved/Config/WindowsEditor/SourceControlSettings.ini" 668
"C:/Users/micha/OneDrive/Documents/Unreal Projects/RTD/Saved/Config/WindowsEditor/SourceControlSettings.ini" 669
"../../../Engine/Content/Certificates/ThirdParty/cacert.pem" 670
"../../../Engine/Config/ConsoleVariables.ini" 671
"../../../Engine/Binaries/Win64/Android/UnrealEditor.modules" 672
"../../../Engine/Binaries/Win64/IOS/UnrealEditor.modules" 673
"../../../Engine/Binaries/Win64/Linux/UnrealEditor.modules" 674
"../../../Engine/Binaries/Win64/LinuxArm64/UnrealEditor.modules" 675
"C:\Program Files\Epic Games\UE_5.0\Engine\Binaries\ThirdParty\ShaderConductor\Win64\dxcompiler.dll" 676
"C:\Program Files\Epic Games\UE_5.0\Engine\Binaries\ThirdParty\ShaderConductor\Win64\dxil.dll" 677
"C:\Program Files\Epic Games\UE_5.0\Engine\Binaries\ThirdParty\ShaderConductor\Win64\ShaderConductor.dll" 678
"../../../Engine/Content/Localization/Editor/en/Editor.locres" 679
"../../../Engine/Content/Localization/EditorTutorials/en/EditorTutorials.locres" 680
"../../../Engine/Content/Localization/Keywords/en/Keywords.locres" 681
"../../../Engine/Content/Localization/Category/en/Category.locres" 682
"../../../Engine/Content/Localization/ToolTips/en/ToolTips.locres" 683
"../../../Engine/Content/Localization/PropertyNames/en/PropertyNames.locres" 684
"../../../Engine/Content/Localization/Engine/en/Engine.locres" 685
"../../../Engine/Plugins/Online/OnlineSubsystem/Content/Localization/OnlineSubsystem/en/OnlineSubsystem.locres" 686
"../../../Engine/Plugins/Online/OnlineSubsystemUtils/Content/Localization/OnlineSubsystemUtils/en/OnlineSubsystemUtils.locres" 687
"../../../Engine/Plugins/Online/Android/OnlineSubsystemGooglePlay/Content/Localization/OnlineSubsystemGooglePlay/en/OnlineSubsystemGooglePlay.locres" 688
"../../../Engine/Plugins/Online/IOS/OnlineSubsystemIOS/Content/Localization/OnlineSubsystemIOS/en/OnlineSubsystemIOS.locres" 689
"../../../Engine/Content/Internationalization/icudt64l/numberingSystems.res" 690
"../../../Engine/Content/Internationalization/icudt64l/curr/supplementalData.res" 691
"../../../Engine/Content/Internationalization/icudt64l/curr/en.res" 692
"../../../Engine/Content/Internationalization/icudt64l/curr/pool.res" 693
"../../../Engine/Content/Internationalization/icudt64l/curr/root.res" 694
"../../../Engine/Content/Internationalization/icudt64l/lang/af.res" 695
"../../../Engine/Content/Internationalization/icudt64l/region/af.res" 696
"../../../Engine/Content/Internationalization/icudt64l/lang/agq.res" 697
"../../../Engine/Content/Internationalization/icudt64l/region/agq.res" 698
"../../../Engine/Content/Internationalization/icudt64l/lang/ak.res" 699
"../../../Engine/Content/Internationalization/icudt64l/region/ak.res" 700
"../../../Engine/Content/Internationalization/icudt64l/lang/am.res" 701
"../../../Engine/Content/Internationalization/icudt64l/region/am.res" 702
"../../../Engine/Content/Internationalization/icudt64l/lang/ar.res" 703
"../../../Engine/Content/Internationalization/icudt64l/region/ar.res" 704
"../../../Engine/Content/Internationalization/icudt64l/region/ar_AE.res" 705
"../../../Engine/Content/Internationalization/icudt64l/lang/ar_EG.res" 706
"../../../Engine/Content/Internationalization/icudt64l/lang/ar_LY.res" 707
"../../../Engine/Content/Internationalization/icudt64l/region/ar_LY.res" 708
"../../../Engine/Content/Internationalization/icudt64l/lang/ar_SA.res" 709
"../../../Engine/Content/Internationalization/icudt64l/region/ar_SA.res" 710
"../../../Engine/Content/Internationalization/icudt64l/lang/as.res" 711
"../../../Engine/Content/Internationalization/icudt64l/region/as.res" 712
"../../../Engine/Content/Internationalization/icudt64l/lang/asa.res" 713
"../../../Engine/Content/Internationalization/icudt64l/region/asa.res" 714
"../../../Engine/Content/Internationalization/icudt64l/lang/ast.res" 715
"../../../Engine/Content/Internationalization/icudt64l/region/ast.res" 716
"../../../Engine/Content/Internationalization/icudt64l/lang/az.res" 717
"../../../Engine/Content/Internationalization/icudt64l/lang/az_Cyrl.res" 718
"../../../Engine/Content/Internationalization/icudt64l/lang/az_AZ.res" 719
"../../../Engine/Content/Internationalization/icudt64l/lang/az_Latn_AZ.res" 720
"../../../Engine/Content/Internationalization/icudt64l/lang/az_Latn.res" 721
"../../../Engine/Content/Internationalization/icudt64l/region/az_AZ.res" 722
"../../../Engine/Content/Internationalization/icudt64l/region/az_Latn_AZ.res" 723
"../../../Engine/Content/Internationalization/icudt64l/region/az_Latn.res" 724
"../../../Engine/Content/Internationalization/icudt64l/region/az.res" 725
"../../../Engine/Content/Internationalization/icudt64l/region/az_Cyrl.res" 726
"../../../Engine/Content/Internationalization/icudt64l/lang/bas.res" 727
"../../../Engine/Content/Internationalization/icudt64l/region/bas.res" 728
"../../../Engine/Content/Internationalization/icudt64l/lang/be.res" 729
"../../../Engine/Content/Internationalization/icudt64l/region/be.res" 730
"../../../Engine/Content/Internationalization/icudt64l/lang/bem.res" 731
"../../../Engine/Content/Internationalization/icudt64l/region/bem.res" 732
"../../../Engine/Content/Internationalization/icudt64l/lang/bez.res" 733
"../../../Engine/Content/Internationalization/icudt64l/region/bez.res" 734
"../../../Engine/Content/Internationalization/icudt64l/lang/bg.res" 735
"../../../Engine/Content/Internationalization/icudt64l/region/bg.res" 736
"../../../Engine/Content/Internationalization/icudt64l/lang/bm.res" 737
"../../../Engine/Content/Internationalization/icudt64l/region/bm.res" 738
"../../../Engine/Content/Internationalization/icudt64l/lang/bn.res" 739
"../../../Engine/Content/Internationalization/icudt64l/region/bn.res" 740
"../../../Engine/Content/Internationalization/icudt64l/lang/bn_IN.res" 741
"../../../Engine/Content/Internationalization/icudt64l/region/bn_IN.res" 742
"../../../Engine/Content/Internationalization/icudt64l/lang/bo.res" 743
"../../../Engine/Content/Internationalization/icudt64l/region/bo.res" 744
"../../../Engine/Content/Internationalization/icudt64l/region/bo_IN.res" 745
"../../../Engine/Content/Internationalization/icudt64l/lang/br.res" 746
"../../../Engine/Content/Internationalization/icudt64l/region/br.res" 747
"../../../Engine/Content/Internationalization/icudt64l/lang/brx.res" 748
"../../../Engine/Content/Internationalization/icudt64l/region/brx.res" 749
"../../../Engine/Content/Internationalization/icudt64l/lang/bs.res" 750
"../../../Engine/Content/Internationalization/icudt64l/lang/bs_Cyrl.res" 751
"../../../Engine/Content/Internationalization/icudt64l/lang/bs_BA.res" 752
"../../../Engine/Content/Internationalization/icudt64l/lang/bs_Latn_BA.res" 753
"../../../Engine/Content/Internationalization/icudt64l/lang/bs_Latn.res" 754
"../../../Engine/Content/Internationalization/icudt64l/region/bs_BA.res" 755
"../../../Engine/Content/Internationalization/icudt64l/region/bs_Latn_BA.res" 756
"../../../Engine/Content/Internationalization/icudt64l/region/bs_Latn.res" 757
"../../../Engine/Content/Internationalization/icudt64l/region/bs.res" 758
"../../../Engine/Content/Internationalization/icudt64l/region/bs_Cyrl.res" 759
"../../../Engine/Content/Internationalization/icudt64l/lang/ca.res" 760
"../../../Engine/Content/Internationalization/icudt64l/region/ca.res" 761
"../../../Engine/Content/Internationalization/icudt64l/lang/ccp.res" 762
"../../../Engine/Content/Internationalization/icudt64l/region/ccp.res" 763
"../../../Engine/Content/Internationalization/icudt64l/lang/ce.res" 764
"../../../Engine/Content/Internationalization/icudt64l/region/ce.res" 765
"../../../Engine/Content/Internationalization/icudt64l/lang/ceb.res" 766
"../../../Engine/Content/Internationalization/icudt64l/region/ceb.res" 767
"../../../Engine/Content/Internationalization/icudt64l/lang/cgg.res" 768
"../../../Engine/Content/Internationalization/icudt64l/region/cgg.res" 769
"../../../Engine/Content/Internationalization/icudt64l/lang/chr.res" 770
"../../../Engine/Content/Internationalization/icudt64l/region/chr.res" 771
"../../../Engine/Content/Internationalization/icudt64l/lang/ckb.res" 772
"../../../Engine/Content/Internationalization/icudt64l/region/ckb.res" 773
"../../../Engine/Content/Internationalization/icudt64l/lang/cs.res" 774
"../../../Engine/Content/Internationalization/icudt64l/region/cs.res" 775
"../../../Engine/Content/Internationalization/icudt64l/lang/cy.res" 776
"../../../Engine/Content/Internationalization/icudt64l/region/cy.res" 777
"../../../Engine/Content/Internationalization/icudt64l/lang/da.res" 778
"../../../Engine/Content/Internationalization/icudt64l/region/da.res" 779
"../../../Engine/Content/Internationalization/icudt64l/lang/dav.res" 780
"../../../Engine/Content/Internationalization/icudt64l/region/dav.res" 781
"../../../Engine/Content/Internationalization/icudt64l/lang/de.res" 782
"../../../Engine/Content/Internationalization/icudt64l/lang/de_AT.res" 783
"../../../Engine/Content/Internationalization/icudt64l/region/de_AT.res" 784
"../../../Engine/Content/Internationalization/icudt64l/region/de.res" 785
"../../../Engine/Content/Internationalization/icudt64l/lang/de_CH.res" 786
"../../../Engine/Content/Internationalization/icudt64l/region/de_CH.res" 787
"../../../Engine/Content/Internationalization/icudt64l/lang/de_LU.res" 788
"../../../Engine/Content/Internationalization/icudt64l/lang/dje.res" 789
"../../../Engine/Content/Internationalization/icudt64l/region/dje.res" 790
"../../../Engine/Content/Internationalization/icudt64l/lang/dsb.res" 791
"../../../Engine/Content/Internationalization/icudt64l/region/dsb.res" 792
"../../../Engine/Content/Internationalization/icudt64l/lang/dua.res" 793
"../../../Engine/Content/Internationalization/icudt64l/region/dua.res" 794
"../../../Engine/Content/Internationalization/icudt64l/lang/dyo.res" 795
"../../../Engine/Content/Internationalization/icudt64l/region/dyo.res" 796
"../../../Engine/Content/Internationalization/icudt64l/lang/dz.res" 797
"../../../Engine/Content/Internationalization/icudt64l/region/dz.res" 798
"../../../Engine/Content/Internationalization/icudt64l/lang/ebu.res" 799
"../../../Engine/Content/Internationalization/icudt64l/region/ebu.res" 800
"../../../Engine/Content/Internationalization/icudt64l/lang/ee.res" 801
"../../../Engine/Content/Internationalization/icudt64l/region/ee.res" 802
"../../../Engine/Content/Internationalization/icudt64l/lang/el.res" 803
"../../../Engine/Content/Internationalization/icudt64l/region/el.res" 804
"../../../Engine/Content/Internationalization/icudt64l/lang/en_001.res" 805
"../../../Engine/Content/Internationalization/icudt64l/lang/en_150.res" 806
"../../../Engine/Content/Internationalization/icudt64l/region/en_150.res" 807
"../../../Engine/Content/Internationalization/icudt64l/lang/en_AG.res" 808
"../../../Engine/Content/Internationalization/icudt64l/region/en_AG.res" 809
"../../../Engine/Content/Internationalization/icudt64l/lang/en_AI.res" 810
"../../../Engine/Content/Internationalization/icudt64l/region/en_AI.res" 811
"../../../Engine/Content/Internationalization/icudt64l/lang/en_AT.res" 812
"../../../Engine/Content/Internationalization/icudt64l/region/en_AT.res" 813
"../../../Engine/Content/Internationalization/icudt64l/lang/en_AU.res" 814
"../../../Engine/Content/Internationalization/icudt64l/region/en_AU.res" 815
"../../../Engine/Content/Internationalization/icudt64l/lang/en_BB.res" 816
"../../../Engine/Content/Internationalization/icudt64l/region/en_BB.res" 817
"../../../Engine/Content/Internationalization/icudt64l/lang/en_BE.res" 818
"../../../Engine/Content/Internationalization/icudt64l/region/en_BE.res" 819
"../../../Engine/Content/Internationalization/icudt64l/lang/en_BM.res" 820
"../../../Engine/Content/Internationalization/icudt64l/region/en_BM.res" 821
"../../../Engine/Content/Internationalization/icudt64l/lang/en_BS.res" 822
"../../../Engine/Content/Internationalization/icudt64l/region/en_BS.res" 823
"../../../Engine/Content/Internationalization/icudt64l/lang/en_BW.res" 824
"../../../Engine/Content/Internationalization/icudt64l/region/en_BW.res" 825
"../../../Engine/Content/Internationalization/icudt64l/lang/en_BZ.res" 826
"../../../Engine/Content/Internationalization/icudt64l/region/en_BZ.res" 827
"../../../Engine/Content/Internationalization/icudt64l/lang/en_CA.res" 828
"../../../Engine/Content/Internationalization/icudt64l/region/en_CA.res" 829
"../../../Engine/Content/Internationalization/icudt64l/lang/en_CC.res" 830
"../../../Engine/Content/Internationalization/icudt64l/region/en_CC.res" 831
"../../../Engine/Content/Internationalization/icudt64l/lang/en_CH.res" 832
"../../../Engine/Content/Internationalization/icudt64l/region/en_CH.res" 833
"../../../Engine/Content/Internationalization/icudt64l/lang/en_CK.res" 834
"../../../Engine/Content/Internationalization/icudt64l/region/en_CK.res" 835
"../../../Engine/Content/Internationalization/icudt64l/lang/en_CM.res" 836
"../../../Engine/Content/Internationalization/icudt64l/region/en_CM.res" 837
"../../../Engine/Content/Internationalization/icudt64l/lang/en_CX.res" 838
"../../../Engine/Content/Internationalization/icudt64l/region/en_CX.res" 839
"../../../Engine/Content/Internationalization/icudt64l/lang/en_CY.res" 840
"../../../Engine/Content/Internationalization/icudt64l/region/en_CY.res" 841
"../../../Engine/Content/Internationalization/icudt64l/lang/en_DE.res" 842
"../../../Engine/Content/Internationalization/icudt64l/region/en_DE.res" 843
"../../../Engine/Content/Internationalization/icudt64l/lang/en_DG.res" 844
"../../../Engine/Content/Internationalization/icudt64l/region/en_DG.res" 845
"../../../Engine/Content/Internationalization/icudt64l/lang/en_DK.res" 846
"../../../Engine/Content/Internationalization/icudt64l/region/en_DK.res" 847
"../../../Engine/Content/Internationalization/icudt64l/lang/en_DM.res" 848
"../../../Engine/Content/Internationalization/icudt64l/region/en_DM.res" 849
"../../../Engine/Content/Internationalization/icudt64l/lang/en_ER.res" 850
"../../../Engine/Content/Internationalization/icudt64l/region/en_ER.res" 851
"../../../Engine/Content/Internationalization/icudt64l/lang/en_FI.res" 852
"../../../Engine/Content/Internationalization/icudt64l/region/en_FI.res" 853
"../../../Engine/Content/Internationalization/icudt64l/lang/en_FJ.res" 854
"../../../Engine/Content/Internationalization/icudt64l/region/en_FJ.res" 855
"../../../Engine/Content/Internationalization/icudt64l/lang/en_FK.res" 856
"../../../Engine/Content/Internationalization/icudt64l/region/en_FK.res" 857
"../../../Engine/Content/Internationalization/icudt64l/lang/en_FM.res" 858
"../../../Engine/Content/Internationalization/icudt64l/region/en_FM.res" 859
"../../../Engine/Content/Internationalization/icudt64l/lang/en_GB.res" 860
"../../../Engine/Content/Internationalization/icudt64l/region/en_GB.res" 861
"../../../Engine/Content/Internationalization/icudt64l/lang/en_GD.res" 862
"../../../Engine/Content/Internationalization/icudt64l/region/en_GD.res" 863
"../../../Engine/Content/Internationalization/icudt64l/lang/en_GG.res" 864
"../../../Engine/Content/Internationalization/icudt64l/region/en_GG.res" 865
"../../../Engine/Content/Internationalization/icudt64l/lang/en_GH.res" 866
"../../../Engine/Content/Internationalization/icudt64l/region/en_GH.res" 867
"../../../Engine/Content/Internationalization/icudt64l/lang/en_GI.res" 868
"../../../Engine/Content/Internationalization/icudt64l/region/en_GI.res" 869
"../../../Engine/Content/Internationalization/icudt64l/lang/en_GM.res" 870
"../../../Engine/Content/Internationalization/icudt64l/region/en_GM.res" 871
"../../../Engine/Content/Internationalization/icudt64l/lang/en_GY.res" 872
"../../../Engine/Content/Internationalization/icudt64l/region/en_GY.res" 873
"../../../Engine/Content/Internationalization/icudt64l/lang/en_HK.res" 874
"../../../Engine/Content/Internationalization/icudt64l/region/en_HK.res" 875
"../../../Engine/Content/Internationalization/icudt64l/lang/en_IE.res" 876
"../../../Engine/Content/Internationalization/icudt64l/region/en_IE.res" 877
"../../../Engine/Content/Internationalization/icudt64l/lang/en_IL.res" 878
"../../../Engine/Content/Internationalization/icudt64l/region/en_IL.res" 879
"../../../Engine/Content/Internationalization/icudt64l/lang/en_IM.res" 880
"../../../Engine/Content/Internationalization/icudt64l/region/en_IM.res" 881
"../../../Engine/Content/Internationalization/icudt64l/lang/en_IN.res" 882
"../../../Engine/Content/Internationalization/icudt64l/region/en_IN.res" 883
"../../../Engine/Content/Internationalization/icudt64l/lang/en_IO.res" 884
"../../../Engine/Content/Internationalization/icudt64l/region/en_IO.res" 885
"../../../Engine/Content/Internationalization/icudt64l/lang/en_JE.res" 886
"../../../Engine/Content/Internationalization/icudt64l/region/en_JE.res" 887
"../../../Engine/Content/Internationalization/icudt64l/lang/en_JM.res" 888
"../../../Engine/Content/Internationalization/icudt64l/region/en_JM.res" 889
"../../../Engine/Content/Internationalization/icudt64l/lang/en_KE.res" 890
"../../../Engine/Content/Internationalization/icudt64l/region/en_KE.res" 891
"../../../Engine/Content/Internationalization/icudt64l/lang/en_KI.res" 892
"../../../Engine/Content/Internationalization/icudt64l/region/en_KI.res" 893
"../../../Engine/Content/Internationalization/icudt64l/lang/en_KN.res" 894
"../../../Engine/Content/Internationalization/icudt64l/region/en_KN.res" 895
"../../../Engine/Content/Internationalization/icudt64l/lang/en_KY.res" 896
"../../../Engine/Content/Internationalization/icudt64l/region/en_KY.res" 897
"../../../Engine/Content/Internationalization/icudt64l/lang/en_LC.res" 898
"../../../Engine/Content/Internationalization/icudt64l/region/en_LC.res" 899
"../../../Engine/Content/Internationalization/icudt64l/lang/en_LR.res" 900
"../../../Engine/Content/Internationalization/icudt64l/region/en_LR.res" 901
"../../../Engine/Content/Internationalization/icudt64l/lang/en_LS.res" 902
"../../../Engine/Content/Internationalization/icudt64l/region/en_LS.res" 903
"../../../Engine/Content/Internationalization/icudt64l/lang/en_MG.res" 904
"../../../Engine/Content/Internationalization/icudt64l/region/en_MG.res" 905
"../../../Engine/Content/Internationalization/icudt64l/lang/en_MO.res" 906
"../../../Engine/Content/Internationalization/icudt64l/region/en_MO.res" 907
"../../../Engine/Content/Internationalization/icudt64l/lang/en_MS.res" 908
"../../../Engine/Content/Internationalization/icudt64l/region/en_MS.res" 909
"../../../Engine/Content/Internationalization/icudt64l/lang/en_MT.res" 910
"../../../Engine/Content/Internationalization/icudt64l/region/en_MT.res" 911
"../../../Engine/Content/Internationalization/icudt64l/lang/en_MU.res" 912
"../../../Engine/Content/Internationalization/icudt64l/region/en_MU.res" 913
"../../../Engine/Content/Internationalization/icudt64l/lang/en_MW.res" 914
"../../../Engine/Content/Internationalization/icudt64l/region/en_MW.res" 915
"../../../Engine/Content/Internationalization/icudt64l/lang/en_MY.res" 916
"../../../Engine/Content/Internationalization/icudt64l/region/en_MY.res" 917
"../../../Engine/Content/Internationalization/icudt64l/lang/en_NA.res" 918
"../../../Engine/Content/Internationalization/icudt64l/region/en_NA.res" 919
"../../../Engine/Content/Internationalization/icudt64l/lang/en_NF.res" 920
"../../../Engine/Content/Internationalization/icudt64l/region/en_NF.res" 921
"../../../Engine/Content/Internationalization/icudt64l/lang/en_NG.res" 922
"../../../Engine/Content/Internationalization/icudt64l/region/en_NG.res" 923
"../../../Engine/Content/Internationalization/icudt64l/lang/en_NL.res" 924
"../../../Engine/Content/Internationalization/icudt64l/region/en_NL.res" 925
"../../../Engine/Content/Internationalization/icudt64l/lang/en_NR.res" 926
"../../../Engine/Content/Internationalization/icudt64l/region/en_NR.res" 927
"../../../Engine/Content/Internationalization/icudt64l/lang/en_NU.res" 928
"../../../Engine/Content/Internationalization/icudt64l/region/en_NU.res" 929
"../../../Engine/Content/Internationalization/icudt64l/lang/en_NZ.res" 930
"../../../Engine/Content/Internationalization/icudt64l/region/en_NZ.res" 931
"../../../Engine/Content/Internationalization/icudt64l/lang/en_PG.res" 932
"../../../Engine/Content/Internationalization/icudt64l/region/en_PG.res" 933
"../../../Engine/Content/Internationalization/icudt64l/lang/en_PH.res" 934
"../../../Engine/Content/Internationalization/icudt64l/region/en_PH.res" 935
"../../../Engine/Content/Internationalization/icudt64l/lang/en_PK.res" 936
"../../../Engine/Content/Internationalization/icudt64l/region/en_PK.res" 937
"../../../Engine/Content/Internationalization/icudt64l/lang/en_PN.res" 938
"../../../Engine/Content/Internationalization/icudt64l/region/en_PN.res" 939
"../../../Engine/Content/Internationalization/icudt64l/lang/en_PW.res" 940
"../../../Engine/Content/Internationalization/icudt64l/region/en_PW.res" 941
"../../../Engine/Content/Internationalization/icudt64l/lang/en_RW.res" 942
"../../../Engine/Content/Internationalization/icudt64l/region/en_RW.res" 943
"../../../Engine/Content/Internationalization/icudt64l/lang/en_SB.res" 944
"../../../Engine/Content/Internationalization/icudt64l/region/en_SB.res" 945
"../../../Engine/Content/Internationalization/icudt64l/lang/en_SC.res" 946
"../../../Engine/Content/Internationalization/icudt64l/region/en_SC.res" 947
"../../../Engine/Content/Internationalization/icudt64l/lang/en_SD.res" 948
"../../../Engine/Content/Internationalization/icudt64l/region/en_SD.res" 949
"../../../Engine/Content/Internationalization/icudt64l/lang/en_SE.res" 950
"../../../Engine/Content/Internationalization/icudt64l/region/en_SE.res" 951
"../../../Engine/Content/Internationalization/icudt64l/lang/en_SG.res" 952
"../../../Engine/Content/Internationalization/icudt64l/region/en_SG.res" 953
"../../../Engine/Content/Internationalization/icudt64l/lang/en_SH.res" 954
"../../../Engine/Content/Internationalization/icudt64l/region/en_SH.res" 955
"../../../Engine/Content/Internationalization/icudt64l/lang/en_SI.res" 956
"../../../Engine/Content/Internationalization/icudt64l/region/en_SI.res" 957
"../../../Engine/Content/Internationalization/icudt64l/lang/en_SL.res" 958
"../../../Engine/Content/Internationalization/icudt64l/region/en_SL.res" 959
"../../../Engine/Content/Internationalization/icudt64l/lang/en_SS.res" 960
"../../../Engine/Content/Internationalization/icudt64l/region/en_SS.res" 961
"../../../Engine/Content/Internationalization/icudt64l/lang/en_SX.res" 962
"../../../Engine/Content/Internationalization/icudt64l/region/en_SX.res" 963
"../../../Engine/Content/Internationalization/icudt64l/lang/en_SZ.res" 964
"../../../Engine/Content/Internationalization/icudt64l/region/en_SZ.res" 965
"../../../Engine/Content/Internationalization/icudt64l/lang/en_TC.res" 966
"../../../Engine/Content/Internationalization/icudt64l/region/en_TC.res" 967
"../../../Engine/Content/Internationalization/icudt64l/lang/en_TK.res" 968
"../../../Engine/Content/Internationalization/icudt64l/region/en_TK.res" 969
"../../../Engine/Content/Internationalization/icudt64l/lang/en_TO.res" 970
"../../../Engine/Content/Internationalization/icudt64l/region/en_TO.res" 971
"../../../Engine/Content/Internationalization/icudt64l/lang/en_TT.res" 972
"../../../Engine/Content/Internationalization/icudt64l/region/en_TT.res" 973
"../../../Engine/Content/Internationalization/icudt64l/lang/en_TV.res" 974
"../../../Engine/Content/Internationalization/icudt64l/region/en_TV.res" 975
"../../../Engine/Content/Internationalization/icudt64l/lang/en_TZ.res" 976
"../../../Engine/Content/Internationalization/icudt64l/region/en_TZ.res" 977
"../../../Engine/Content/Internationalization/icudt64l/lang/en_UG.res" 978
"../../../Engine/Content/Internationalization/icudt64l/region/en_UG.res" 979
"../../../Engine/Content/Internationalization/icudt64l/lang/en_VC.res" 980
"../../../Engine/Content/Internationalization/icudt64l/region/en_VC.res" 981
"../../../Engine/Content/Internationalization/icudt64l/lang/en_VG.res" 982
"../../../Engine/Content/Internationalization/icudt64l/region/en_VG.res" 983
"../../../Engine/Content/Internationalization/icudt64l/lang/en_VU.res" 984
"../../../Engine/Content/Internationalization/icudt64l/region/en_VU.res" 985
"../../../Engine/Content/Internationalization/icudt64l/lang/en_WS.res" 986
"../../../Engine/Content/Internationalization/icudt64l/region/en_WS.res" 987
"../../../Engine/Content/Internationalization/icudt64l/lang/en_ZA.res" 988
"../../../Engine/Content/Internationalization/icudt64l/region/en_ZA.res" 989
"../../../Engine/Content/Internationalization/icudt64l/lang/en_ZM.res" 990
"../../../Engine/Content/Internationalization/icudt64l/region/en_ZM.res" 991
"../../../Engine/Content/Internationalization/icudt64l/lang/en_ZW.res" 992
"../../../Engine/Content/Internationalization/icudt64l/region/en_ZW.res" 993
"../../../Engine/Content/Internationalization/icudt64l/lang/eo.res" 994
"../../../Engine/Content/Internationalization/icudt64l/region/eo.res" 995
"../../../Engine/Content/Internationalization/icudt64l/lang/es.res" 996
"../../../Engine/Content/Internationalization/icudt64l/lang/es_419.res" 997
"../../../Engine/Content/Internationalization/icudt64l/region/es_419.res" 998
"../../../Engine/Content/Internationalization/icudt64l/region/es.res" 999
"../../../Engine/Content/Internationalization/icudt64l/lang/es_AR.res" 1000
"../../../Engine/Content/Internationalization/icudt64l/region/es_AR.res" 1001
"../../../Engine/Content/Internationalization/icudt64l/lang/es_BO.res" 1002
"../../../Engine/Content/Internationalization/icudt64l/region/es_BO.res" 1003
"../../../Engine/Content/Internationalization/icudt64l/lang/es_BR.res" 1004
"../../../Engine/Content/Internationalization/icudt64l/region/es_BR.res" 1005
"../../../Engine/Content/Internationalization/icudt64l/lang/es_BZ.res" 1006
"../../../Engine/Content/Internationalization/icudt64l/region/es_BZ.res" 1007
"../../../Engine/Content/Internationalization/icudt64l/lang/es_CL.res" 1008
"../../../Engine/Content/Internationalization/icudt64l/region/es_CL.res" 1009
"../../../Engine/Content/Internationalization/icudt64l/lang/es_CO.res" 1010
"../../../Engine/Content/Internationalization/icudt64l/region/es_CO.res" 1011
"../../../Engine/Content/Internationalization/icudt64l/lang/es_CR.res" 1012
"../../../Engine/Content/Internationalization/icudt64l/region/es_CR.res" 1013
"../../../Engine/Content/Internationalization/icudt64l/lang/es_CU.res" 1014
"../../../Engine/Content/Internationalization/icudt64l/region/es_CU.res" 1015
"../../../Engine/Content/Internationalization/icudt64l/lang/es_DO.res" 1016
"../../../Engine/Content/Internationalization/icudt64l/region/es_DO.res" 1017
"../../../Engine/Content/Internationalization/icudt64l/lang/es_EC.res" 1018
"../../../Engine/Content/Internationalization/icudt64l/region/es_EC.res" 1019
"../../../Engine/Content/Internationalization/icudt64l/lang/es_GT.res" 1020
"../../../Engine/Content/Internationalization/icudt64l/region/es_GT.res" 1021
"../../../Engine/Content/Internationalization/icudt64l/lang/es_HN.res" 1022
"../../../Engine/Content/Internationalization/icudt64l/region/es_HN.res" 1023
"../../../Engine/Content/Internationalization/icudt64l/lang/es_MX.res" 1024
"../../../Engine/Content/Internationalization/icudt64l/region/es_MX.res" 1025
"../../../Engine/Content/Internationalization/icudt64l/lang/es_NI.res" 1026
"../../../Engine/Content/Internationalization/icudt64l/region/es_NI.res" 1027
"../../../Engine/Content/Internationalization/icudt64l/lang/es_PA.res" 1028
"../../../Engine/Content/Internationalization/icudt64l/region/es_PA.res" 1029
"../../../Engine/Content/Internationalization/icudt64l/lang/es_PE.res" 1030
"../../../Engine/Content/Internationalization/icudt64l/region/es_PE.res" 1031
"../../../Engine/Content/Internationalization/icudt64l/lang/es_PR.res" 1032
"../../../Engine/Content/Internationalization/icudt64l/region/es_PR.res" 1033
"../../../Engine/Content/Internationalization/icudt64l/lang/es_PY.res" 1034
"../../../Engine/Content/Internationalization/icudt64l/region/es_PY.res" 1035
"../../../Engine/Content/Internationalization/icudt64l/lang/es_SV.res" 1036
"../../../Engine/Content/Internationalization/icudt64l/region/es_SV.res" 1037
"../../../Engine/Content/Internationalization/icudt64l/lang/es_US.res" 1038
"../../../Engine/Content/Internationalization/icudt64l/region/es_US.res" 1039
"../../../Engine/Content/Internationalization/icudt64l/lang/es_UY.res" 1040
"../../../Engine/Content/Internationalization/icudt64l/region/es_UY.res" 1041
"../../../Engine/Content/Internationalization/icudt64l/lang/es_VE.res" 1042
"../../../Engine/Content/Internationalization/icudt64l/region/es_VE.res" 1043
"../../../Engine/Content/Internationalization/icudt64l/lang/et.res" 1044
"../../../Engine/Content/Internationalization/icudt64l/region/et.res" 1045
"../../../Engine/Content/Internationalization/icudt64l/lang/eu.res" 1046
"../../../Engine/Content/Internationalization/icudt64l/region/eu.res" 1047
"../../../Engine/Content/Internationalization/icudt64l/lang/ewo.res" 1048
"../../../Engine/Content/Internationalization/icudt64l/region/ewo.res" 1049
"../../../Engine/Content/Internationalization/icudt64l/lang/fa.res" 1050
"../../../Engine/Content/Internationalization/icudt64l/lang/fa_AF.res" 1051
"../../../Engine/Content/Internationalization/icudt64l/region/fa_AF.res" 1052
"../../../Engine/Content/Internationalization/icudt64l/region/fa.res" 1053
"../../../Engine/Content/Internationalization/icudt64l/lang/ff.res" 1054
"../../../Engine/Content/Internationalization/icudt64l/lang/ff_Latn.res" 1055
"../../../Engine/Content/Internationalization/icudt64l/region/ff.res" 1056
"../../../Engine/Content/Internationalization/icudt64l/region/ff_Latn.res" 1057
"../../../Engine/Content/Internationalization/icudt64l/lang/ff_CM.res" 1058
"../../../Engine/Content/Internationalization/icudt64l/lang/ff_Latn_CM.res" 1059
"../../../Engine/Content/Internationalization/icudt64l/region/ff_CM.res" 1060
"../../../Engine/Content/Internationalization/icudt64l/region/ff_Latn_CM.res" 1061
"../../../Engine/Content/Internationalization/icudt64l/lang/ff_GN.res" 1062
"../../../Engine/Content/Internationalization/icudt64l/lang/ff_Latn_GN.res" 1063
"../../../Engine/Content/Internationalization/icudt64l/region/ff_GN.res" 1064
"../../../Engine/Content/Internationalization/icudt64l/region/ff_Latn_GN.res" 1065
"../../../Engine/Content/Internationalization/icudt64l/lang/ff_MR.res" 1066
"../../../Engine/Content/Internationalization/icudt64l/lang/ff_Latn_MR.res" 1067
"../../../Engine/Content/Internationalization/icudt64l/region/ff_MR.res" 1068
"../../../Engine/Content/Internationalization/icudt64l/region/ff_Latn_MR.res" 1069
"../../../Engine/Content/Internationalization/icudt64l/lang/ff_SN.res" 1070
"../../../Engine/Content/Internationalization/icudt64l/lang/ff_Latn_SN.res" 1071
"../../../Engine/Content/Internationalization/icudt64l/region/ff_SN.res" 1072
"../../../Engine/Content/Internationalization/icudt64l/region/ff_Latn_SN.res" 1073
"../../../Engine/Content/Internationalization/icudt64l/lang/fi.res" 1074
"../../../Engine/Content/Internationalization/icudt64l/region/fi.res" 1075
"../../../Engine/Content/Internationalization/icudt64l/lang/fil.res" 1076
"../../../Engine/Content/Internationalization/icudt64l/lang/fil_PH.res" 1077
"../../../Engine/Content/Internationalization/icudt64l/region/fil_PH.res" 1078
"../../../Engine/Content/Internationalization/icudt64l/region/fil.res" 1079
"../../../Engine/Content/Internationalization/icudt64l/lang/fo.res" 1080
"../../../Engine/Content/Internationalization/icudt64l/region/fo.res" 1081
"../../../Engine/Content/Internationalization/icudt64l/lang/fr.res" 1082
"../../../Engine/Content/Internationalization/icudt64l/lang/fr_BE.res" 1083
"../../../Engine/Content/Internationalization/icudt64l/region/fr_BE.res" 1084
"../../../Engine/Content/Internationalization/icudt64l/region/fr.res" 1085
"../../../Engine/Content/Internationalization/icudt64l/lang/fr_CA.res" 1086
"../../../Engine/Content/Internationalization/icudt64l/region/fr_CA.res" 1087
"../../../Engine/Content/Internationalization/icudt64l/lang/fr_CH.res" 1088
"../../../Engine/Content/Internationalization/icudt64l/lang/fur.res" 1089
"../../../Engine/Content/Internationalization/icudt64l/region/fur.res" 1090
"../../../Engine/Content/Internationalization/icudt64l/lang/fy.res" 1091
"../../../Engine/Content/Internationalization/icudt64l/region/fy.res" 1092
"../../../Engine/Content/Internationalization/icudt64l/lang/ga.res" 1093
"../../../Engine/Content/Internationalization/icudt64l/region/ga.res" 1094
"../../../Engine/Content/Internationalization/icudt64l/lang/gd.res" 1095
"../../../Engine/Content/Internationalization/icudt64l/region/gd.res" 1096
"../../../Engine/Content/Internationalization/icudt64l/lang/gl.res" 1097
"../../../Engine/Content/Internationalization/icudt64l/region/gl.res" 1098
"../../../Engine/Content/Internationalization/icudt64l/lang/gsw.res" 1099
"../../../Engine/Content/Internationalization/icudt64l/region/gsw.res" 1100
"../../../Engine/Content/Internationalization/icudt64l/lang/gu.res" 1101
"../../../Engine/Content/Internationalization/icudt64l/region/gu.res" 1102
"../../../Engine/Content/Internationalization/icudt64l/lang/guz.res" 1103
"../../../Engine/Content/Internationalization/icudt64l/region/guz.res" 1104
"../../../Engine/Content/Internationalization/icudt64l/lang/gv.res" 1105
"../../../Engine/Content/Internationalization/icudt64l/region/gv.res" 1106
"../../../Engine/Content/Internationalization/icudt64l/lang/ha.res" 1107
"../../../Engine/Content/Internationalization/icudt64l/region/ha.res" 1108
"../../../Engine/Content/Internationalization/icudt64l/lang/ha_NE.res" 1109
"../../../Engine/Content/Internationalization/icudt64l/region/ha_NE.res" 1110
"../../../Engine/Content/Internationalization/icudt64l/lang/haw.res" 1111
"../../../Engine/Content/Internationalization/icudt64l/region/haw.res" 1112
"../../../Engine/Content/Internationalization/icudt64l/lang/he.res" 1113
"../../../Engine/Content/Internationalization/icudt64l/lang/he_IL.res" 1114
"../../../Engine/Content/Internationalization/icudt64l/region/he_IL.res" 1115
"../../../Engine/Content/Internationalization/icudt64l/region/he.res" 1116
"../../../Engine/Content/Internationalization/icudt64l/lang/hi.res" 1117
"../../../Engine/Content/Internationalization/icudt64l/region/hi.res" 1118
"../../../Engine/Content/Internationalization/icudt64l/lang/hr.res" 1119
"../../../Engine/Content/Internationalization/icudt64l/region/hr.res" 1120
"../../../Engine/Content/Internationalization/icudt64l/lang/hsb.res" 1121
"../../../Engine/Content/Internationalization/icudt64l/region/hsb.res" 1122
"../../../Engine/Content/Internationalization/icudt64l/lang/hu.res" 1123
"../../../Engine/Content/Internationalization/icudt64l/region/hu.res" 1124
"../../../Engine/Content/Internationalization/icudt64l/lang/hy.res" 1125
"../../../Engine/Content/Internationalization/icudt64l/region/hy.res" 1126
"../../../Engine/Content/Internationalization/icudt64l/lang/ia.res" 1127
"../../../Engine/Content/Internationalization/icudt64l/region/ia.res" 1128
"../../../Engine/Content/Internationalization/icudt64l/lang/id.res" 1129
"../../../Engine/Content/Internationalization/icudt64l/lang/id_ID.res" 1130
"../../../Engine/Content/Internationalization/icudt64l/region/id_ID.res" 1131
"../../../Engine/Content/Internationalization/icudt64l/region/id.res" 1132
"../../../Engine/Content/Internationalization/icudt64l/lang/ig.res" 1133
"../../../Engine/Content/Internationalization/icudt64l/region/ig.res" 1134
"../../../Engine/Content/Internationalization/icudt64l/lang/ii.res" 1135
"../../../Engine/Content/Internationalization/icudt64l/region/ii.res" 1136
"../../../Engine/Content/Internationalization/icudt64l/lang/is.res" 1137
"../../../Engine/Content/Internationalization/icudt64l/region/is.res" 1138
"../../../Engine/Content/Internationalization/icudt64l/lang/it.res" 1139
"../../../Engine/Content/Internationalization/icudt64l/region/it.res" 1140
"../../../Engine/Content/Internationalization/icudt64l/lang/ja.res" 1141
"../../../Engine/Content/Internationalization/icudt64l/lang/ja_JP.res" 1142
"../../../Engine/Content/Internationalization/icudt64l/region/ja_JP.res" 1143
"../../../Engine/Content/Internationalization/icudt64l/region/ja.res" 1144
"../../../Engine/Content/Internationalization/icudt64l/lang/jgo.res" 1145
"../../../Engine/Content/Internationalization/icudt64l/region/jgo.res" 1146
"../../../Engine/Content/Internationalization/icudt64l/lang/jmc.res" 1147
"../../../Engine/Content/Internationalization/icudt64l/region/jmc.res" 1148
"../../../Engine/Content/Internationalization/icudt64l/lang/jv.res" 1149
"../../../Engine/Content/Internationalization/icudt64l/region/jv.res" 1150
"../../../Engine/Content/Internationalization/icudt64l/lang/ka.res" 1151
"../../../Engine/Content/Internationalization/icudt64l/region/ka.res" 1152
"../../../Engine/Content/Internationalization/icudt64l/lang/kab.res" 1153
"../../../Engine/Content/Internationalization/icudt64l/region/kab.res" 1154
"../../../Engine/Content/Internationalization/icudt64l/lang/kam.res" 1155
"../../../Engine/Content/Internationalization/icudt64l/region/kam.res" 1156
"../../../Engine/Content/Internationalization/icudt64l/lang/kde.res" 1157
"../../../Engine/Content/Internationalization/icudt64l/region/kde.res" 1158
"../../../Engine/Content/Internationalization/icudt64l/lang/kea.res" 1159
"../../../Engine/Content/Internationalization/icudt64l/region/kea.res" 1160
"../../../Engine/Content/Internationalization/icudt64l/lang/khq.res" 1161
"../../../Engine/Content/Internationalization/icudt64l/region/khq.res" 1162
"../../../Engine/Content/Internationalization/icudt64l/lang/ki.res" 1163
"../../../Engine/Content/Internationalization/icudt64l/region/ki.res" 1164
"../../../Engine/Content/Internationalization/icudt64l/lang/kk.res" 1165
"../../../Engine/Content/Internationalization/icudt64l/region/kk.res" 1166
"../../../Engine/Content/Internationalization/icudt64l/lang/kkj.res" 1167
"../../../Engine/Content/Internationalization/icudt64l/region/kkj.res" 1168
"../../../Engine/Content/Internationalization/icudt64l/lang/kl.res" 1169
"../../../Engine/Content/Internationalization/icudt64l/region/kl.res" 1170
"../../../Engine/Content/Internationalization/icudt64l/lang/kln.res" 1171
"../../../Engine/Content/Internationalization/icudt64l/region/kln.res" 1172
"../../../Engine/Content/Internationalization/icudt64l/lang/km.res" 1173
"../../../Engine/Content/Internationalization/icudt64l/region/km.res" 1174
"../../../Engine/Content/Internationalization/icudt64l/lang/kn.res" 1175
"../../../Engine/Content/Internationalization/icudt64l/region/kn.res" 1176
"../../../Engine/Content/Internationalization/icudt64l/lang/ko.res" 1177
"../../../Engine/Content/Internationalization/icudt64l/region/ko_KP.res" 1178
"../../../Engine/Content/Internationalization/icudt64l/region/ko.res" 1179
"../../../Engine/Content/Internationalization/icudt64l/lang/kok.res" 1180
"../../../Engine/Content/Internationalization/icudt64l/region/kok.res" 1181
"../../../Engine/Content/Internationalization/icudt64l/lang/ks.res" 1182
"../../../Engine/Content/Internationalization/icudt64l/region/ks.res" 1183
"../../../Engine/Content/Internationalization/icudt64l/lang/ksb.res" 1184
"../../../Engine/Content/Internationalization/icudt64l/region/ksb.res" 1185
"../../../Engine/Content/Internationalization/icudt64l/lang/ksf.res" 1186
"../../../Engine/Content/Internationalization/icudt64l/region/ksf.res" 1187
"../../../Engine/Content/Internationalization/icudt64l/lang/ksh.res" 1188
"../../../Engine/Content/Internationalization/icudt64l/region/ksh.res" 1189
"../../../Engine/Content/Internationalization/icudt64l/lang/ku.res" 1190
"../../../Engine/Content/Internationalization/icudt64l/region/ku.res" 1191
"../../../Engine/Content/Internationalization/icudt64l/lang/kw.res" 1192
"../../../Engine/Content/Internationalization/icudt64l/region/kw.res" 1193
"../../../Engine/Content/Internationalization/icudt64l/lang/ky.res" 1194
"../../../Engine/Content/Internationalization/icudt64l/region/ky.res" 1195
"../../../Engine/Content/Internationalization/icudt64l/lang/lag.res" 1196
"../../../Engine/Content/Internationalization/icudt64l/region/lag.res" 1197
"../../../Engine/Content/Internationalization/icudt64l/lang/lb.res" 1198
"../../../Engine/Content/Internationalization/icudt64l/region/lb.res" 1199
"../../../Engine/Content/Internationalization/icudt64l/lang/lg.res" 1200
"../../../Engine/Content/Internationalization/icudt64l/region/lg.res" 1201
"../../../Engine/Content/Internationalization/icudt64l/lang/lkt.res" 1202
"../../../Engine/Content/Internationalization/icudt64l/region/lkt.res" 1203
"../../../Engine/Content/Internationalization/icudt64l/lang/ln.res" 1204
"../../../Engine/Content/Internationalization/icudt64l/region/ln.res" 1205
"../../../Engine/Content/Internationalization/icudt64l/lang/lo.res" 1206
"../../../Engine/Content/Internationalization/icudt64l/region/lo.res" 1207
"../../../Engine/Content/Internationalization/icudt64l/lang/lrc.res" 1208
"../../../Engine/Content/Internationalization/icudt64l/region/lrc.res" 1209
"../../../Engine/Content/Internationalization/icudt64l/lang/lt.res" 1210
"../../../Engine/Content/Internationalization/icudt64l/region/lt.res" 1211
"../../../Engine/Content/Internationalization/icudt64l/lang/lu.res" 1212
"../../../Engine/Content/Internationalization/icudt64l/region/lu.res" 1213
"../../../Engine/Content/Internationalization/icudt64l/lang/luo.res" 1214
"../../../Engine/Content/Internationalization/icudt64l/region/luo.res" 1215
"../../../Engine/Content/Internationalization/icudt64l/lang/luy.res" 1216
"../../../Engine/Content/Internationalization/icudt64l/region/luy.res" 1217
"../../../Engine/Content/Internationalization/icudt64l/lang/lv.res" 1218
"../../../Engine/Content/Internationalization/icudt64l/region/lv.res" 1219
"../../../Engine/Content/Internationalization/icudt64l/lang/mas.res" 1220
"../../../Engine/Content/Internationalization/icudt64l/region/mas.res" 1221
"../../../Engine/Content/Internationalization/icudt64l/lang/mer.res" 1222
"../../../Engine/Content/Internationalization/icudt64l/region/mer.res" 1223
"../../../Engine/Content/Internationalization/icudt64l/lang/mfe.res" 1224
"../../../Engine/Content/Internationalization/icudt64l/region/mfe.res" 1225
"../../../Engine/Content/Internationalization/icudt64l/lang/mg.res" 1226
"../../../Engine/Content/Internationalization/icudt64l/region/mg.res" 1227
"../../../Engine/Content/Internationalization/icudt64l/lang/mgh.res" 1228
"../../../Engine/Content/Internationalization/icudt64l/region/mgh.res" 1229
"../../../Engine/Content/Internationalization/icudt64l/lang/mgo.res" 1230
"../../../Engine/Content/Internationalization/icudt64l/region/mgo.res" 1231
"../../../Engine/Content/Internationalization/icudt64l/lang/mi.res" 1232
"../../../Engine/Content/Internationalization/icudt64l/region/mi.res" 1233
"../../../Engine/Content/Internationalization/icudt64l/lang/mk.res" 1234
"../../../Engine/Content/Internationalization/icudt64l/region/mk.res" 1235
"../../../Engine/Content/Internationalization/icudt64l/lang/ml.res" 1236
"../../../Engine/Content/Internationalization/icudt64l/region/ml.res" 1237
"../../../Engine/Content/Internationalization/icudt64l/lang/mn.res" 1238
"../../../Engine/Content/Internationalization/icudt64l/region/mn.res" 1239
"../../../Engine/Content/Internationalization/icudt64l/lang/mr.res" 1240
"../../../Engine/Content/Internationalization/icudt64l/region/mr.res" 1241
"../../../Engine/Content/Internationalization/icudt64l/lang/ms.res" 1242
"../../../Engine/Content/Internationalization/icudt64l/region/ms.res" 1243
"../../../Engine/Content/Internationalization/icudt64l/lang/mt.res" 1244
"../../../Engine/Content/Internationalization/icudt64l/region/mt.res" 1245
"../../../Engine/Content/Internationalization/icudt64l/lang/mua.res" 1246
"../../../Engine/Content/Internationalization/icudt64l/region/mua.res" 1247
"../../../Engine/Content/Internationalization/icudt64l/lang/my.res" 1248
"../../../Engine/Content/Internationalization/icudt64l/region/my.res" 1249
"../../../Engine/Content/Internationalization/icudt64l/lang/mzn.res" 1250
"../../../Engine/Content/Internationalization/icudt64l/region/mzn.res" 1251
"../../../Engine/Content/Internationalization/icudt64l/lang/naq.res" 1252
"../../../Engine/Content/Internationalization/icudt64l/region/naq.res" 1253
"../../../Engine/Content/Internationalization/icudt64l/lang/nb.res" 1254
"../../../Engine/Content/Internationalization/icudt64l/lang/nb_NO.res" 1255
"../../../Engine/Content/Internationalization/icudt64l/region/nb_NO.res" 1256
"../../../Engine/Content/Internationalization/icudt64l/region/nb.res" 1257
"../../../Engine/Content/Internationalization/icudt64l/lang/nd.res" 1258
"../../../Engine/Content/Internationalization/icudt64l/region/nd.res" 1259
"../../../Engine/Content/Internationalization/icudt64l/lang/nds.res" 1260
"../../../Engine/Content/Internationalization/icudt64l/region/nds.res" 1261
"../../../Engine/Content/Internationalization/icudt64l/lang/ne.res" 1262
"../../../Engine/Content/Internationalization/icudt64l/region/ne.res" 1263
"../../../Engine/Content/Internationalization/icudt64l/lang/nl.res" 1264
"../../../Engine/Content/Internationalization/icudt64l/region/nl.res" 1265
"../../../Engine/Content/Internationalization/icudt64l/lang/nmg.res" 1266
"../../../Engine/Content/Internationalization/icudt64l/region/nmg.res" 1267
"../../../Engine/Content/Internationalization/icudt64l/lang/nn.res" 1268
"../../../Engine/Content/Internationalization/icudt64l/lang/nn_NO.res" 1269
"../../../Engine/Content/Internationalization/icudt64l/region/nn_NO.res" 1270
"../../../Engine/Content/Internationalization/icudt64l/region/nn.res" 1271
"../../../Engine/Content/Internationalization/icudt64l/lang/nnh.res" 1272
"../../../Engine/Content/Internationalization/icudt64l/region/nnh.res" 1273
"../../../Engine/Content/Internationalization/icudt64l/lang/nus.res" 1274
"../../../Engine/Content/Internationalization/icudt64l/region/nus.res" 1275
"../../../Engine/Content/Internationalization/icudt64l/lang/nyn.res" 1276
"../../../Engine/Content/Internationalization/icudt64l/region/nyn.res" 1277
"../../../Engine/Content/Internationalization/icudt64l/lang/om.res" 1278
"../../../Engine/Content/Internationalization/icudt64l/region/om.res" 1279
"../../../Engine/Content/Internationalization/icudt64l/lang/or.res" 1280
"../../../Engine/Content/Internationalization/icudt64l/region/or.res" 1281
"../../../Engine/Content/Internationalization/icudt64l/lang/os.res" 1282
"../../../Engine/Content/Internationalization/icudt64l/region/os.res" 1283
"../../../Engine/Content/Internationalization/icudt64l/lang/pa.res" 1284
"../../../Engine/Content/Internationalization/icudt64l/lang/pa_Arab.res" 1285
"../../../Engine/Content/Internationalization/icudt64l/lang/pa_PK.res" 1286
"../../../Engine/Content/Internationalization/icudt64l/lang/pa_Arab_PK.res" 1287
"../../../Engine/Content/Internationalization/icudt64l/region/pa_PK.res" 1288
"../../../Engine/Content/Internationalization/icudt64l/region/pa_Arab_PK.res" 1289
"../../../Engine/Content/Internationalization/icudt64l/region/pa_Arab.res" 1290
"../../../Engine/Content/Internationalization/icudt64l/lang/pa_Guru.res" 1291
"../../../Engine/Content/Internationalization/icudt64l/lang/pa_IN.res" 1292
"../../../Engine/Content/Internationalization/icudt64l/lang/pa_Guru_IN.res" 1293
"../../../Engine/Content/Internationalization/icudt64l/region/pa_IN.res" 1294
"../../../Engine/Content/Internationalization/icudt64l/region/pa_Guru_IN.res" 1295
"../../../Engine/Content/Internationalization/icudt64l/region/pa_Guru.res" 1296
"../../../Engine/Content/Internationalization/icudt64l/region/pa.res" 1297
"../../../Engine/Content/Internationalization/icudt64l/lang/pl.res" 1298
"../../../Engine/Content/Internationalization/icudt64l/region/pl.res" 1299
"../../../Engine/Content/Internationalization/icudt64l/lang/ps.res" 1300
"../../../Engine/Content/Internationalization/icudt64l/region/ps.res" 1301
"../../../Engine/Content/Internationalization/icudt64l/lang/ps_PK.res" 1302
"../../../Engine/Content/Internationalization/icudt64l/region/ps_PK.res" 1303
"../../../Engine/Content/Internationalization/icudt64l/lang/pt.res" 1304
"../../../Engine/Content/Internationalization/icudt64l/lang/pt_AO.res" 1305
"../../../Engine/Content/Internationalization/icudt64l/lang/pt_PT.res" 1306
"../../../Engine/Content/Internationalization/icudt64l/region/pt_AO.res" 1307
"../../../Engine/Content/Internationalization/icudt64l/region/pt_PT.res" 1308
"../../../Engine/Content/Internationalization/icudt64l/region/pt.res" 1309
"../../../Engine/Content/Internationalization/icudt64l/lang/pt_CH.res" 1310
"../../../Engine/Content/Internationalization/icudt64l/region/pt_CH.res" 1311
"../../../Engine/Content/Internationalization/icudt64l/lang/pt_CV.res" 1312
"../../../Engine/Content/Internationalization/icudt64l/region/pt_CV.res" 1313
"../../../Engine/Content/Internationalization/icudt64l/lang/pt_GQ.res" 1314
"../../../Engine/Content/Internationalization/icudt64l/region/pt_GQ.res" 1315
"../../../Engine/Content/Internationalization/icudt64l/lang/pt_GW.res" 1316
"../../../Engine/Content/Internationalization/icudt64l/region/pt_GW.res" 1317
"../../../Engine/Content/Internationalization/icudt64l/lang/pt_LU.res" 1318
"../../../Engine/Content/Internationalization/icudt64l/region/pt_LU.res" 1319
"../../../Engine/Content/Internationalization/icudt64l/lang/pt_MO.res" 1320
"../../../Engine/Content/Internationalization/icudt64l/region/pt_MO.res" 1321
"../../../Engine/Content/Internationalization/icudt64l/lang/pt_MZ.res" 1322
"../../../Engine/Content/Internationalization/icudt64l/region/pt_MZ.res" 1323
"../../../Engine/Content/Internationalization/icudt64l/lang/pt_ST.res" 1324
"../../../Engine/Content/Internationalization/icudt64l/region/pt_ST.res" 1325
"../../../Engine/Content/Internationalization/icudt64l/lang/pt_TL.res" 1326
"../../../Engine/Content/Internationalization/icudt64l/region/pt_TL.res" 1327
"../../../Engine/Content/Internationalization/icudt64l/lang/qu.res" 1328
"../../../Engine/Content/Internationalization/icudt64l/region/qu.res" 1329
"../../../Engine/Content/Internationalization/icudt64l/lang/rm.res" 1330
"../../../Engine/Content/Internationalization/icudt64l/region/rm.res" 1331
"../../../Engine/Content/Internationalization/icudt64l/lang/rn.res" 1332
"../../../Engine/Content/Internationalization/icudt64l/region/rn.res" 1333
"../../../Engine/Content/Internationalization/icudt64l/lang/ro.res" 1334
"../../../Engine/Content/Internationalization/icudt64l/lang/ro_MD.res" 1335
"../../../Engine/Content/Internationalization/icudt64l/region/ro_MD.res" 1336
"../../../Engine/Content/Internationalization/icudt64l/region/ro.res" 1337
"../../../Engine/Content/Internationalization/icudt64l/lang/rof.res" 1338
"../../../Engine/Content/Internationalization/icudt64l/region/rof.res" 1339
"../../../Engine/Content/Internationalization/icudt64l/lang/ru.res" 1340
"../../../Engine/Content/Internationalization/icudt64l/region/ru.res" 1341
"../../../Engine/Content/Internationalization/icudt64l/region/ru_UA.res" 1342
"../../../Engine/Content/Internationalization/icudt64l/lang/rw.res" 1343
"../../../Engine/Content/Internationalization/icudt64l/region/rw.res" 1344
"../../../Engine/Content/Internationalization/icudt64l/lang/rwk.res" 1345
"../../../Engine/Content/Internationalization/icudt64l/region/rwk.res" 1346
"../../../Engine/Content/Internationalization/icudt64l/lang/sah.res" 1347
"../../../Engine/Content/Internationalization/icudt64l/region/sah.res" 1348
"../../../Engine/Content/Internationalization/icudt64l/lang/saq.res" 1349
"../../../Engine/Content/Internationalization/icudt64l/region/saq.res" 1350
"../../../Engine/Content/Internationalization/icudt64l/lang/sbp.res" 1351
"../../../Engine/Content/Internationalization/icudt64l/region/sbp.res" 1352
"../../../Engine/Content/Internationalization/icudt64l/lang/sd.res" 1353
"../../../Engine/Content/Internationalization/icudt64l/region/sd.res" 1354
"../../../Engine/Content/Internationalization/icudt64l/lang/se.res" 1355
"../../../Engine/Content/Internationalization/icudt64l/lang/se_FI.res" 1356
"../../../Engine/Content/Internationalization/icudt64l/region/se_FI.res" 1357
"../../../Engine/Content/Internationalization/icudt64l/region/se.res" 1358
"../../../Engine/Content/Internationalization/icudt64l/lang/seh.res" 1359
"../../../Engine/Content/Internationalization/icudt64l/region/seh.res" 1360
"../../../Engine/Content/Internationalization/icudt64l/lang/ses.res" 1361
"../../../Engine/Content/Internationalization/icudt64l/region/ses.res" 1362
"../../../Engine/Content/Internationalization/icudt64l/lang/sg.res" 1363
"../../../Engine/Content/Internationalization/icudt64l/region/sg.res" 1364
"../../../Engine/Content/Internationalization/icudt64l/lang/shi.res" 1365
"../../../Engine/Content/Internationalization/icudt64l/lang/shi_Latn.res" 1366
"../../../Engine/Content/Internationalization/icudt64l/lang/shi_MA.res" 1367
"../../../Engine/Content/Internationalization/icudt64l/lang/shi_Tfng_MA.res" 1368
"../../../Engine/Content/Internationalization/icudt64l/lang/shi_Tfng.res" 1369
"../../../Engine/Content/Internationalization/icudt64l/region/shi_MA.res" 1370
"../../../Engine/Content/Internationalization/icudt64l/region/shi_Tfng_MA.res" 1371
"../../../Engine/Content/Internationalization/icudt64l/region/shi_Tfng.res" 1372
"../../../Engine/Content/Internationalization/icudt64l/region/shi.res" 1373
"../../../Engine/Content/Internationalization/icudt64l/region/shi_Latn.res" 1374
"../../../Engine/Content/Internationalization/icudt64l/lang/si.res" 1375
"../../../Engine/Content/Internationalization/icudt64l/region/si.res" 1376
"../../../Engine/Content/Internationalization/icudt64l/lang/sk.res" 1377
"../../../Engine/Content/Internationalization/icudt64l/region/sk.res" 1378
"../../../Engine/Content/Internationalization/icudt64l/lang/sl.res" 1379
"../../../Engine/Content/Internationalization/icudt64l/region/sl.res" 1380
"../../../Engine/Content/Internationalization/icudt64l/lang/smn.res" 1381
"../../../Engine/Content/Internationalization/icudt64l/region/smn.res" 1382
"../../../Engine/Content/Internationalization/icudt64l/lang/sn.res" 1383
"../../../Engine/Content/Internationalization/icudt64l/region/sn.res" 1384
"../../../Engine/Content/Internationalization/icudt64l/lang/so.res" 1385
"../../../Engine/Content/Internationalization/icudt64l/region/so.res" 1386
"../../../Engine/Content/Internationalization/icudt64l/lang/sq.res" 1387
"../../../Engine/Content/Internationalization/icudt64l/region/sq.res" 1388
"../../../Engine/Content/Internationalization/icudt64l/lang/sr.res" 1389
"../../../Engine/Content/Internationalization/icudt64l/lang/sr_Cyrl.res" 1390
"../../../Engine/Content/Internationalization/icudt64l/lang/sr_BA.res" 1391
"../../../Engine/Content/Internationalization/icudt64l/lang/sr_Cyrl_BA.res" 1392
"../../../Engine/Content/Internationalization/icudt64l/region/sr_BA.res" 1393
"../../../Engine/Content/Internationalization/icudt64l/region/sr_Cyrl_BA.res" 1394
"../../../Engine/Content/Internationalization/icudt64l/region/sr_Cyrl.res" 1395
"../../../Engine/Content/Internationalization/icudt64l/region/sr.res" 1396
"../../../Engine/Content/Internationalization/icudt64l/lang/sr_ME.res" 1397
"../../../Engine/Content/Internationalization/icudt64l/lang/sr_Latn_ME.res" 1398
"../../../Engine/Content/Internationalization/icudt64l/lang/sr_Latn.res" 1399
"../../../Engine/Content/Internationalization/icudt64l/region/sr_ME.res" 1400
"../../../Engine/Content/Internationalization/icudt64l/region/sr_Latn_ME.res" 1401
"../../../Engine/Content/Internationalization/icudt64l/region/sr_Latn.res" 1402
"../../../Engine/Content/Internationalization/icudt64l/lang/sr_Cyrl_ME.res" 1403
"../../../Engine/Content/Internationalization/icudt64l/region/sr_Cyrl_ME.res" 1404
"../../../Engine/Content/Internationalization/icudt64l/lang/sr_RS.res" 1405
"../../../Engine/Content/Internationalization/icudt64l/lang/sr_Cyrl_RS.res" 1406
"../../../Engine/Content/Internationalization/icudt64l/region/sr_RS.res" 1407
"../../../Engine/Content/Internationalization/icudt64l/region/sr_Cyrl_RS.res" 1408
"../../../Engine/Content/Internationalization/icudt64l/lang/sr_XK.res" 1409
"../../../Engine/Content/Internationalization/icudt64l/lang/sr_Cyrl_XK.res" 1410
"../../../Engine/Content/Internationalization/icudt64l/region/sr_XK.res" 1411
"../../../Engine/Content/Internationalization/icudt64l/region/sr_Cyrl_XK.res" 1412
"../../../Engine/Content/Internationalization/icudt64l/lang/sr_Latn_BA.res" 1413
"../../../Engine/Content/Internationalization/icudt64l/region/sr_Latn_BA.res" 1414
"../../../Engine/Content/Internationalization/icudt64l/lang/sr_Latn_RS.res" 1415
"../../../Engine/Content/Internationalization/icudt64l/region/sr_Latn_RS.res" 1416
"../../../Engine/Content/Internationalization/icudt64l/lang/sr_Latn_XK.res" 1417
"../../../Engine/Content/Internationalization/icudt64l/region/sr_Latn_XK.res" 1418
"../../../Engine/Content/Internationalization/icudt64l/lang/sv.res" 1419
"../../../Engine/Content/Internationalization/icudt64l/region/sv.res" 1420
"../../../Engine/Content/Internationalization/icudt64l/lang/sv_FI.res" 1421
"../../../Engine/Content/Internationalization/icudt64l/lang/sw.res" 1422
"../../../Engine/Content/Internationalization/icudt64l/lang/sw_CD.res" 1423
"../../../Engine/Content/Internationalization/icudt64l/region/sw_CD.res" 1424
"../../../Engine/Content/Internationalization/icudt64l/region/sw.res" 1425
"../../../Engine/Content/Internationalization/icudt64l/lang/sw_KE.res" 1426
"../../../Engine/Content/Internationalization/icudt64l/region/sw_KE.res" 1427
"../../../Engine/Content/Internationalization/icudt64l/lang/ta.res" 1428
"../../../Engine/Content/Internationalization/icudt64l/region/ta.res" 1429
"../../../Engine/Content/Internationalization/icudt64l/lang/te.res" 1430
"../../../Engine/Content/Internationalization/icudt64l/region/te.res" 1431
"../../../Engine/Content/Internationalization/icudt64l/lang/teo.res" 1432
"../../../Engine/Content/Internationalization/icudt64l/region/teo.res" 1433
"../../../Engine/Content/Internationalization/icudt64l/lang/tg.res" 1434
"../../../Engine/Content/Internationalization/icudt64l/region/tg.res" 1435
"../../../Engine/Content/Internationalization/icudt64l/lang/th.res" 1436
"../../../Engine/Content/Internationalization/icudt64l/lang/th_TH.res" 1437
"../../../Engine/Content/Internationalization/icudt64l/region/th_TH.res" 1438
"../../../Engine/Content/Internationalization/icudt64l/region/th.res" 1439
"../../../Engine/Content/Internationalization/icudt64l/lang/ti.res" 1440
"../../../Engine/Content/Internationalization/icudt64l/region/ti.res" 1441
"../../../Engine/Content/Internationalization/icudt64l/lang/tk.res" 1442
"../../../Engine/Content/Internationalization/icudt64l/region/tk.res" 1443
"../../../Engine/Content/Internationalization/icudt64l/lang/to.res" 1444
"../../../Engine/Content/Internationalization/icudt64l/region/to.res" 1445
"../../../Engine/Content/Internationalization/icudt64l/lang/tr.res" 1446
"../../../Engine/Content/Internationalization/icudt64l/region/tr.res" 1447
"../../../Engine/Content/Internationalization/icudt64l/lang/tt.res" 1448
"../../../Engine/Content/Internationalization/icudt64l/region/tt.res" 1449
"../../../Engine/Content/Internationalization/icudt64l/lang/twq.res" 1450
"../../../Engine/Content/Internationalization/icudt64l/region/twq.res" 1451
"../../../Engine/Content/Internationalization/icudt64l/lang/tzm.res" 1452
"../../../Engine/Content/Internationalization/icudt64l/region/tzm.res" 1453
"../../../Engine/Content/Internationalization/icudt64l/lang/ug.res" 1454
"../../../Engine/Content/Internationalization/icudt64l/region/ug.res" 1455
"../../../Engine/Content/Internationalization/icudt64l/lang/uk.res" 1456
"../../../Engine/Content/Internationalization/icudt64l/region/uk.res" 1457
"../../../Engine/Content/Internationalization/icudt64l/lang/ur.res" 1458
"../../../Engine/Content/Internationalization/icudt64l/lang/ur_IN.res" 1459
"../../../Engine/Content/Internationalization/icudt64l/region/ur_IN.res" 1460
"../../../Engine/Content/Internationalization/icudt64l/region/ur.res" 1461
"../../../Engine/Content/Internationalization/icudt64l/lang/uz.res" 1462
"../../../Engine/Content/Internationalization/icudt64l/lang/uz_Arab.res" 1463
"../../../Engine/Content/Internationalization/icudt64l/lang/uz_AF.res" 1464
"../../../Engine/Content/Internationalization/icudt64l/lang/uz_Arab_AF.res" 1465
"../../../Engine/Content/Internationalization/icudt64l/region/uz_AF.res" 1466
"../../../Engine/Content/Internationalization/icudt64l/region/uz_Arab_AF.res" 1467
"../../../Engine/Content/Internationalization/icudt64l/region/uz_Arab.res" 1468
"../../../Engine/Content/Internationalization/icudt64l/lang/uz_Cyrl.res" 1469
"../../../Engine/Content/Internationalization/icudt64l/lang/uz_UZ.res" 1470
"../../../Engine/Content/Internationalization/icudt64l/lang/uz_Latn_UZ.res" 1471
"../../../Engine/Content/Internationalization/icudt64l/lang/uz_Latn.res" 1472
"../../../Engine/Content/Internationalization/icudt64l/region/uz_UZ.res" 1473
"../../../Engine/Content/Internationalization/icudt64l/region/uz_Latn_UZ.res" 1474
"../../../Engine/Content/Internationalization/icudt64l/region/uz_Latn.res" 1475
"../../../Engine/Content/Internationalization/icudt64l/region/uz.res" 1476
"../../../Engine/Content/Internationalization/icudt64l/region/uz_Cyrl.res" 1477
"../../../Engine/Content/Internationalization/icudt64l/lang/vai.res" 1478
"../../../Engine/Content/Internationalization/icudt64l/lang/vai_Latn.res" 1479
"../../../Engine/Content/Internationalization/icudt64l/lang/vai_LR.res" 1480
"../../../Engine/Content/Internationalization/icudt64l/lang/vai_Vaii_LR.res" 1481
"../../../Engine/Content/Internationalization/icudt64l/lang/vai_Vaii.res" 1482
"../../../Engine/Content/Internationalization/icudt64l/region/vai_LR.res" 1483
"../../../Engine/Content/Internationalization/icudt64l/region/vai_Vaii_LR.res" 1484
"../../../Engine/Content/Internationalization/icudt64l/region/vai_Vaii.res" 1485
"../../../Engine/Content/Internationalization/icudt64l/region/vai.res" 1486
"../../../Engine/Content/Internationalization/icudt64l/region/vai_Latn.res" 1487
"../../../Engine/Content/Internationalization/icudt64l/lang/vi.res" 1488
"../../../Engine/Content/Internationalization/icudt64l/region/vi.res" 1489
"../../../Engine/Content/Internationalization/icudt64l/lang/vun.res" 1490
"../../../Engine/Content/Internationalization/icudt64l/region/vun.res" 1491
"../../../Engine/Content/Internationalization/icudt64l/lang/wae.res" 1492
"../../../Engine/Content/Internationalization/icudt64l/region/wae.res" 1493
"../../../Engine/Content/Internationalization/icudt64l/lang/wo.res" 1494
"../../../Engine/Content/Internationalization/icudt64l/region/wo.res" 1495
"../../../Engine/Content/Internationalization/icudt64l/lang/xh.res" 1496
"../../../Engine/Content/Internationalization/icudt64l/region/xh.res" 1497
"../../../Engine/Content/Internationalization/icudt64l/lang/xog.res" 1498
"../../../Engine/Content/Internationalization/icudt64l/region/xog.res" 1499
"../../../Engine/Content/Internationalization/icudt64l/lang/yav.res" 1500
"../../../Engine/Content/Internationalization/icudt64l/region/yav.res" 1501
"../../../Engine/Content/Internationalization/icudt64l/lang/yi.res" 1502
"../../../Engine/Content/Internationalization/icudt64l/region/yi.res" 1503
"../../../Engine/Content/Internationalization/icudt64l/lang/yo.res" 1504
"../../../Engine/Content/Internationalization/icudt64l/lang/yo_BJ.res" 1505
"../../../Engine/Content/Internationalization/icudt64l/region/yo_BJ.res" 1506
"../../../Engine/Content/Internationalization/icudt64l/region/yo.res" 1507
"../../../Engine/Content/Internationalization/icudt64l/lang/yue.res" 1508
"../../../Engine/Content/Internationalization/icudt64l/lang/yue_Hans.res" 1509
"../../../Engine/Content/Internationalization/icudt64l/lang/yue_CN.res" 1510
"../../../Engine/Content/Internationalization/icudt64l/lang/yue_Hans_CN.res" 1511
"../../../Engine/Content/Internationalization/icudt64l/region/yue_CN.res" 1512
"../../../Engine/Content/Internationalization/icudt64l/region/yue_Hans_CN.res" 1513
"../../../Engine/Content/Internationalization/icudt64l/region/yue_Hans.res" 1514
"../../../Engine/Content/Internationalization/icudt64l/lang/yue_Hant.res" 1515
"../../../Engine/Content/Internationalization/icudt64l/lang/yue_HK.res" 1516
"../../../Engine/Content/Internationalization/icudt64l/lang/yue_Hant_HK.res" 1517
"../../../Engine/Content/Internationalization/icudt64l/region/yue_HK.res" 1518
"../../../Engine/Content/Internationalization/icudt64l/region/yue_Hant_HK.res" 1519
"../../../Engine/Content/Internationalization/icudt64l/region/yue_Hant.res" 1520
"../../../Engine/Content/Internationalization/icudt64l/region/yue.res" 1521
"../../../Engine/Content/Internationalization/icudt64l/lang/zgh.res" 1522
"../../../Engine/Content/Internationalization/icudt64l/region/zgh.res" 1523
"../../../Engine/Content/Internationalization/icudt64l/lang/zh.res" 1524
"../../../Engine/Content/Internationalization/icudt64l/lang/zh_Hans.res" 1525
"../../../Engine/Content/Internationalization/icudt64l/lang/zh_CN.res" 1526
"../../../Engine/Content/Internationalization/icudt64l/lang/zh_Hans_CN.res" 1527
"../../../Engine/Content/Internationalization/icudt64l/region/zh_CN.res" 1528
"../../../Engine/Content/Internationalization/icudt64l/region/zh_Hans_CN.res" 1529
"../../../Engine/Content/Internationalization/icudt64l/region/zh_Hans.res" 1530
"../../../Engine/Content/Internationalization/icudt64l/region/zh.res" 1531
"../../../Engine/Content/Internationalization/icudt64l/lang/zh_HK.res" 1532
"../../../Engine/Content/Internationalization/icudt64l/lang/zh_Hant_HK.res" 1533
"../../../Engine/Content/Internationalization/icudt64l/lang/zh_Hant.res" 1534
"../../../Engine/Content/Internationalization/icudt64l/region/zh_HK.res" 1535
"../../../Engine/Content/Internationalization/icudt64l/region/zh_Hant_HK.res" 1536
"../../../Engine/Content/Internationalization/icudt64l/region/zh_Hant.res" 1537
"../../../Engine/Content/Internationalization/icudt64l/lang/zh_MO.res" 1538
"../../../Engine/Content/Internationalization/icudt64l/lang/zh_Hant_MO.res" 1539
"../../../Engine/Content/Internationalization/icudt64l/region/zh_MO.res" 1540
"../../../Engine/Content/Internationalization/icudt64l/region/zh_Hant_MO.res" 1541
"../../../Engine/Content/Internationalization/icudt64l/lang/zh_SG.res" 1542
"../../../Engine/Content/Internationalization/icudt64l/lang/zh_Hans_SG.res" 1543
"../../../Engine/Content/Internationalization/icudt64l/region/zh_SG.res" 1544
"../../../Engine/Content/Internationalization/icudt64l/region/zh_Hans_SG.res" 1545
"../../../Engine/Content/Internationalization/icudt64l/lang/zh_TW.res" 1546
"../../../Engine/Content/Internationalization/icudt64l/lang/zh_Hant_TW.res" 1547
"../../../Engine/Content/Internationalization/icudt64l/region/zh_TW.res" 1548
"../../../Engine/Content/Internationalization/icudt64l/region/zh_Hant_TW.res" 1549
"../../../Engine/Content/Internationalization/icudt64l/lang/zu.res" 1550
"../../../Engine/Content/Internationalization/icudt64l/region/zu.res" 1551
"../../../Engine/Content/Internationalization/icudt64l/lang/no.res" 1552
"../../../Engine/Content/Internationalization/icudt64l/lang/tl.res" 1553
"../../../Engine/Config/Android/DataDrivenPlatformInfo.ini" 1554
"../../../Engine/Config/HoloLens/DataDrivenPlatformInfo.ini" 1555
"../../../Engine/Config/IOS/DataDrivenPlatformInfo.ini" 1556
"../../../Engine/Config/Linux/DataDrivenPlatformInfo.ini" 1557
"../../../Engine/Config/LinuxArm64/DataDrivenPlatformInfo.ini" 1558
"../../../Engine/Config/Mac/DataDrivenPlatformInfo.ini" 1559
"../../../Engine/Config/TVOS/DataDrivenPlatformInfo.ini" 1560
"../../../Engine/Config/Unix/DataDrivenPlatformInfo.ini" 1561
"../../../Engine/Config/VulkanPC/DataDrivenPlatformInfo.ini" 1562
"../../../Engine/Config/Windows/DataDrivenPlatformInfo.ini" 1563
"../../../../../../Users/micha/OneDrive/Documents/Unreal Projects/RTD/Intermediate/ShaderAutogen/PCD3D_SM5/AutogenShaderHeaders.ush" 1564
"../../../../../../Users/micha/OneDrive/Documents/Unreal Projects/RTD/Intermediate/ShaderAutogen/PCD3D_ES31/AutogenShaderHeaders.ush" 1565
"../../../Engine/DerivedDataCache/Compressed.ddp" 1566
"C:/Users/micha/AppData/Local/UnrealEngine/Common/DerivedDataCache/TestData/0/TestData_4kb.dat" 1567
"C:/Users/micha/AppData/Local/UnrealEngine/Common/DerivedDataCache/TestData/1/TestData_4kb.dat" 1568
"C:/Users/micha/AppData/Local/UnrealEngine/Common/DerivedDataCache/TestData/0/TestData_8kb.dat" 1569
"C:/Users/micha/AppData/Local/UnrealEngine/Common/DerivedDataCache/TestData/1/TestData_8kb.dat" 1570
"C:/Users/micha/AppData/Local/UnrealEngine/Common/DerivedDataCache/TestData/0/TestData_16kb.dat" 1571
"C:/Users/micha/AppData/Local/UnrealEngine/Common/DerivedDataCache/TestData/1/TestData_16kb.dat" 1572
"C:/Users/micha/AppData/Local/UnrealEngine/Common/DerivedDataCache/TestData/0/TestData_64kb.dat" 1573
"C:/Users/micha/AppData/Local/UnrealEngine/Common/DerivedDataCache/TestData/1/TestData_64kb.dat" 1574
"C:/Users/micha/AppData/Local/UnrealEngine/Common/DerivedDataCache/TestData/0/TestData_128kb.dat" 1575
"C:/Users/micha/AppData/Local/UnrealEngine/Common/DerivedDataCache/TestData/1/TestData_128kb.dat" 1576
"C:/Users/micha/AppData/Local/UnrealEngine/Common/DerivedDataCache/TestData/0/TestData_256kb.dat" 1577
"C:/Users/micha/AppData/Local/UnrealEngine/Common/DerivedDataCache/TestData/1/TestData_256kb.dat" 1578
"../../../Engine/Shaders/Private/HairStrands/HairStrandsVertexFactory.ush" 1579
"../../../Engine/Shaders/Private/VertexFactoryCommon.ush" 1580
"../../../Engine/Shaders/Private/Common.ush" 1581
"../../../Engine/Shaders/Public/Platform.ush" 1582
"../../../Engine/Shaders/Public/FP16Math.ush" 1583
"../../../Engine/Shaders/Public/Platform/D3D/D3DCommon.ush" 1584
"../../../Engine/Shaders/Public/ShaderVersion.ush" 1585
"../../../Engine/Shaders/Private/GeneratedUniformBufferTypes.ush" 1586
"../../../Engine/Shaders/Private/Nanite/NanitePackedNaniteView.ush" 1587
"../../../Engine/Shaders/Private/HairStrands/HairStrandsVisibilityCommonStruct.ush" 1588
"../../../Engine/Shaders/Private/HairStrands/HairStrandsVoxelPageCommonStruct.ush" 1589
"../../../Engine/Shaders/Private/HairStrands/HairStrandsDeepShadowCommonStruct.ush" 1590
"../../../Engine/Shaders/Private/CommonViewUniformBuffer.ush" 1591
"../../../Engine/Shaders/Private/LargeWorldCoordinates.ush" 1592
"../../../Engine/Shaders/Private/LWCOperations.ush" 1593
"../../../Engine/Shaders/Private/InstancedStereo.ush" 1594
"../../../Engine/Shaders/Private/Definitions.usf" 1595
"../../../Engine/Shaders/Private/AssertionMacros.ush" 1596
"../../../Engine/Shaders/Private/FastMath.ush" 1597
"../../../Engine/Shaders/Private/Random.ush" 1598
"../../../Engine/Shaders/Private/SceneData.ush" 1599
"../../../Engine/Shaders/Private/OctahedralCommon.ush" 1600
"../../../Engine/Shaders/Private/LocalVertexFactoryCommon.ush" 1601
"../../../Engine/Shaders/Private/HairStrands/HairStrandsVisibilityCommon.ush" 1602
"../../../Engine/Shaders/Private/HairStrands/HairStrandsVertexFactoryCommon.ush" 1603
"../../../Engine/Shaders/Private/HairStrands/HairStrandsAttributeCommon.ush" 1604
"../../../Engine/Shaders/Private/VertexFactoryDefaultInterface.ush" 1605
"../../../Engine/Shaders/Private/HairStrands/HairCardsVertexFactory.ush" 1606
"../../../Engine/Shaders/Private/HairStrands/HairCardsAttributeCommon.ush" 1607
"../../../Engine/Shaders/Private/RayTracing/RayTracingCommon.ush" 1608
"../../../Engine/Shaders/Private/ShadingCommon.ush" 1609
"../../../Engine/Shaders/Shared/RayTracingDefinitions.h" 1610
"../../../Engine/Shaders/Private/PositionReconstructionCommon.ush" 1611
"../../../Engine/Shaders/Private/RayTracing/RayTracingHitGroupCommon.ush" 1612
"../../../Engine/Shaders/Shared/RayTracingBuiltInResources.h" 1613
"../../../Engine/Plugins/FX/Niagara/Shaders/Private/NiagaraSpriteVertexFactory.ush" 1614
"../../../Engine/Shaders/Private/ParticleVertexFactoryCommon.ush" 1615
"../../../Engine/Plugins/FX/Niagara/Shaders/Private/NiagaraVFCommon.usf" 1616
"../../../Engine/Plugins/FX/Niagara/Shaders/Private/NiagaraVFParticleAccess.usf" 1617
"../../../Engine/Plugins/FX/Niagara/Shaders/Private/NiagaraParticleAccess.ush" 1618
"../../../Engine/Plugins/FX/Niagara/Shaders/Private/NiagaraRibbonVertexFactory.ush" 1619
"../../../Engine/Plugins/FX/Niagara/Shaders/Private/NiagaraMeshVertexFactory.ush" 1620
"../../../Engine/Plugins/FX/Niagara/Shaders/Private/NiagaraCommon.ush" 1621
"../../../Engine/Plugins/FX/Niagara/Shaders/Private/NiagaraMeshParticleUtils.ush" 1622
"../../../Engine/Shaders/Private/VectorFieldVisualizationVertexFactory.ush" 1623
"../../../Engine/Shaders/Private/Nanite/NaniteVertexFactory.ush" 1624
"../../../Engine/Shaders/Private/LightmapData.ush" 1625
"../../../Engine/Shaders/Private/Nanite/NaniteDataDecode.ush" 1626
"../../../Engine/Shaders/Private/BitPacking.ush" 1627
"../../../Engine/Shaders/Private/BitStreamReaderImplementation.ush" 1628
"../../../Engine/Shaders/Shared/NaniteDefinitions.h" 1629
"../../../Engine/Shaders/Private/Nanite/NaniteAttributeDecode.ush" 1630
"../../../Engine/Shaders/Private/ParticleSpriteVertexFactory.ush" 1631
"../../../Engine/Shaders/Private/ParticleGPUSpriteVertexFactory.ush" 1632
"../../../Engine/Shaders/Private/ParticleBeamTrailVertexFactory.ush" 1633
"../../../Engine/Shaders/Private/MeshParticleVertexFactory.ush" 1634
"../../../Engine/Shaders/Private/LocalVertexFactory.ush" 1635
"../../../Engine/Shaders/Private/GpuSkinCommon.ush" 1636
"../../../Engine/Shaders/Private/GpuSkinVertexFactory.ush" 1637
"../../../Engine/Shaders/Private/GeometryCollectionVertexFactory.ush" 1638
"../../../Engine/Shaders/Private/GeometryCacheVertexFactory.ush" 1639
"../../../Engine/Shaders/Private/LandscapeVertexFactory.ush" 1640
"../../../Engine/Plugins/Runtime/HairStrands/Shaders/Private/NiagaraCopyVelocityGrid.usf" 1641
"../../../Engine/Plugins/Runtime/HairStrands/Shaders/Private/NiagaraClearVelocityGrid.usf" 1642
"../../../Engine/Plugins/Runtime/HairStrands/Shaders/Private/NiagaraClearPressureGrid.usf" 1643
"../../../Engine/Shaders/Private/HairStrands/HairStrandsClusterCulling.usf" 1644
"../../../Engine/Shaders/Private/ColorMap.ush" 1645
"../../../Engine/Shaders/Private/ColorSpace.ush" 1646
"../../../Engine/Shaders/Private/HairStrands/HairStrandsAABBCommon.ush" 1647
"../../../Engine/Shaders/Private/HairStrands/HairStrandsClusterCommon.ush" 1648
"../../../Engine/Shaders/Private/ShaderDrawDebug.ush" 1649
"../../../Engine/Shaders/Private/ShaderPrintCommon.ush" 1650
"../../../Engine/Shaders/Private/MiniFontCommon.ush" 1651
"../../../Engine/Shaders/Private/HairStrands/HairStrandsRaytracingGeometry.usf" 1652
"../../../Engine/Shaders/Private/HairStrands/HairStrandsTangent.usf" 1653
"../../../Engine/Shaders/Private/MonteCarlo.ush" 1654
"../../../Engine/Shaders/Private/HairStrands/HairCardsDeformation.usf" 1655
"../../../Engine/Shaders/Private/HairStrands/HairStrandsMeshProjectionCommon.ush" 1656
"../../../Engine/Shaders/Private/HairStrands/HairStrandsInterpolation.usf" 1657
"../../../Engine/Shaders/Private/HairStrands/HairStrandsGuideDeform.usf" 1658
"../../../Engine/Shaders/Private/HairStrands/HairStrandsMeshRBF.ush" 1659
"../../../Engine/Shaders/Private/HairStrands/HairStrandsMeshUpdate.usf" 1660
"../../../Engine/Shaders/Private/HairStrands/HairStrandsFollicleMask.usf" 1661
"../../../Engine/Shaders/Private/HairStrands/HairStrandsSamplesUpdate.usf" 1662
"../../../Engine/Shaders/Private/HairStrands/HairStrandsSamplesInit.usf" 1663
"../../../Engine/Shaders/Private/HairStrands/HairStrandsMeshInterpolate.usf" 1664
"../../../Engine/Shaders/Private/HairStrands/HairStrandsSkinUpdate.usf" 1665
"../../../Engine/Shaders/Private/HairStrands/HairCardsGeneration.usf" 1666
"../../../Engine/Shaders/Private/HairStrands/HairCardsTextureCommon.ush" 1667
"../../../Engine/Shaders/Private/HairStrands/HairStrandsTexturesGeneration.usf" 1668
"../../../Engine/Shaders/Private/HairStrands/HairCardsDebug.usf" 1669
"../../../Engine/Shaders/Private/HairStrands/HairStrandsDebug.usf" 1670
"../../../Engine/Shaders/Private/HairStrands/HairCardsVoxel.usf" 1671
"../../../Engine/Shaders/Private/SceneTextureParameters.ush" 1672
"../../../Engine/Shaders/Private/SceneTexturesCommon.ush" 1673
"../../../Engine/Shaders/Private/DeferredShadingCommon.ush" 1674
"../../../Engine/Shaders/Private/LightAccumulator.ush" 1675
"../../../Engine/Shaders/Private/GBufferHelpers.ush" 1676
"C:/Users/micha/OneDrive/Documents/Unreal Projects/RTD/Intermediate/ShaderAutogen/PCD3D_SM5/AutogenShaderHeaders.ush" 1677
"../../../Engine/Shaders/Private/HairStrands/HairStrandsMeshProjectionHairDebug.usf" 1678
"../../../Engine/Shaders/Private/HairStrands/HairStrandsMeshProjectionMeshDebug.usf" 1679
"../../../Engine/Plugins/Media/WmfMedia/Shaders/Private/MediaHardwareVideoDecoding.usf" 1680
"../../../Engine/Shaders/Private/GammaCorrectionCommon.ush" 1681
"../../../Engine/Shaders/Private/ColorUtils.ush" 1682
"../../../Engine/Plugins/Media/ImgMedia/Shaders/Private/ExrSwizzler.usf" 1683
"../../../Engine/Plugins/FX/Niagara/Shaders/Private/NiagaraFillIntBuffer.usf" 1684
"../../../Engine/Plugins/FX/Niagara/Shaders/Private/NiagaraComputeFreeIDs.usf" 1685
"../../../Engine/Plugins/FX/Niagara/Shaders/Private/NiagaraInitFreeIDBuffer.usf" 1686
"../../../Engine/Plugins/FX/Niagara/Shaders/Private/NiagaraEmitterInstanceShader.usf" 1687
"../../../Engine/Plugins/FX/Niagara/Shaders/Private/NiagaraShaderVersion.ush" 1688
"../../../Engine/Shaders/Private/GlobalDistanceFieldShared.ush" 1689
"../../../Engine/Plugins/FX/Niagara/Shaders/Private/NiagaraPhysicsCommon.ush" 1690
"../../../Engine/Plugins/FX/Niagara/Shaders/Private/NiagaraUpdateMeshGPUSceneInstances.usf" 1691
"../../../Engine/Shaders/Private/ComputeShaderUtils.ush" 1692
"../../../Engine/Shaders/Private/GPUScene/GPUSceneWriter.ush" 1693
"../../../Engine/Plugins/FX/Niagara/Shaders/Private/NiagaraGenerateMips.usf" 1694
"../../../Engine/Plugins/FX/Niagara/Shaders/Private/NiagaraDebugDraw.usf" 1695
"../../../Engine/Plugins/FX/Niagara/Shaders/Private/NiagaraDebugDraw.ush" 1696
"../../../Engine/Plugins/FX/Niagara/Shaders/Private/NiagaraVisualizeTexture.usf" 1697
"../../../Engine/Plugins/FX/Niagara/Shaders/Private/NiagaraClearCounts.usf" 1698
"../../../Engine/Plugins/FX/Niagara/Shaders/Private/NiagaraBatchedElements.usf" 1699
"../../../Engine/Plugins/FX/Niagara/Shaders/Private/NiagaraRayTracingShaders.usf" 1700
"../../../Engine/Plugins/FX/Niagara/Shaders/Private/NiagaraAsyncGpuTraceCommon.ush" 1701
"../../../Engine/Shaders/Private/HashTable.ush" 1702
"../../../Engine/Shaders/Private/RayTracing/VFXTraceRay.ush" 1703
"../../../Engine/Plugins/FX/Niagara/Shaders/Private/NiagaraRayMarchingShaders.usf" 1704
"../../../Engine/Plugins/FX/Niagara/Shaders/Private/NiagaraRayTraceCollisionGroupShaders.usf" 1705
"../../../Engine/Plugins/FX/Niagara/Shaders/Private/NiagaraAsyncGpuTraceUtils.usf" 1706
"../../../Engine/Plugins/FX/Niagara/Shaders/Private/NiagaraSortKeyGen.usf" 1707
"../../../Engine/Plugins/FX/Niagara/Shaders/Private/NiagaraGPURayTracingTransforms.usf" 1708
"../../../Engine/Plugins/FX/Niagara/Shaders/Private/NiagaraDrawIndirectArgsGen.usf" 1709
"../../../Engine/Shaders/Private/SlateElementPixelShader.usf" 1710
"../../../Engine/Shaders/Private/SlateShaderCommon.ush" 1711
"../../../Engine/Shaders/Private/MaterialTemplate.ush" 1712
"../../../Engine/Shaders/Private/EyeAdaptationCommon.ush" 1713
"../../../Engine/Shaders/Private/SobolRandom.ush" 1714
"../../../Engine/Shaders/Private/DepthOfFieldCommon.ush" 1715
"../../../Engine/Shaders/Private/CircleDOFCommon.ush" 1716
"../../../Engine/Shaders/Private/PhysicsFieldSampler.ush" 1717
"../../../Engine/Shaders/Private/PhysicsFieldShared.ush" 1718
"../../../Engine/Shaders/Private/HairShadingCommon.ush" 1719
"../../../Engine/Shaders/Private/DBufferDecalShared.ush" 1720
"../../../Engine/Shaders/Private/SpeedTreeCommon.ush" 1721
"../../../Engine/Shaders/Private/VirtualTextureCommon.ush" 1722
"../../../Engine/Shaders/Private/MinMaterialTexCoords.ush" 1723
"../../../Engine/Shaders/Private/SkyAtmosphereCommon.ush" 1724
"../../../Engine/Shaders/Private/SingleLayerWaterCommon.ush" 1725
"../../../Engine/Shaders/Private/PaniniProjection.ush" 1726
"../../../Engine/Shaders/Private/DBufferNormalReprojection.ush" 1727
"../../../Engine/Shaders/Private/Strata/Strata.ush" 1728
"../../../Engine/Shaders/Private/ShadingEnergyConservation.ush" 1729
"../../../Engine/Shaders/Private/BRDF.ush" 1730
"../../../Engine/Shaders/Private/ParticipatingMediaCommon.ush" 1731
"../../../Engine/Shaders/Private/ThinFilmBSDF.ush" 1732
"../../../Engine/Shaders/Private/MortonCode.ush" 1733
"../../../Engine/Shaders/Shared/StrataDefinitions.h" 1734
"../../../Engine/Shaders/Private/Strata/StrataLegacyConversion.ush" 1735
"../../../Engine/Shaders/Private/CompositeUIPixelShader.usf" 1736
"../../../Engine/Shaders/Private/TonemapCommon.ush" 1737
"../../../Engine/Shaders/Private/ACES.ush" 1738
"../../../Engine/Shaders/Private/SlateMaskingShader.usf" 1739
"../../../Engine/Shaders/Private/SlatePostProcessColorDeficiencyPixelShader.usf" 1740
"../../../Engine/Shaders/Private/SlatePostProcessPixelShader.usf" 1741
"../../../Engine/Shaders/Private/SlateVertexShader.usf" 1742
"../../../Engine/Shaders/Private/TranslucentLightingShaders.usf" 1743
"../../../Engine/Shaders/Private/SHCommon.ush" 1744
"../../../Engine/Shaders/Private/ShadowProjectionCommon.ush" 1745
"../../../Engine/Shaders/Private/CubemapCommon.ush" 1746
"../../../Engine/Shaders/Private/VectorFieldCompositeShaders.usf" 1747
"../../../Engine/Shaders/Private/UpdateTextureShaders.usf" 1748
"../../../Engine/Shaders/Private/StereoLayerShader.usf" 1749
"../../../Engine/Shaders/Private/MorphTargets.usf" 1750
"../../../Engine/Shaders/Private/SimpleElementColorChannelMaskPixelShader.usf" 1751
"../../../Engine/Shaders/Private/SimpleElementHitProxyPixelShader.usf" 1752
"../../../Engine/Shaders/Private/SimpleElementPixelShader.usf" 1753
"../../../Engine/Shaders/Private/IESLightProfilesCommon.ush" 1754
"../../../Engine/Shaders/Private/SimpleElementVertexShader.usf" 1755
"../../../Engine/Shaders/Private/ScreenPixelShaderOES.usf" 1756
"../../../Engine/Shaders/Private/ScreenVertexShader.usf" 1757
"../../../Engine/Shaders/Private/ScreenPixelShader.usf" 1758
"../../../Engine/Shaders/Private/SSProfilePreIntegratedMobile.usf" 1759
"../../../Engine/Shaders/Private/BurleyNormalizedSSSCommon.ush" 1760
"../../../Engine/Shaders/Private/SubsurfaceProfileCommon.ush" 1761
"../../../Engine/Shaders/Private/Nanite/NaniteClusterCulling.usf" 1762
"../../../Engine/Shaders/Private/WaveOpUtil.ush" 1763
"../../../Engine/Shaders/Private/VirtualShadowMaps/VirtualShadowMapPageOverlap.ush" 1764
"../../../Engine/Shaders/Private/Nanite/NaniteHZBCull.ush" 1765
"../../../Engine/Shaders/Private/VirtualShadowMaps/VirtualShadowMapPageAccessCommon.ush" 1766
"../../../Engine/Shaders/Private/Nanite/NaniteCulling.ush" 1767
"../../../Engine/Shaders/Private/GPUMessaging.ush" 1768
"../../../Engine/Shaders/Private/Nanite/NaniteTranscode.usf" 1769
"../../../Engine/Shaders/Private/VolumetricLightmapStreaming.usf" 1770
"../../../Engine/Shaders/Private/PhysicsFieldReset.usf" 1771
"../../../Engine/Shaders/Private/PhysicsFieldBuilder.usf" 1772
"../../../Engine/Shaders/Private/PhysicsFieldEval.ush" 1773
"../../../Engine/Shaders/Private/ParticleSortKeyGen.usf" 1774
"../../../Engine/Shaders/Private/ParticleBoundsShader.usf" 1775
"../../../Engine/Shaders/Private/ParticleSimVisualizeShader.usf" 1776
"../../../Engine/Shaders/Private/ParticleInjectionShader.usf" 1777
"../../../Engine/Shaders/Private/ParticleSimulationShader.usf" 1778
"../../../Engine/Shaders/Private/ParticleCurveInjectionShader.usf" 1779
"../../../Engine/Shaders/Private/CopyUIntBuffer.usf" 1780
"../../../Engine/Shaders/Private/RadixSortShaders.usf" 1781
"../../../Engine/Shaders/Private/RecomputeTangentsPerVertexPass.usf" 1782
"../../../Engine/Shaders/Private/RecomputeTangentsCommon.ush" 1783
"../../../Engine/Shaders/Private/RecomputeTangentsPerTrianglePass.usf" 1784
"../../../Engine/Shaders/Private/GpuSkinCacheComputeShader.usf" 1785
"../../../Engine/Shaders/Private/HeightFieldAtlasManagement.usf" 1786
"../../../Engine/Shaders/Private/LandscapePhysicalMaterial.usf" 1787
"../../../Engine/Shaders/Private/LandscapeGrassWeight.usf" 1788
"../../../Engine/Shaders/Private/Landscape/LandscapeLayersWeightmapsPS.usf" 1789
"../../../Engine/Shaders/Private/Landscape/LandscapeLayersHeightmapsPS.usf" 1790
"../../../Engine/Shaders/Private/LandscapeLayersCS.usf" 1791
"../../../Engine/Shaders/Private/LandscapeLayersPS.usf" 1792
"../../../Engine/Shaders/Private/LandscapeLayersVS.usf" 1793
"../../../Engine/Shaders/Private/WideCustomResolveShaders.usf" 1794
"../../../Engine/Shaders/Private/WideCustomResolve_Wide.ush" 1795
"../../../Engine/Shaders/Private/WideCustomResolve_Wider.ush" 1796
"../../../Engine/Shaders/Private/WideCustomResolve_Widest.ush" 1797
"../../../Engine/Shaders/Private/PageTableUpdate.usf" 1798
"../../../Engine/Shaders/Private/VirtualTextureCompress.usf" 1799
"../../../Engine/Shaders/Private/BlockCompressionCommon.ush" 1800
"../../../Engine/Shaders/Private/BCCompressionCommon.ush" 1801
"../../../Engine/Shaders/Private/ETCCompressionCommon.ush" 1802
"../../../Engine/Shaders/Private/VirtualTextureMaterial.usf" 1803
"../../../Engine/Shaders/Private/PixelShaderOutputCommon.ush" 1804
"../../../Engine/Shaders/Private/VolumetricRenderTarget.usf" 1805
"../../../Engine/Shaders/Private/VolumetricFogVoxelization.usf" 1806
"../../../Engine/Shaders/Private/VolumetricCloudMaterialPixelCommon.ush" 1807
"../../../Engine/Shaders/Private/VolumetricFogLightFunction.usf" 1808
"../../../Engine/Shaders/Private/LightFunctionCommon.ush" 1809
"../../../Engine/Shaders/Private/VolumetricFog.usf" 1810
"../../../Engine/Shaders/Private/DeferredLightingCommon.ush" 1811
"../../../Engine/Shaders/Private/DynamicLightingCommon.ush" 1812
"../../../Engine/Shaders/Private/CapsuleLightIntegrate.ush" 1813
"../../../Engine/Shaders/Private/AreaLightCommon.ush" 1814
"../../../Engine/Shaders/Private/RectLight.ush" 1815
"../../../Engine/Shaders/Private/CapsuleLight.ush" 1816
"../../../Engine/Shaders/Private/ShadingModels.ush" 1817
"../../../Engine/Shaders/Private/TransmissionCommon.ush" 1818
"../../../Engine/Shaders/Private/HairBsdf.ush" 1819
"../../../Engine/Shaders/Private/CapsuleLightSampling.ush" 1820
"../../../Engine/Shaders/Private/RectLightIntegrate.ush" 1821
"../../../Engine/Shaders/Private/LightGridCommon.ush" 1822
"../../../Engine/Shaders/Private/HeightFogCommon.ush" 1823
"../../../Engine/Shaders/Private/DistanceFieldAOShared.ush" 1824
"../../../Engine/Shaders/Private/VolumeLightingCommon.ush" 1825
"../../../Engine/Shaders/Private/ShadowFilteringCommon.ush" 1826
"../../../Engine/Shaders/Private/PixelQuadMessagePassing.ush" 1827
"../../../Engine/Shaders/Private/VolumeLightingCommonSampling.ush" 1828
"../../../Engine/Shaders/Private/VolumetricLightmapShared.ush" 1829
"../../../Engine/Shaders/Private/ForwardShadowingCommon.ush" 1830
"../../../Engine/Shaders/Private/Lumen/LumenTranslucencyVolumeShared.ush" 1831
"../../../Engine/Shaders/Private/Lumen/LumenRadianceCacheInterpolation.ush" 1832
"../../../Engine/Shaders/Private/VirtualShadowMaps/VirtualShadowMapProjectionCommon.ush" 1833
"../../../Engine/Shaders/Private/VirtualShadowMaps/VirtualShadowMapProjectionStructs.ush" 1834
"../../../Engine/Shaders/Private/VolumetricCloudCommon.ush" 1835
"../../../Engine/Shaders/Private/VolumetricCloud.usf" 1836
"../../../Engine/Shaders/Private/ReflectionEnvironmentShared.ush" 1837
"../../../Engine/Shaders/Private/VisualizeVolumetricLightmap.usf" 1838
"../../../Engine/Shaders/Private/VirtualShadowMaps/VirtualShadowMapProjection.usf" 1839
"../../../Engine/Shaders/Private/LightShaderParameters.ush" 1840
"../../../Engine/Shaders/Private/Visualization.ush" 1841
"../../../Engine/Shaders/Private/VirtualShadowMaps/VirtualShadowMapProjectionDirectional.ush" 1842
"../../../Engine/Shaders/Private/PathTracing/Utilities/PathTracingRandomSequence.ush" 1843
"../../../Engine/Shaders/Private/VirtualShadowMaps/VirtualShadowMapSMRTCommon.ush" 1844
"../../../Engine/Shaders/Private/VirtualShadowMaps/VirtualShadowMapSMRTTemplate.ush" 1845
"../../../Engine/Shaders/Private/VirtualShadowMaps/VirtualShadowMapProjectionSpot.ush" 1846
"../../../Engine/Shaders/Private/VirtualShadowMaps/VirtualShadowMapTransmissionCommon.ush" 1847
"../../../Engine/Shaders/Shared/VirtualShadowMapDefinitions.h" 1848
"../../../Engine/Shaders/Private/HairStrands/HairStrandsVoxelPageCommon.ush" 1849
"../../../Engine/Shaders/Private/HairStrands/HairStrandsVoxelPageTraversal.ush" 1850
"../../../Engine/Shaders/Private/VirtualShadowMaps/VirtualShadowMapCacheManagement.usf" 1851
"../../../Engine/Shaders/Private/VirtualShadowMaps/VirtualShadowMapPageCacheCommon.ush" 1852
"../../../Engine/Shaders/Private/ScreenSpaceDenoise/SSDDefinitions.ush" 1853
"../../../Engine/Shaders/Private/InstanceCulling/InstanceCullingLoadBalancer.ush" 1854
"../../../Engine/Shaders/Private/VirtualShadowMaps/VirtualShadowMapCopyStats.usf" 1855
"../../../Engine/Shaders/Private/VirtualShadowMaps/VirtualShadowMapPageManagement.usf" 1856
"../../../Engine/Shaders/Private/HairStrands/HairStrandsTileCommon.ush" 1857
"../../../Engine/Shaders/Private/ReductionCommon.ush" 1858
"../../../Engine/Shaders/Private/VirtualShadowMaps/VirtualShadowMapStats.ush" 1859
"../../../Engine/Shaders/Private/VirtualShadowMaps/VirtualShadowMapBuildPerPageDrawCommands.usf" 1860
"../../../Engine/Shaders/Private/InstanceCulling/InstanceCullingCommon.ush" 1861
"../../../Engine/Shaders/Private/VirtualShadowMaps/VirtualShadowMapPrintStats.usf" 1862
"../../../Engine/Shaders/Private/VirtualShadowMaps/VirtualShadowMapDebug.usf" 1863
"../../../Engine/Shaders/Private/VelocityShader.usf" 1864
"../../../Engine/Shaders/Private/VelocityCommon.ush" 1865
"../../../Engine/Shaders/Private/VariableRateShading.usf" 1866
"../../../Engine/Shaders/Private/TranslucencyUpsampling.usf" 1867
"../../../Engine/Shaders/Private/ScreenPass.ush" 1868
"../../../Engine/Shaders/Private/ComposeSeparateTranslucency.usf" 1869
"../../../Engine/Shaders/Private/SeparateTranslucency.ush" 1870
"../../../Engine/Shaders/Private/TranslucentLightInjectionShaders.usf" 1871
"../../../Engine/Shaders/Private/TranslucentShadowDepthShaders.usf" 1872
"../../../Engine/Shaders/Private/ShadowDepthCommon.ush" 1873
"../../../Engine/Shaders/Private/RayTracing/RayTracingTest.usf" 1874
"../../../Engine/Shaders/Private/PostProcessSubsurfaceTile.usf" 1875
"../../../Engine/Shaders/Private/Strata/StrataTiling.usf" 1876
"../../../Engine/Shaders/Private/Strata/StrataMaterialClassification.usf" 1877
"../../../Engine/Shaders/Private/Strata/StrataVisualize.usf" 1878
"../../../Engine/Shaders/Private/Strata/StrataEvaluation.ush" 1879
"../../../Engine/Shaders/Private/HairStrands/HairStrandsCommon.ush" 1880
"../../../Engine/Shaders/Private/HairStrands/HairStrandsDeepTransmittanceCommon.ush" 1881
"../../../Engine/Shaders/Private/HairStrands/HairStrandsDeepTransmittanceDualScattering.ush" 1882
"../../../Engine/Shaders/Private/SkyAtmosphere.usf" 1883
"../../../Engine/Shaders/Private/SingleLayerWaterComposite.usf" 1884
"../../../Engine/Shaders/Private/ReflectionEnvironmentComposite.ush" 1885
"../../../Engine/Shaders/Private/ShadowProjectionVertexShader.usf" 1886
"../../../Engine/Shaders/Private/ShadowProjectionPixelShader.usf" 1887
"../../../Engine/Shaders/Private/ShadowPercentageCloserFiltering.ush" 1888
"../../../Engine/Shaders/Private/TransmissionThickness.ush" 1889
"../../../Engine/Shaders/Private/CopyShadowMaps.usf" 1890
"../../../Engine/Shaders/Private/ShadowDepthPixelShader.usf" 1891
"../../../Engine/Shaders/Private/ShadowDepthVertexShader.usf" 1892
"../../../Engine/Shaders/Private/ShadingEnergyConservationTable.usf" 1893
"../../../Engine/Shaders/Shared/PathTracingDefinitions.h" 1894
"../../../Engine/Shaders/Private/PathTracing/Material/PathTracingGlossy.ush" 1895
"../../../Engine/Shaders/Private/PathTracing/Material/PathTracingFresnel.ush" 1896
"../../../Engine/Shaders/Private/ShadingFurnaceTest.usf" 1897
"../../../Engine/Shaders/Private/Strata/StrataDeferredLighting.ush" 1898
"../../../Engine/Shaders/Private/ShaderPrintDraw.usf" 1899
"../../../Engine/Shaders/Private/ShaderDrawDebug.usf" 1900
"../../../Engine/Shaders/Private/SSRT/SSRTTraceProbeOcclusion.usf" 1901
"../../../Engine/Shaders/Private/SSRT/SSRTRayCast.ush" 1902
"../../../Engine/Shaders/Private/SSRT/SSRTTileClassificationBuffer.ush" 1903
"../../../Engine/Shaders/Private/Lumen/FinalGather/LumenProbeOcclusion.ush" 1904
"../../../Engine/Shaders/Public/WaveBroadcastIntrinsics.ush" 1905
"../../../Engine/Shaders/Private/Lumen/ProbeHierarchy/LumenCubemapProbeHierarchy.ush" 1906
"../../../Engine/Shaders/Private/Lumen/ProbeHierarchy/LumenProbeHierarchy.ush" 1907
"../../../Engine/Shaders/Private/HybridIndirectLighting.ush" 1908
"../../../Engine/Shaders/Private/ScreenSpaceDenoise/DenoisingCommon.ush" 1909
"../../../Engine/Shaders/Private/ShadingModelsSampling.ush" 1910
"../../../Engine/Shaders/Private/HairStrands/HairBsdfSample.ush" 1911
"../../../Engine/Shaders/Private/Lumen/FinalGather/LumenProbeOcclusionPass.ush" 1912
"../../../Engine/Shaders/Private/SSRT/SSRTTraceProbe.usf" 1913
"../../../Engine/Shaders/Private/Lumen/ProbeHierarchy/LumenProbeTracing.ush" 1914
"../../../Engine/Shaders/Private/SSRT/SSRTDiffuseIndirect.usf" 1915
"../../../Engine/Shaders/Private/SSRT/SSRTReflections.usf" 1916
"../../../Engine/Shaders/Private/ScreenSpaceDenoise/SSDPublic.ush" 1917
"../../../Engine/Shaders/Private/SSRT/SSRTTileClassification.usf" 1918
"../../../Engine/Shaders/Private/SSRT/SSRTPrevFrameReduction.usf" 1919
"../../../Engine/Shaders/Private/ScreenSpaceDenoise/SSDComposeHarmonics.usf" 1920
"../../../Engine/Shaders/Private/ScreenSpaceDenoise/SSDPublicHarmonics.ush" 1921
"../../../Engine/Shaders/Private/ScreenSpaceDenoise/SSDSignalFramework.ush" 1922
"../../../Engine/Shaders/Private/ScreenSpaceDenoise/SSDCommon.ush" 1923
"../../../Engine/Shaders/Private/SphericalGaussian.ush" 1924
"../../../Engine/Shaders/Private/ScreenSpaceDenoise/SSDMetadata.ush" 1925
"../../../Engine/Shaders/Private/ScreenSpaceDenoise/SSDSignalCore.ush" 1926
"../../../Engine/Shaders/Private/ScreenSpaceDenoise/SSDSignalArray.ush" 1927
"../../../Engine/Shaders/Private/ScreenSpaceDenoise/SSDSignalBufferEncoding.ush" 1928
"../../../Engine/Shaders/Private/ScreenSpaceDenoise/SSDPublicBufferEncoding.ush" 1929
"../../../Engine/Shaders/Private/Lumen/LumenBufferEncoding.ush" 1930
"../../../Engine/Shaders/Private/ScreenSpaceDenoise/SSDTemporalAccumulation.usf" 1931
"../../../Engine/Shaders/Private/ScreenSpaceDenoise/SSDSpatialKernel.ush" 1932
"../../../Engine/Shaders/Private/ScreenSpaceDenoise/SSDSignalAccumulatorArray.ush" 1933
"../../../Engine/Shaders/Private/ScreenSpaceDenoise/SSDSignalAccumulator.ush" 1934
"../../../Engine/Shaders/Private/ScreenSpaceDenoise/SSDSignalCompression.ush" 1935
"../../../Engine/Shaders/Private/TextureSampling.ush" 1936
"../../../Engine/Shaders/Private/ScreenSpaceDenoise/SSDSpatialAccumulation.usf" 1937
"../../../Engine/Shaders/Private/ScreenSpaceDenoise/SSDInjest.usf" 1938
"../../../Engine/Shaders/Private/ScreenSpaceDenoise/SSDCompressMetadata.usf" 1939
"../../../Engine/Shaders/Private/DownsampleDepthPixelShader.usf" 1940
"../../../Engine/Shaders/Private/ScreenPass.usf" 1941
"../../../Engine/Shaders/Private/HZB.usf" 1942
"../../../Engine/Shaders/Private/HZBOcclusion.usf" 1943
"../../../Engine/Shaders/Private/OcclusionQueryPixelShader.usf" 1944
"../../../Engine/Shaders/Private/OcclusionQueryVertexShader.usf" 1945
"../../../Engine/Shaders/Private/HitProxyPixelShader.usf" 1946
"../../../Engine/Shaders/Private/HitProxyVertexShader.usf" 1947
"../../../Engine/Shaders/Private/ODSCapture.usf" 1948
"../../../Engine/Shaders/Private/SceneCapturePixelShader.usf" 1949
"../../../Engine/Shaders/Private/RTWriteMaskDecode.usf" 1950
"../../../Engine/Shaders/Private/ReflectionEnvironmentShaders.usf" 1951
"../../../Engine/Shaders/Private/SkyLightingShared.ush" 1952
"../../../Engine/Shaders/Private/RayTracing/VisualizeSkyLightMipTreePS.usf" 1953
"../../../Engine/Shaders/Private/RayTracing/MipTreeCommon.ush" 1954
"../../../Engine/Shaders/Private/RayTracing/CompositeSkyLightPS.usf" 1955
"../../../Engine/Shaders/Private/RayTracing/GenerateSkyLightVisibilityRaysCS.usf" 1956
"../../../Engine/Shaders/Private/RayTracing/RayTracingSkyLightCommon.ush" 1957
"../../../Engine/Shaders/Private/RayTracing/SkyLightVisibilityRaysData.ush" 1958
"../../../Engine/Shaders/Private/Raytracing/RaytracingSkylightRGS.usf" 1959
"../../../Engine/Shaders/Private/HairStrands/HairStrandsRaytracing.ush" 1960
"../../../Engine/Shaders/Private/Raytracing/RayTracingSkyLightEvaluation.ush" 1961
"../../../Engine/Shaders/Private/Raytracing/RayTracingDeferredShadingCommon.ush" 1962
"../../../Engine/Shaders/Private/RayTracing/RayTracingOcclusionRGS.usf" 1963
"../../../Engine/Shaders/Private/RayTracing/RayTracingDirectionalLight.ush" 1964
"../../../Engine/Shaders/Private/RayTracing/RayTracingRectLight.ush" 1965
"../../../Engine/Shaders/Private/RayTracing/RayTracingSphereLight.ush" 1966
"../../../Engine/Shaders/Private/RayTracing/RayTracingSpotLight.ush" 1967
"../../../Engine/Shaders/Private/RayTracing/RayTracingDiskLight.ush" 1968
"../../../Engine/Shaders/Private/RayTracing/RayTracingPointLight.ush" 1969
"../../../Engine/Shaders/Private/RayTracing/SplitImaginaryReflectionGBufferCS.usf" 1970
"../../../Engine/Shaders/Private/RayTracing/RayTracingReflectionsCommon.ush" 1971
"../../../Engine/Shaders/Private/RayTracing/RayTracingReflections.usf" 1972
"../../../Engine/Shaders/Private/RayTracing/RayTracingLightingCommon.ush" 1973
"../../../Engine/Shaders/Private/RayTracing/RayTracingLightCullingCommon.ush" 1974
"../../../Engine/Shaders/Private/RayTracing/RayTracingReflectionEnvironment.ush" 1975
"../../../Engine/Shaders/Private/RayTracing/RayTracingPrimaryRays.usf" 1976
"../../../Engine/Shaders/Private/RayTracing/RayTracingMaterialDefaultHitShaders.usf" 1977
"../../../Engine/Shaders/Private/RayTracing/RayTracingMaterialHitShaders.usf" 1978
"../../../Engine/Shaders/Private/RayTracing/RayTracingCalcInterpolants.ush" 1979
"../../../Engine/Shaders/Private/LightmapCommon.ush" 1980
"../../../Engine/Shaders/Private/Lumen/LumenHardwareRayTracingPayloadCommon.ush" 1981
"../../../Engine/Shaders/Private/RayTracing/RayTracingLightingMS.usf" 1982
"../../../Engine/Shaders/Private/RayTracing/GenerateCulledLightListCS.usf" 1983
"../../../Engine/Shaders/Private/Raytracing/RayTracingInstanceBufferUtil.usf" 1984
"../../../Engine/Shaders/Private/RayTracing/RayTracingFinalGatherRGS.usf" 1985
"../../../Engine/Shaders/Private/RayTracing/RayTracingGatherPoints.ush" 1986
"../../../Engine/Shaders/Private/PathTracing/Light/PathTracingLightSampling.ush" 1987
"../../../Engine/Shaders/Private/PathTracing/Light/PathTracingLightCommon.ush" 1988
"../../../Engine/Shaders/Shared/RayTracingTypes.h" 1989
"../../../Engine/Shaders/Private/PathTracing/Light/PathTracingDirectionalLight.ush" 1990
"../../../Engine/Shaders/Private/PathTracing/Light/PathTracingPointLight.ush" 1991
"../../../Engine/Shaders/Private/PathTracing/Light/PathTracingCapsuleLight.ush" 1992
"../../../Engine/Shaders/Private/PathTracing/Light/PathTracingRectLight.ush" 1993
"../../../Engine/Shaders/Private/PathTracing/Light/PathTracingSkyLight.ush" 1994
"../../../Engine/Shaders/Private/PathTracing/Light/PathTracingSpotLight.ush" 1995
"../../../Engine/Shaders/Private/PathTracing/Material/PathTracingMaterialSampling.ush" 1996
"../../../Engine/Shaders/Private/PathTracing/Material/PathTracingMaterialCommon.ush" 1997
"../../../Engine/Shaders/Private/PathTracing/PathTracingCommon.ush" 1998
"../../../Engine/Shaders/Private/PathTracing/Material/PathTracingLambert.ush" 1999
"../../../Engine/Shaders/Private/PathTracing/Material/PathTracingRadianceProbe.ush" 2000
"../../../Engine/Shaders/Private/PathTracing/Material/FirstBounceRayGuidingCommon.ush" 2001
"../../../Engine/Shaders/Private/PathTracing/Material/PathTracingSpecularReflection.ush" 2002
"../../../Engine/Shaders/Private/PathTracing/Material/PathTracingSpecularTransmission.ush" 2003
"../../../Engine/Shaders/Private/PathTracing/Material/PathTracingSolidGlass.ush" 2004
"../../../Engine/Shaders/Private/PathTracing/Material/PathTracingEnergyConservation.ush" 2005
"../../../Engine/Shaders/Private/PathTracing/Material/PathTracingThinGlass.ush" 2006
"../../../Engine/Shaders/Private/PathTracing/Material/PathTracingDefaultLit.ush" 2007
"../../../Engine/Shaders/Private/PathTracing/Material/PathTracingClearCoat.ush" 2008
"../../../Engine/Shaders/Private/PathTracing/Material/PathTracingTwoSidedFoliage.ush" 2009
"../../../Engine/Shaders/Private/PathTracing/Material/PathTracingCloth.ush" 2010
"../../../Engine/Shaders/Private/PathTracing/Material/PathTracingSubsurfaceProfile.ush" 2011
"../../../Engine/Shaders/Private/PathTracing/Material/PathTracingEye.ush" 2012
"../../../Engine/Shaders/Private/PathTracing/Material/PathTracingHair.ush" 2013
"../../../Engine/Shaders/Private/RayTracing/RayTracingCreateGatherPointsRGS.usf" 2014
"../../../Engine/Shaders/Private/RayTracing/RayTracingGlobalIlluminationRGS.usf" 2015
"../../../Engine/Shaders/Private/RayTracing/RayTracingDynamicMesh.usf" 2016
"../../../Engine/Shaders/Private/RayTracing/RayTracingDeferredReflections.usf" 2017
"../../../Engine/Shaders/Private/RayTracing/RayTracingDeferredMaterials.ush" 2018
"../../../Engine/Shaders/Shared/ThirdParty/AMD/ags_shader_intrinsics_dx12.h" 2019
"../../../Engine/Shaders/Private/RayTracing/RayTracingDeferredReflections.ush" 2020
"../../../Engine/Shaders/Private/RayTracing/RayTracingReflectionResolve.usf" 2021
"../../../Engine/Shaders/Private/RayTracing/RayTracingReflectionsGenerateRaysCS.usf" 2022
"../../../Engine/Shaders/Private/RayTracing/MaterialSort.usf" 2023
"../../../Engine/Shaders/Private/RayTracing/RayTracingDeferredMaterials.usf" 2024
"../../../Engine/Shaders/Private/RayTracing/RayTracingDebugTraversal.usf" 2025
"../../../Engine/Shaders/Shared/RayTracingDebugDefinitions.h" 2026
"../../../Engine/Shaders/Private/RayTracing/TraceRayInline.ush" 2027
"../../../Engine/Shaders/Private/RayTracing/TraceRayInlineCommon.ush" 2028
"../../../Engine/Shaders/Private/RayTracing/TraceRayInlineVulkan.ush" 2029
"../../../Engine/Shaders/Private/RayTracing/RayTracingDebug.usf" 2030
"../../../Engine/Shaders/Private/RayTracing/RayTracingBarycentrics.usf" 2031
"../../../Engine/Shaders/Private/RayTracing/RayTracingAmbientOcclusionRGS.usf" 2032
"../../../Engine/Shaders/Private/VisualizeShadingModels.usf" 2033
"../../../Engine/Shaders/Private/PostProcessCommon.ush" 2034
"../../../Engine/Shaders/Private/MotionBlur/VisualizeMotionVectors.usf" 2035
"../../../Engine/Shaders/Private/TemporalSuperResolution/TSRDebugHistory.usf" 2036
"../../../Engine/Shaders/Private/TemporalSuperResolution/TSRCommon.ush" 2037
"../../../Engine/Shaders/Public/DualPixelVectorization.ush" 2038
"../../../Engine/Shaders/Private/TemporalSuperResolution/TSRResolveHistory.usf" 2039
"../../../Engine/Shaders/Private/TemporalSuperResolution/TSRUpdateHistory.usf" 2040
"../../../Engine/Shaders/Private/TemporalSuperResolution/TSRFilterAntiAliasing.usf" 2041
"../../../Engine/Shaders/Private/TemporalSuperResolution/TSRSpatialAntiAliasing.usf" 2042
"../../../Engine/Shaders/Private/TemporalSuperResolution/TSRDilateRejection.usf" 2043
"../../../Engine/Shaders/Private/TemporalSuperResolution/TSRPostfilterRejection.usf" 2044
"../../../Engine/Shaders/Private/TemporalSuperResolution/TSRCompareHistory.usf" 2045
"../../../Engine/Shaders/Private/TemporalSuperResolution/TSRFilterFrequencies.usf" 2046
"../../../Engine/Shaders/Private/TemporalSuperResolution/TSRHoleFillVelocity.usf" 2047
"../../../Engine/Shaders/Private/TemporalSuperResolution/TSRCompareTranslucency.usf" 2048
"../../../Engine/Shaders/Private/TemporalSuperResolution/TSRDecimateHistory.usf" 2049
"../../../Engine/Shaders/Private/TemporalSuperResolution/TSRDilateVelocity.usf" 2050
"../../../Engine/Shaders/Private/MotionBlur/MotionBlurVelocityFlatten.ush" 2051
"../../../Engine/Shaders/Private/MotionBlur/MotionBlurCommon.ush" 2052
"../../../Engine/Shaders/Private/TemporalSuperResolution/TSRClearPrevTextures.usf" 2053
"../../../Engine/Shaders/Private/TemporalAA.usf" 2054
"../../../Engine/Shaders/Private/FilterPixelShader.usf" 2055
"../../../Engine/Shaders/Private/FilterVertexShader.usf" 2056
"../../../Engine/Shaders/Private/PostProcessVisualizeBuffer.usf" 2057
"../../../Engine/Shaders/Private/PostProcessVisualizeLocalExposure.usf" 2058
"../../../Engine/Shaders/Private/PostProcessHistogramCommon.ush" 2059
"../../../Engine/Shaders/Private/PostProcessVisualizeLevelInstance.usf" 2060
"../../../Engine/Shaders/Private/PostProcessVisualizeHDR.usf" 2061
"../../../Engine/Shaders/Private/ShaderComplexityApplyPixelShader.usf" 2062
"../../../Engine/Shaders/Private/QuadOverdraw.ush" 2063
"../../../Engine/Shaders/Private/PostProcessUpscale.usf" 2064
"../../../Engine/Shaders/Private/PostProcessTonemap.usf" 2065
"../../../Engine/Shaders/Private/PostProcessing/FilmGrainPackConstants.usf" 2066
"../../../Engine/Shaders/Private/PostProcessing/FilmGrainReduce.usf" 2067
"../../../Engine/Shaders/Private/PostProcessTestImage.usf" 2068
"../../../Engine/Shaders/Private/PostProcessSubsurface.usf" 2069
"../../../Engine/Shaders/Private/SeparableSSS.ush" 2070
"../../../Engine/Shaders/Private/SubsurfaceBurleyNormalized.ush" 2071
"../../../Engine/Shaders/Private/PostProcessSelectionOutline.usf" 2072
"../../../Engine/Shaders/Private/PostProcessPixelProjectedReflectionMobile.usf" 2073
"../../../Engine/Shaders/Private/MotionBlur/MotionBlurVisualize.usf" 2074
"../../../Engine/Shaders/Private/MotionBlur/MotionBlurApply.usf" 2075
"../../../Engine/Shaders/Private/MotionBlur/MotionBlurFilterTileClassify.usf" 2076
"../../../Engine/Shaders/Private/MotionBlur/MotionBlurTileScatter.usf" 2077
"../../../Engine/Shaders/Private/MotionBlur/MotionBlurTileGather.usf" 2078
"../../../Engine/Shaders/Private/MotionBlur/MotionBlurVelocityFlatten.usf" 2079
"../../../Engine/Shaders/Private/PostProcessMobile.usf" 2080
"../../../Engine/Shaders/Private/PostProcessMitchellNetravali.usf" 2081
"../../../Engine/Shaders/Private/PostProcessMaterialShaders.usf" 2082
"../../../Engine/Shaders/Private/PostProcessLocalExposure.usf" 2083
"../../../Engine/Shaders/Private/PostProcessLensFlares.usf" 2084
"../../../Engine/Shaders/Private/PostProcessHMD.usf" 2085
"../../../Engine/Shaders/Private/Histogram.usf" 2086
"../../../Engine/Shaders/Private/PostProcessHistogramReduce.usf" 2087
"../../../Engine/Shaders/Private/PostProcessHistogram.usf" 2088
"../../../Engine/Shaders/Private/PostProcessGBufferHints.usf" 2089
"../../../Engine/Shaders/Private/Bloom/BloomFinalizeApplyConstants.usf" 2090
"../../../Engine/Shaders/Private/Bloom/BloomCommon.ush" 2091
"../../../Engine/Shaders/Private/Bloom/BloomResizeKernel.usf" 2092
"../../../Engine/Shaders/Private/Bloom/BloomClampKernel.usf" 2093
"../../../Engine/Shaders/Private/Bloom/BloomPackKernelConstants.usf" 2094
"../../../Engine/Shaders/Private/Bloom/BloomSumScatterDispersionEnergy.usf" 2095
"../../../Engine/Shaders/Private/Bloom/BloomReduceKernelSurvey.usf" 2096
"../../../Engine/Shaders/Private/Bloom/BloomSurveyKernelCenterEnergy.usf" 2097
"../../../Engine/Shaders/Private/Bloom/BloomSurveyMaxScatterDispersion.usf" 2098
"../../../Engine/Shaders/Private/Bloom/BloomFindKernelCenter.usf" 2099
"../../../Engine/Shaders/Private/PostProcessEyeAdaptation.usf" 2100
"../../../Engine/Shaders/Private/PostProcessDownsample.usf" 2101
"../../../Engine/Shaders/Private/PostProcessDOF.usf" 2102
"../../../Engine/Shaders/Private/PostProcessDeviceEncodingOnly.usf" 2103
"../../../Engine/Shaders/Private/PostProcessCompositeEditorPrimitives.usf" 2104
"../../../Engine/Shaders/Private/PostProcessCombineLUTs.usf" 2105
"../../../Engine/Shaders/Private/PostProcessVisualizeDOF.usf" 2106
"../../../Engine/Shaders/Private/PostProcessBloom.usf" 2107
"../../../Engine/Shaders/Private/PostProcessAmbientOcclusionMobile.usf" 2108
"../../../Engine/Shaders/Private/PostProcessAmbientOcclusionCommon.ush" 2109
"../../../Engine/Shaders/Private/FXAAShader.usf" 2110
"../../../Engine/Shaders/Private/Fxaa3_11.ush" 2111
"../../../Engine/Shaders/Private/DiaphragmDOF/DOFRecombine.usf" 2112
"../../../Engine/Shaders/Private/DiaphragmDOF/DOFCommon.ush" 2113
"../../../Engine/Shaders/Private/DiaphragmDOF/DOFHybridScatterPixelShader.usf" 2114
"../../../Engine/Shaders/Private/DiaphragmDOF/DOFHybridScatterCommon.ush" 2115
"../../../Engine/Shaders/Private/DiaphragmDOF/DOFHybridScatterVertexShader.usf" 2116
"../../../Engine/Shaders/Private/DiaphragmDOF/DOFPostfiltering.usf" 2117
"../../../Engine/Shaders/Private/DiaphragmDOF/DOFGatherTileSuggest.ush" 2118
"../../../Engine/Shaders/Private/DiaphragmDOF/DOFCocTileCommon.ush" 2119
"../../../Engine/Shaders/Private/DiaphragmDOF/DOFGatherPass.usf" 2120
"../../../Engine/Shaders/Private/DiaphragmDOF/DOFGatherCommon.ush" 2121
"../../../Engine/Shaders/Private/DiaphragmDOF/DOFGatherAccumulator.ush" 2122
"../../../Engine/Shaders/Private/DiaphragmDOF/DOFGatherKernel.ush" 2123
"../../../Engine/Shaders/Private/DiaphragmDOF/DOFBokehLUT.usf" 2124
"../../../Engine/Shaders/Private/DiaphragmDOF/DOFHybridScatterCompilation.usf" 2125
"../../../Engine/Shaders/Private/DiaphragmDOF/DOFReduce.usf" 2126
"../../../Engine/Shaders/Private/DiaphragmDOF/DOFDownsample.ush" 2127
"../../../Engine/Shaders/Private/DiaphragmDOF/DOFHybridScatterCompilation.ush" 2128
"../../../Engine/Shaders/Private/DiaphragmDOF/DOFDownsample.usf" 2129
"../../../Engine/Shaders/Private/DiaphragmDOF/DOFCocTileDilate.usf" 2130
"../../../Engine/Shaders/Private/DiaphragmDOF/DOFCocTileFlatten.usf" 2131
"../../../Engine/Shaders/Private/DiaphragmDOF/DOFSetup.usf" 2132
"../../../Engine/Shaders/Private/PlanarReflectionShaders.usf" 2133
"../../../Engine/Shaders/Private/PlanarReflectionShared.ush" 2134
"../../../Engine/Shaders/Private/PhysicsFieldVisualizer.usf" 2135
"../../../Engine/Shaders/Private/PathTracing/PathTracingCompositingPixelShader.usf" 2136
"../../../Engine/Shaders/Private/PathTracing/PathTracingMaterialHitShader.usf" 2137
"../../../Engine/Shaders/Private/PathTracing/PathTracingIESAtlas.usf" 2138
"../../../Engine/Shaders/Private/PathTracing/PathTracing.usf" 2139
"../../../Engine/Shaders/Private/PathTracing/PathTracingCore.ush" 2140
"../../../Engine/Shaders/Private/PathTracing/Light/PathTracingLightGrid.ush" 2141
"../../../Engine/Shaders/Private/PathTracing/PathTracingBuildLightGrid.usf" 2142
"../../../Engine/Shaders/Private/PathTracing/PathTracingSkylightMISCompensation.usf" 2143
"../../../Engine/Shaders/Private/PathTracing/PathTracingSkylightPrepare.usf" 2144
"../../../Engine/Shaders/Private/OIT/OITSorting.usf" 2145
"../../../Engine/Shaders/Private/HTileVisualize.usf" 2146
"../../../Engine/Shaders/Private/HTileEncoding.ush" 2147
"../../../Engine/Shaders/Private/Nanite/NaniteDebugViews.usf" 2148
"../../../Engine/Shaders/Private/Nanite/NaniteMaterialComplexity.usf" 2149
"../../../Engine/Shaders/Private/Nanite/NaniteVisualize.usf" 2150
"../../../Engine/Shaders/Private/VirtualShadowMaps/VirtualShadowMapStaticCaching.ush" 2151
"../../../Engine/Shaders/Private/Nanite/NaniteMaterialCulling.usf" 2152
"../../../Engine/Shaders/Private/Nanite/NaniteDepthExport.usf" 2153
"../../../Engine/Shaders/Private/Nanite/NaniteExportGBuffer.usf" 2154
"../../../Engine/Shaders/Private/Nanite/NaniteRasterizer.usf" 2155
"../../../Engine/Shaders/Private/Nanite/NaniteWritePixel.ush" 2156
"../../../Engine/Shaders/Shared/ThirdParty/NVIDIA/nvHLSLExtns.h" 2157
"../../../Engine/Shaders/Shared/ThirdParty/NVIDIA/nvHLSLExtnsInternal.h" 2158
"../../../Engine/Shaders/Shared/ThirdParty/NVIDIA/nvShaderExtnEnums.h" 2159
"../../../Engine/Shaders/Shared/ThirdParty/AMD/ags_shader_intrinsics_dx11.h" 2160
"../../../Engine/Shaders/Shared/ThirdParty/Intel/IntelExtensions.h" 2161
"../../../Engine/Shaders/Shared/ThirdParty/Intel/IntelExtensions12.h" 2162
"../../../Engine/Shaders/Private/WorkDistribution.ush" 2163
"../../../Engine/Shaders/Private/Nanite/NaniteInstanceCulling.usf" 2164
"../../../Engine/Shaders/Private/Nanite/NaniteImposter.ush" 2165
"../../../Engine/Shaders/Private/Nanite/NanitePrimitiveFilter.usf" 2166
"../../../Engine/Shaders/Private/Nanite/NanitePrintStats.usf" 2167
"../../../Engine/Shaders/Private/Nanite/NaniteEmitShadow.usf" 2168
"../../../Engine/Shaders/Private/MobileDeferredUtils.usf" 2169
"../../../Engine/Shaders/Private/MobileFog.usf" 2170
"../../../Engine/Shaders/Private/DistortApplyScreenPS.usf" 2171
"../../../Engine/Shaders/Private/Strata/StrataStatisticalOperators.ush" 2172
"../../../Engine/Shaders/Private/MobileDeferredShading.usf" 2173
"../../../Engine/Shaders/Private/MobileShadingModels.ush" 2174
"../../../Engine/Shaders/Private/MobileGGX.ush" 2175
"../../../Engine/Shaders/Private/MobileBasePassPixelShader.usf" 2176
"../../../Engine/Shaders/Private/MobileBasePassCommon.ush" 2177
"../../../Engine/Shaders/Private/ShadingModelsMaterial.ush" 2178
"../../../Engine/Shaders/Private/SingleLayerWaterShading.ush" 2179
"../../../Engine/Shaders/Private/DistortionCommon.ush" 2180
"../../../Engine/Shaders/Private/MobileBasePassVertexShader.usf" 2181
"../../../Engine/Shaders/Private/Lumen/LumenVoxelLighting.usf" 2182
"../../../Engine/Shaders/Private/Lumen/LumenCardCommon.ush" 2183
"../../../Engine/Shaders/Private/Lumen/LumenTracingCommon.ush" 2184
"../../../Engine/Shaders/Private/GlobalDistanceFieldUtils.ush" 2185
"../../../Engine/Shaders/Private/DistanceFieldLightingShared.ush" 2186
"../../../Engine/Shaders/Private/Lumen/LumenSurfaceCacheSampling.ush" 2187
"../../../Engine/Shaders/Private/Lumen/LumenVisualizeRadianceCache.usf" 2188
"../../../Engine/Shaders/Private/Lumen/LumenRadianceCacheCommon.ush" 2189
"../../../Engine/Shaders/Private/Lumen/LumenVisualizeHardwareRayTracing.usf" 2190
"../../../Engine/Shaders/Private/Lumen/LumenVisualize.ush" 2191
"../../../Engine/Shaders/Private/Lumen/LumenHardwareRayTracingCommon.ush" 2192
"../../../Engine/Shaders/Private/Lumen/LumenHardwareRayTracingPipelineCommon.ush" 2193
"../../../Engine/Shaders/Private/Lumen/LumenHardwareRayTracingPlatformCommon.ush" 2194
"../../../Engine/Shaders/Private/Lumen/LumenVisualize.usf" 2195
"../../../Engine/Shaders/Private/Lumen/LumenVisualizeTraces.ush" 2196
"../../../Engine/Shaders/Private/Lumen/LumenTranslucencyVolumeLighting.usf" 2197
"../../../Engine/Shaders/Private/Lumen/LumenRadianceCacheMarkCommon.ush" 2198
"../../../Engine/Shaders/Private/Lumen/LumenTranslucencyVolumeLightingShared.ush" 2199
"../../../Engine/Shaders/Private/Lumen/LumenTranslucencyVolumeHardwareRayTracing.usf" 2200
"../../../Engine/Shaders/Private/Lumen/LumenTranslucencyRadianceCacheMarkShaders.usf" 2201
"../../../Engine/Shaders/Private/Lumen/LumenSurfaceCacheFeedback.usf" 2202
"../../../Engine/Shaders/Private/Lumen/LumenSurfaceCache.usf" 2203
"../../../Engine/Shaders/Private/Lumen/LumenScreenSpaceBentNormal.usf" 2204
"../../../Engine/Shaders/Private/Lumen/LumenScreenProbeCommon.ush" 2205
"../../../Engine/Shaders/Private/BlueNoise.ush" 2206
"../../../Engine/Shaders/Private/Lumen/LumenScreenTracing.ush" 2207
"../../../Engine/Shaders/Private/Lumen/LumenScreenProbeTracing.usf" 2208
"../../../Engine/Shaders/Private/Lumen/LumenHairTracing.ush" 2209
"../../../Engine/Shaders/Private/Lumen/LumenScreenProbeImportanceSampling.usf" 2210
"../../../Engine/Shaders/Private/Lumen/LumenScreenProbeImportanceSamplingShared.ush" 2211
"../../../Engine/Shaders/Private/Lumen/LumenScreenProbeHardwareRayTracing.usf" 2212
"../../../Engine/Shaders/Private/Lumen/LumenScreenProbeGather.usf" 2213
"../../../Engine/Shaders/Private/ClearCoatCommon.ush" 2214
"../../../Engine/Shaders/Private/Lumen/LumenScreenSpaceBentNormal.ush" 2215
"../../../Engine/Shaders/Private/Lumen/LumenScreenProbeFiltering.usf" 2216
"../../../Engine/Shaders/Private/Lumen/LumenSceneLighting.usf" 2217
"../../../Engine/Shaders/Private/Lumen/LumenCardTile.ush" 2218
"../../../Engine/Shaders/Private/Lumen/LumenSceneLighting.ush" 2219
"../../../Engine/Shaders/Private/Lumen/Radiosity/LumenRadiosity.ush" 2220
"../../../Engine/Shaders/Private/Lumen/LumenCardPixelShader.usf" 2221
"../../../Engine/Shaders/Private/Lumen/LumenCardVertexShader.usf" 2222
"../../../Engine/Shaders/Private/Lumen/LumenSceneLightingDebug.usf" 2223
"../../../Engine/Shaders/Private/Lumen/LumenSceneDirectLightingHardwareRayTracing.usf" 2224
"../../../Engine/Shaders/Private/Lumen/LumenReflectionCommon.ush" 2225
"../../../Engine/Shaders/Private/Lumen/LumenSceneDirectLighting.ush" 2226
"../../../Engine/Shaders/Private/Lumen/LumenSceneDirectLightingShadowMask.usf" 2227
"../../../Engine/Shaders/Private/DistanceFieldShadowingShared.ush" 2228
"../../../Engine/Shaders/Private/Lumen/LumenSceneDirectLighting.usf" 2229
"../../../Engine/Shaders/Private/Lumen/LumenSceneDirectLightingCulling.usf" 2230
"../../../Engine/Shaders/Private/Lumen/LumenReflectionTracing.usf" 2231
"../../../Engine/Shaders/Private/Lumen/LumenReflections.usf" 2232
"../../../Engine/Shaders/Private/Lumen/LumenReflectionHardwareRayTracing.usf" 2233
"../../../Engine/Shaders/Private/Lumen/Radiosity/LumenRadiosity.usf" 2234
"../../../Engine/Shaders/Private/RayTracing/RayGenUtils.ush" 2235
"../../../Engine/Shaders/Private/Lumen/Radiosity/LumenRadiosityHardwareRayTracing.usf" 2236
"../../../Engine/Shaders/Private/Lumen/Radiosity/LumenRadiosityCulling.usf" 2237
"../../../Engine/Shaders/Private/Lumen/LumenRadianceCacheHardwareRayTracing.usf" 2238
"../../../Engine/Shaders/Private/Lumen/LumenRadianceCacheTracingCommon.ush" 2239
"../../../Engine/Shaders/Private/Lumen/LumenRadianceCache.usf" 2240
"../../../Engine/Shaders/Private/Lumen/LumenRadianceCacheUpdate.ush" 2241
"../../../Engine/Shaders/Private/Lumen/LumenRadianceCacheDebug.usf" 2242
"../../../Engine/Shaders/Private/Lumen/LumenRadianceCacheUpdate.usf" 2243
"../../../Engine/Shaders/Private/Lumen/FinalGather/LumenProbeOcclusionTracing.usf" 2244
"../../../Engine/Shaders/Private/Lumen/FinalGather/LumenProbeHierarchyTracing.usf" 2245
"../../../Engine/Shaders/Private/Lumen/FinalGather/LumenSampleProbeHierarchy.usf" 2246
"../../../Engine/Shaders/Private/Lumen/ProbeHierarchy/LumenComposeProbeAtlas.usf" 2247
"../../../Engine/Shaders/Private/Lumen/FinalGather/LumenMaskProbesDirections.usf" 2248
"../../../Engine/Shaders/Private/Lumen/FinalGather/LumenProbeOcclusionBuildTileLists.usf" 2249
"../../../Engine/Shaders/Private/Lumen/FinalGather/LumenProbeOcclusionAssignTileOffsets.usf" 2250
"../../../Engine/Shaders/Private/Lumen/FinalGather/LumenProbeOcclusionTileClassification.usf" 2251
"../../../Engine/Shaders/Private/Lumen/FinalGather/LumenResolveProbeIndex.usf" 2252
"../../../Engine/Shaders/Private/Lumen/FinalGather/LumenProbeHierarchySelectParent.usf" 2253
"../../../Engine/Shaders/Private/Lumen/FinalGather/LumenProbeHierarchyDilateResolveTiles.usf" 2254
"../../../Engine/Shaders/Private/Lumen/FinalGather/LumenProbeHierarchyBuildProbeArray.usf" 2255
"../../../Engine/Shaders/Private/Lumen/FinalGather/LumenProbeHierarchyBuildHierarchyInfo.usf" 2256
"../../../Engine/Shaders/Private/Lumen/FinalGather/LumenProbeHierarchyAssignAtomicTileOffset.usf" 2257
"../../../Engine/Shaders/Private/Lumen/FinalGather/LumenProbeHierarchyReduceDepthBounds.usf" 2258
"../../../Engine/Shaders/Private/Lumen/FinalGather/LumenProbeHierarchyScatterParentHierarchy.usf" 2259
"../../../Engine/Shaders/Private/Lumen/FinalGather/LumenProbeHierarchyScatterLeaves.usf" 2260
"../../../Engine/Shaders/Private/Lumen/LumenMeshSDFCulling.usf" 2261
"../../../Engine/Shaders/Private/MeshDistanceFieldCommon.ush" 2262
"../../../Engine/Shaders/Private/Lumen/LumenIrradianceFieldGather.usf" 2263
"../../../Engine/Shaders/Private/Lumen/LumenHardwareRayTracingMaterials.usf" 2264
"../../../Engine/Shaders/Private/Lumen/LumenHardwareRayTracingPipeline.usf" 2265
"../../../Engine/Shaders/Private/LightShaftShader.usf" 2266
"../../../Engine/Shaders/Private/StationaryLightOverlapShaders.usf" 2267
"../../../Engine/Shaders/Private/DeferredLightPixelShaders.usf" 2268
"../../../Engine/Shaders/Private/HairStrands/HairStrandsVisibilityUtils.ush" 2269
"../../../Engine/Shaders/Private/DeferredLightVertexShaders.usf" 2270
"../../../Engine/Shaders/Private/LightMapDensityShader.usf" 2271
"../../../Engine/Shaders/Private/LightGridInjection.usf" 2272
"../../../Engine/Shaders/Private/LightFunctionPixelShader.usf" 2273
"../../../Engine/Shaders/Private/LightFunctionVertexShader.usf" 2274
"../../../Engine/Shaders/Private/InstanceCulling/BuildInstanceDrawCommands.usf" 2275
"../../../Engine/Shaders/Private/InstanceCulling/InstanceCompactionCommon.ush" 2276
"../../../Engine/Shaders/Private/InstanceCulling/CompactVisibleInstances.usf" 2277
"../../../Engine/Shaders/Private/ThreadGroupPrefixSum.ush" 2278
"../../../Engine/Shaders/Private/ReflectionEnvironmentPixelShader.usf" 2279
"../../../Engine/Shaders/Private/SkyLightingDiffuseShared.ush" 2280
"../../../Engine/Shaders/Private/Strata/StrataEnvironmentLighting.ush" 2281
"../../../Engine/Shaders/Private/AmbientCubemapComposite.usf" 2282
"../../../Engine/Shaders/Private/DiffuseIndirectComposite.usf" 2283
"../../../Engine/Shaders/Private/HdrCustomResolveShaders.usf" 2284
"../../../Engine/Shaders/Private/HairStrands/HairStrandsVoxelMip.usf" 2285
"../../../Engine/Shaders/Private/HairStrands/HairStrandsVoxelRasterCompute.usf" 2286
"../../../Engine/Shaders/Private/HairStrands/HairStrandsVoxelPageAllocation.usf" 2287
"../../../Engine/Shaders/Private/Matrices.ush" 2288
"../../../Engine/Shaders/Private/HairStrands/HairStrandsVoxelOpaque.usf" 2289
"../../../Engine/Shaders/Private/HairStrands/HairStrandsHitProxy.usf" 2290
"../../../Engine/Shaders/Private/HairStrands/HairStrandsVisibilityRasterCompute.usf" 2291
"../../../Engine/Shaders/Private/HairStrands/HairStrandsCoverage.usf" 2292
"../../../Engine/Shaders/Private/HairStrands/HairStrandsVisibilityDepthPS.usf" 2293
"../../../Engine/Shaders/Private/HairStrands/HairStrandsVisibilityTransmittanceDepthPS.usf" 2294
"../../../Engine/Shaders/Private/HairStrands/HairStrandsVisibilityFillOpaqueDepthPS.usf" 2295
"../../../Engine/Shaders/Private/HairStrands/HairStrandsVisibilityCompactionComputeRaster.usf" 2296
"../../../Engine/Shaders/Private/HairStrands/HairStrandsVisibilityCompaction.usf" 2297
"../../../Engine/Shaders/Private/HairStrands/HairStrandsVisibilityCopyIndirectArg.usf" 2298
"../../../Engine/Shaders/Private/HairStrands/HairStrandsVisibilityClearPS.usf" 2299
"../../../Engine/Shaders/Private/HairStrands/HairStrandsVisibilityPS.usf" 2300
"../../../Engine/Shaders/Private/HairStrands/HairStrandsVisibilityVS.usf" 2301
"../../../Engine/Shaders/Private/HairStrands/HairStrandsVelocity.usf" 2302
"../../../Engine/Shaders/Private/HairStrands/HairStrandsVisibilityComputeSampleCoverage.usf" 2303
"../../../Engine/Shaders/Private/HairStrands/HairStrandsMaterialPS.usf" 2304
"../../../Engine/Shaders/Private/HairStrands/HairStrandsMaterialCommon.ush" 2305
"../../../Engine/Shaders/Private/HairStrands/HairStrandsMaterialVS.usf" 2306
"../../../Engine/Shaders/Private/HairStrands/HairStrandsLightSample.usf" 2307
"../../../Engine/Shaders/Private/HairStrands/HairStrandsDeepShadowMask.usf" 2308
"../../../Engine/Shaders/Private/HairStrands/HairStrandsDeepShadowCommon.ush" 2309
"../../../Engine/Shaders/Private/HairStrands/HairStrandsDeepTransmittanceMask.usf" 2310
"../../../Engine/Shaders/Private/HairStrands/HairStrandsVisibilityTile.usf" 2311
"../../../Engine/Shaders/Private/HairStrands/HairStrandsDeepShadowPS.usf" 2312
"../../../Engine/Shaders/Private/HairStrands/HairStrandsDeepShadowVS.usf" 2313
"../../../Engine/Shaders/Private/HairStrands/HairStrandsLUT.usf" 2314
"../../../Engine/Shaders/Private/HairStrands/HairStrandsEnvironmentLighting.usf" 2315
"../../../Engine/Shaders/Private/HairStrands/HairStrandsEnvironmentLightingCommon.ush" 2316
"../../../Engine/Shaders/Private/HairStrands/HairStrandsDebugCommonStruct.ush" 2317
"../../../Engine/Shaders/Private/HairStrands/HairStrandsEnvironmentAO.usf" 2318
"../../../Engine/Shaders/Private/HairStrands/HairStrandsDeepShadowAllocation.usf" 2319
"../../../Engine/Shaders/Private/HairStrands/HairStrandsVoxelDepthInjection.usf" 2320
"../../../Engine/Shaders/Private/HairStrands/HairStrandsVisibilityPPLLDebug.usf" 2321
"../../../Engine/Shaders/Private/HairStrands/HairStrandsBsdfPlot.usf" 2322
"../../../Engine/Shaders/Private/HairStrands/HairStrandsDebugPrint.usf" 2323
"../../../Engine/Shaders/Private/HairStrands/HairStrandsVoxelPageRayMarching.usf" 2324
"../../../Engine/Shaders/Private/HairStrands/HairStrandsDeepShadowDebug.usf" 2325
"../../../Engine/Shaders/Private/HairStrands/HairStrandsGBufferWrite.usf" 2326
"../../../Engine/Shaders/Private/HairStrands/HairStrandsGBufferCommon.ush" 2327
"../../../Engine/Shaders/Private/HairStrands/HairStrandsVisibilityComposeSubPixelPS.usf" 2328
"../../../Engine/Shaders/Private/HairStrands/HairStrandsAABB.usf" 2329
"../../../Engine/Shaders/Private/GPUScene/GPUSceneDataManagement.usf" 2330
"../../../Engine/Shaders/Private/GPUSceneDebugRender.usf" 2331
"../../../Engine/Shaders/Private/GPUFastFourierTransform.usf" 2332
"../../../Engine/Shaders/Private/GPUFastFourierTransform2DCore.ush" 2333
"../../../Engine/Shaders/Private/GPUFastFourierTransformCore.ush" 2334
"../../../Engine/Shaders/Private/GPUBenchmark.usf" 2335
"../../../Engine/Shaders/Private/GlobalDistanceFieldMip.usf" 2336
"../../../Engine/Shaders/Private/GlobalDistanceField.usf" 2337
"../../../Engine/Shaders/Private/GlobalDistanceFieldHeightfields.usf" 2338
"../../../Engine/Shaders/Private/HeightfieldLightingShared.ush" 2339
"../../../Engine/Shaders/Private/GenerateConservativeDepth.usf" 2340
"../../../Engine/Shaders/Private/HeightFogPixelShader.usf" 2341
"../../../Engine/Shaders/Private/HeightFogVertexShader.usf" 2342
"../../../Engine/Shaders/Private/DistortFiltering.usf" 2343
"../../../Engine/Shaders/Private/DistortAccumulatePS.usf" 2344
"../../../Engine/Shaders/Private/DistortAccumulateVS.usf" 2345
"../../../Engine/Shaders/Private/DistanceFieldVisualization.usf" 2346
"../../../Engine/Shaders/Private/DistanceFieldStreaming.usf" 2347
"../../../Engine/Shaders/Private/DistanceFieldShadowing.usf" 2348
"../../../Engine/Shaders/Private/DistanceFieldScreenGridLighting.usf" 2349
"../../../Engine/Shaders/Private/DistanceFieldObjectCulling.usf" 2350
"../../../Engine/Shaders/Private/DistanceFieldLightingPost.usf" 2351
"../../../Engine/Shaders/Private/DitheredTransitionStencil.usf" 2352
"../../../Engine/Shaders/Private/DepthOnlyPixelShader.usf" 2353
"../../../Engine/Shaders/Private/DepthOnlyVertexShader.usf" 2354
"../../../Engine/Shaders/Private/PositionOnlyDepthVertexShader.usf" 2355
"../../../Engine/Shaders/Private/DeferredDecal.usf" 2356
"../../../Engine/Shaders/Private/DecalCommon.ush" 2357
"../../../Engine/Shaders/Private/DebugViewModeVertexShader.usf" 2358
"../../../Engine/Shaders/Private/DebugViewModeCommon.ush" 2359
"../../../Engine/Shaders/Private/DebugViewModePixelShader.usf" 2360
"../../../Engine/Shaders/Private/DebugProbes.usf" 2361
"../../../Engine/Shaders/Private/MeshDecals.usf" 2362
"../../../Engine/Shaders/Private/PostProcessAmbientOcclusion.usf" 2363
"../../../Engine/Shaders/Private/ClusteredDeferredShadingPixelShader.usf" 2364
"../../../Engine/Shaders/Private/ClusteredDeferredShadingVertexShader.usf" 2365
"../../../Engine/Shaders/Private/CapsuleShadowShaders.usf" 2366
"../../../Engine/Shaders/Private/BasePassPixelShader.usf" 2367
"../../../Engine/Shaders/Private/BasePassCommon.ush" 2368
"../../../Engine/Shaders/Private/ThinTranslucentCommon.ush" 2369
"../../../Engine/Shaders/Private/ForwardLightingCommon.ush" 2370
"../../../Engine/Shaders/Private/Strata/StrataForwardLighting.ush" 2371
"../../../Engine/Shaders/Private/BasePassVertexShader.usf" 2372
"../../../Engine/Shaders/Private/BasePassVertexCommon.ush" 2373
"../../../Engine/Shaders/Private/AnisotropyPassShader.usf" 2374
"../../../Engine/Shaders/Private/SimpleElementVolumeTexturePreviewPixelShader.usf" 2375
"../../../Engine/Shaders/Private/SimpleElementTexture2DPreviewPixelShader.usf" 2376
"../../../Engine/Shaders/Private/SimpleElementNormalMapPixelShader.usf" 2377
"../../../Engine/Shaders/Private/meshpaintdilatepixelshader.usf" 2378
"../../../Engine/Shaders/Private/meshpaintdilatevertexshader.usf" 2379
"../../../Engine/Shaders/Private/MeshPaintPixelShader.usf" 2380
"../../../Engine/Shaders/Private/MeshPaintVertexShader.usf" 2381
"../../../Engine/Shaders/Private/Tools/VisualizeTexture.usf" 2382
"../../../Engine/Shaders/Private/ByteBuffer.usf" 2383
"../../../Engine/Shaders/Private/ResolveVertexShader.usf" 2384
"../../../Engine/Shaders/Private/ResolvePixelShader.usf" 2385
"../../../Engine/Shaders/Private/Tools/SetupIndirectArgs.usf" 2386
"../../../Engine/Shaders/Private/Tools/ClearUAV.usf" 2387
"../../../Engine/Shaders/Private/ClearReplacementShaders.usf" 2388
"../../../Engine/Shaders/Private/Tools/DumpTexture.usf" 2389
"../../../Engine/Shaders/Private/RenderGraphUtilities.usf" 2390
"../../../Engine/Shaders/Private/OneColorShader.usf" 2391
"../../../Engine/Shaders/Private/OculusShaders.usf" 2392
"../../../Engine/Shaders/Private/MediaShaders.usf" 2393
"../../../Engine/Shaders/Private/GPUMessaging.usf" 2394
"../../../Engine/Shaders/Private/NullPixelShader.usf" 2395
"../../../Engine/Shaders/Private/ComputeGenerateMips.usf" 2396
"../../../Engine/Shaders/Private/CopyTextureShaders.usf" 2397
"../../../Engine/Shaders/Private/Tools/FullscreenVertexShader.usf" 2398
"../../../Engine/Shaders/Private/RayTracing/RayTracingDispatchDesc.usf" 2399
"../../../Engine/Shaders/Private/RayTracing/RayTracingBuiltInShaders.usf" 2400
"../../../../../../Users/micha/OneDrive/Documents/Unreal Projects/RTD/Intermediate/CachedAssetRegistry.bin" 2401
"C:/Users/micha/OneDrive/Documents/Unreal Projects/RTD/Content/Blueprints/Player/BP_Character_TD.uasset" 2402
"C:/Users/micha/OneDrive/Documents/Unreal Projects/RTD/Content/UI/CUI_StartScreen.uasset" 2403
"../../../Engine/Content/EditorResources/S_Actor.uasset" 2404
"../../../Engine/Content/EditorResources/S_BoxReflectionCapture.uasset" 2405
"../../../Engine/Content/EngineResources/WhiteSquareTexture.uasset" 2406
"../../../Engine/Content/EngineResources/GradientTexture0.uasset" 2407
"../../../Engine/Content/EngineResources/Black.uasset" 2408
"../../../Engine/Content/EngineMeshes/Sphere.uasset" 2409
"../../../Engine/Content/EditorMaterials/MatineeGroups/MAT_Groups_Float.uasset" 2410
"../../../Engine/Content/EditorMaterials/MatineeGroups/MAT_Groups_Anim.uasset" 2411
"../../../Engine/Content/EditorMaterials/MatineeGroups/MAT_Groups_AudioMaster.uasset" 2412
"../../../Engine/Content/EditorMaterials/MatineeGroups/MAT_ColorTrack.uasset" 2413
"../../../Engine/Content/EditorMaterials/MatineeGroups/MAT_Groups_Fade.uasset" 2414
"../../../Engine/Content/EditorMaterials/MatineeGroups/MAT_Groups_Director.uasset" 2415
"../../../Engine/Content/EditorMaterials/MatineeGroups/MAT_Groups_Event.uasset" 2416
"../../../Engine/Content/EditorMaterials/MatineeGroups/MAT_Groups_Move.uasset" 2417
"../../../Engine/Content/EditorMaterials/MatineeGroups/MAT_Groups_Slomo.uasset" 2418
"../../../Engine/Content/EditorMaterials/MatineeGroups/MAT_Groups_Sound.uasset" 2419
"../../../Engine/Content/EditorMaterials/MAT_Groups_Toggle.uasset" 2420
"../../../Engine/Content/EditorMaterials/MatineeGroups/MAT_Groups_Vector.uasset" 2421
"../../../Engine/Content/EditorMaterials/MAT_Groups_Visibility.uasset" 2422
"../../../Engine/Content/EngineResources/DefaultTexture.uasset" 2423
"../../../Engine/Content/EngineResources/DefaultTextureCube.uasset" 2424
"../../../Engine/Content/EngineResources/DefaultVolumeTexture.uasset" 2425
"../../../Engine/Content/EngineResources/DefaultVolumeTexture2D.uasset" 2426
"../../../Engine/Content/EngineFonts/RobotoDistanceField.uasset" 2427
"../../../Engine/Content/EngineMaterials/DefaultTextMaterialOpaque.uasset" 2428
"../../../Engine/Content/Functions/Engine_MaterialFunctions01/Shading/PowerToRoughness.uasset" 2429
"../../../Engine/Content/Functions/Engine_MaterialFunctions01/Shading/ConvertFromDiffSpec.uasset" 2430
"../../../Engine/Content/EngineMaterials/WorldGridMaterial.uasset" 2431
"../../../Engine/Content/Functions/Engine_MaterialFunctions01/Opacity/CameraDepthFade.uasset" 2432
"../../../Engine/Content/EngineMaterials/T_Default_Material_Grid_M.uasset" 2433
"../../../Engine/Content/EngineMaterials/T_Default_Material_Grid_N.uasset" 2434
"../../../Engine/Content/EngineMaterials/DefaultDeferredDecalMaterial.uasset" 2435
"../../../Engine/Content/EngineMaterials/DefaultDiffuse.uasset" 2436
"../../../Engine/Content/EngineMaterials/DefaultLightFunctionMaterial.uasset" 2437
"../../../Engine/Content/EngineMaterials/DefaultPostProcessMaterial.uasset" 2438
"../../../Engine/Content/Functions/Engine_MaterialFunctions02/Utility/BreakOutFloat2Components.uasset" 2439
"../../../Engine/Content/EditorResources/S_Trigger.uasset" 2440
"../../../Engine/Content/EditorResources/S_TriggerBox.uasset" 2441
"../../../Engine/Content/EditorResources/S_TriggerCapsule.uasset" 2442
"../../../Engine/Content/EditorResources/S_TriggerSphere.uasset" 2443
"../../../Engine/Content/EngineSky/VolumetricClouds/m_SimpleVolumetricCloud_Inst.uasset" 2444
"../../../Engine/Content/EngineSky/VolumetricClouds/m_SimpleVolumetricCloud.uasset" 2445
"../../../Engine/Content/Functions/Engine_MaterialFunctions02/Utility/MakeFloat2.uasset" 2446
"../../../Engine/Content/EngineSky/VolumetricClouds/CloudGradientTexture.uasset" 2447
"../../../Engine/Content/EngineSky/VolumetricClouds/CloudWeatherTexture.uasset" 2448
"../../../Engine/Content/EngineSky/VolumetricClouds/T_VolumeNoiseErosion32.uasset" 2449
"../../../Engine/Content/EngineSky/VolumetricClouds/T_NoiseErosion.uasset" 2450
"../../../Engine/Content/EngineSky/VolumetricClouds/T_VolumeNoiseShape64.uasset" 2451
"../../../Engine/Content/EngineSky/VolumetricClouds/T_NoiseShape64.uasset" 2452
"../../../Engine/Content/EditorMaterials/WorldPartition/WorldPartitionSpatialHashGridPreviewMaterial.uasset" 2453
"../../../Engine/Content/Functions/Engine_MaterialFunctions02/Utility/BreakOutFloat3Components.uasset" 2454
"../../../Engine/Content/Functions/Engine_MaterialFunctions02/Utility/MakeFloat3.uasset" 2455
"../../../Engine/Content/Functions/Engine_MaterialFunctions02/Utility/MakeFloat4.uasset" 2456
"../../../Engine/Content/EngineDamageTypes/DmgTypeBP_Environmental.uasset" 2457
"../../../Engine/Content/EngineMaterials/Widget3DPassThrough_Translucent.uasset" 2458
"../../../Engine/Content/EngineMaterials/Widget3DPassThrough.uasset" 2459
"../../../Engine/Content/EngineMaterials/Widget3DPassThrough_Translucent_OneSided.uasset" 2460
"../../../Engine/Content/EngineMaterials/Widget3DPassThrough_Opaque.uasset" 2461
"../../../Engine/Content/EngineMaterials/Widget3DPassThrough_Opaque_OneSided.uasset" 2462
"../../../Engine/Content/EngineMaterials/Widget3DPassThrough_Masked.uasset" 2463
"../../../Engine/Content/EngineMaterials/Widget3DPassThrough_Masked_OneSided.uasset" 2464
"../../../Engine/Content/VREditor/TransformGizmo/PlaneTranslationHandle.uasset" 2465
"../../../Engine/Content/VREditor/TransformGizmo/TransformGizmoMaterial.uasset" 2466
"../../../Engine/Content/VREditor/LaserPointer/VR_LaserPower_01.uasset" 2467
"../../../Engine/Content/VREditor/TransformGizmo/TranslucentTransformGizmoMaterial.uasset" 2468
"../../../Engine/Content/VREditor/TransformGizmo/BoundingBoxCorner.uasset" 2469
"../../../Engine/Content/VREditor/TransformGizmo/BoundingBoxEdge.uasset" 2470
"../../../Engine/Content/VREditor/TransformGizmo/SM_Sequencer_Node.uasset" 2471
"../../../Engine/Content/VREditor/TransformGizmo/Main.uasset" 2472
"../../../Engine/Content/VREditor/TransformGizmo/Xray.uasset" 2473
"../../../Engine/Content/EditorMeshes/Camera/SM_CraneRig_Base.uasset" 2474
"../../../Engine/Content/EditorMaterials/Camera/MI_CineMat_Rig.uasset" 2475
"../../../Engine/Content/EditorMaterials/Camera/CineMat.uasset" 2476
"../../../Engine/Content/EditorMeshes/Camera/SM_CraneRig_Arm.uasset" 2477
"../../../Engine/Content/EditorMeshes/Camera/SM_CraneRig_Mount.uasset" 2478
"../../../Engine/Content/EditorMeshes/Camera/SM_CraneRig_Body.uasset" 2479
"../../../Engine/Content/EditorMeshes/Camera/SM_RailRig_Track.uasset" 2480
"../../../Engine/Content/EditorMeshes/Camera/SM_RailRig_Mount.uasset" 2481
"../../../Engine/Content/ArtTools/RenderToTexture/Meshes/S_1_Unit_Plane.uasset" 2482
"../../../Engine/Content/EngineDebugMaterials/M_SimpleUnlitTranslucent.uasset" 2483
"../../../Engine/Content/EngineFonts/Roboto.uasset" 2484
"../../../Engine/Content/EngineFonts/Faces/DroidSansFallback.uasset" 2485
"../../../Engine/Content/EngineFonts/Faces/RobotoBold.uasset" 2486
"../../../Engine/Content/EngineFonts/Faces/RobotoBoldItalic.uasset" 2487
"../../../Engine/Content/EngineFonts/Faces/RobotoItalic.uasset" 2488
"../../../Engine/Content/EngineFonts/Faces/RobotoLight.uasset" 2489
"../../../Engine/Content/EngineFonts/Faces/RobotoRegular.uasset" 2490
"../../../Engine/Content/EditorMaterials/ParticleSystems/PSysThumbnail_NoImage.uasset" 2491
"../../../Engine/Content/EditorMaterials/ParticleSystems/PSysThumbnail_OOD.uasset" 2492
"../../../Engine/Content/EditorLandscapeResources/DataLayer.uasset" 2493
"../../Plugins/Runtime/HairStrands/Content/Materials/HairDebugMaterial.uasset" 2494
"../../../Engine/Content/EngineMaterials/HairColorMap.uasset" 2495
"../../../Engine/Content/EngineMaterials/HairDebugColor.uasset" 2496
"../../Plugins/Runtime/HairStrands/Content/Materials/HairGroupColors.uasset" 2497
"../../Plugins/Runtime/HairStrands/Content/Materials/HairDefaultMaterial.uasset" 2498
"../../Plugins/Runtime/HairStrands/Content/Materials/HairCardsDefaultMaterial.uasset" 2499
"../../Plugins/Runtime/HairStrands/Content/Materials/HairMeshesDefaultMaterial.uasset" 2500
"../../../Engine/Content/EditorResources/S_Solver.uasset" 2501
"../../../Engine/Content/Internationalization/icudt64l/coll/ucadata.icu" 2502
"../../../Engine/Content/Internationalization/icudt64l/coll/en.res" 2503
"../../../Engine/Content/Internationalization/icudt64l/coll/root.res" 2504
"../../../Engine/Content/Tutorial/ContentIntroCurve.uasset" 2505
"../../Plugins/Animation/ControlRig/Content/Controls/DefaultGizmoLibraryNormalized.uasset" 2506
"../../Plugins/Animation/ControlRig/Content/M_Manip.uasset" 2507
"../../../Engine/Content/Functions/Engine_MaterialFunctions02/WorldPositionOffset/CameraOffset.uasset" 2508
"../../Plugins/2D/Paper2D/Content/MaskedUnlitSpriteMaterial.uasset" 2509
"../../Plugins/2D/Paper2D/Content/DefaultSpriteMaterial.uasset" 2510
"../../Plugins/2D/Paper2D/Content/PlaceholderTextures/DummySpriteTexture.uasset" 2511
"../../Plugins/2D/Paper2D/Content/OpaqueUnlitSpriteMaterial.uasset" 2512
"../../Plugins/2D/Paper2D/Content/DefaultPaperTerrainMaterial.uasset" 2513
"../../Plugins/2D/Paper2D/Content/DummySprite.uasset" 2514
"../../Plugins/Editor/SpeedTreeImporter/Content/SpeedTree9/SpeedTreeMaster.uasset" 2515
"../../../Engine/Content/Functions/Engine_MaterialFunctions02/ObjectLocalBounds.uasset" 2516
"../../../Engine/Content/Functions/Engine_MaterialFunctions02/SafeNormalize.uasset" 2517
"../../../Engine/Content/Functions/Engine_MaterialFunctions02/Utility/VectorLength.uasset" 2518
"../../../Engine/Content/Functions/Engine_MaterialFunctions02/UVs/BoundingBoxBased_0-1_UVW.uasset" 2519
"../../../Engine/Content/Functions/Engine_MaterialFunctions02/WorldPositionOffset/ObjectScale.uasset" 2520
"../../Plugins/Editor/SpeedTreeImporter/Content/SpeedTree9/SpeedTreeBranchMotion.uasset" 2521
"../../Plugins/Editor/SpeedTreeImporter/Content/SpeedTree9/SpeedTreeWindMotion.uasset" 2522
"../../Plugins/Editor/SpeedTreeImporter/Content/SpeedTree9/game_wind_noise.uasset" 2523
"../../Plugins/Editor/SpeedTreeImporter/Content/SpeedTree9/UnpackDirection.uasset" 2524
"../../Plugins/Editor/SpeedTreeImporter/Content/SpeedTree9/UnpackInteger3.uasset" 2525
"../../Plugins/Editor/SpeedTreeImporter/Content/SpeedTree9/SpeedTreeCameraFacing.uasset" 2526
"../../Plugins/Editor/SpeedTreeImporter/Content/SpeedTree9/SpeedTreeWind.uasset" 2527
"../../Plugins/Editor/SpeedTreeImporter/Content/SpeedTree9/Empty.uasset" 2528
"../../Plugins/Editor/SpeedTreeImporter/Content/SpeedTree9/EmptyNormal.uasset" 2529
"../../Plugins/Editor/SpeedTreeImporter/Content/SpeedTree9/SpeedTreeBillboardMaster.uasset" 2530
"../../Plugins/Editor/SpeedTreeImporter/Content/SpeedTree9/SpeedTreeBillboard.uasset" 2531
"../../../Engine/Content/EngineDebugMaterials/VolumeToRender.uasset" 2532
"../../../Engine/Content/EngineDebugMaterials/M_VolumeRenderSphereTracePP.uasset" 2533
"../../../Engine/Content/Functions/Engine_MaterialFunctions02/Utility/CameraDirectionVector.uasset" 2534
"../../Plugins/Experimental/CommonUI/Content/VideoPlayerMaterial.uasset" 2535
"../../Plugins/Experimental/CommonUI/Content/DefaultMediaTexture.uasset" 2536
"../../../Engine/Content/EngineMaterials/RemoveSurfaceMaterial.uasset" 2537
"../../../Engine/Content/EngineDebugMaterials/DebugMeshMaterial.uasset" 2538
"../../../Engine/Content/EngineMaterials/EmissiveMeshMaterial.uasset" 2539
"../../../Engine/Content/EngineMaterials/DefaultWhiteGrid_Low.uasset" 2540
"../../../Engine/Content/EngineMaterials/M_InvalidLightmapSettings.uasset" 2541
"../../../Engine/Content/EngineMaterials/InvalidLightmapSettings.uasset" 2542
"../../../Engine/Content/EngineMaterials/GizmoMaterial.uasset" 2543
"../../../Engine/Content/EngineMaterials/PhAT_JointLimitMaterial.uasset" 2544
"../../../Engine/Content/EngineMaterials/FlattenMaterial.uasset" 2545
"../../../Engine/Content/EngineMaterials/BaseFlattenDiffuseMap.uasset" 2546
"../../../Engine/Content/EngineMaterials/BaseFlattenEmissiveMap.uasset" 2547
"../../../Engine/Content/EngineMaterials/BaseFlattenGrayscaleMap.uasset" 2548
"../../../Engine/Content/EngineMaterials/BaseFlattenLinearColor.uasset" 2549
"../../../Engine/Content/EngineMaterials/BaseFlattenNormalMap.uasset" 2550
"../../../Engine/Content/Functions/Engine_MaterialFunctions02/PivotPainter2/Black_1x1_EXR_Texture.uasset" 2551
"../../../Engine/Content/EngineMaterials/FlattenMaterial_VT.uasset" 2552
"../../../Engine/Content/EngineMaterials/BaseFlattenDiffuseMap_VT.uasset" 2553
"../../../Engine/Content/EngineMaterials/BaseFlattenEmissiveMap_VT.uasset" 2554
"../../../Engine/Content/EngineMaterials/BaseFlattenGrayscaleMap_VT.uasset" 2555
"../../../Engine/Content/EngineMaterials/BaseFlattenLinearColor_VT.uasset" 2556
"../../../Engine/Content/EngineMaterials/BaseFlattenNormalMap_VT.uasset" 2557
"../../../Engine/Content/EngineMaterials/Black_1x1_EXR_Texture_VT.uasset" 2558
"../../../Engine/Content/EngineMaterials/FlattenMaterial_WS_Normal_VT.uasset" 2559
"../../../Engine/Content/EngineMaterials/Good64x64TilingNoiseHighFreq.uasset" 2560
"../../../Engine/Content/EngineMaterials/DefaultBokeh.uasset" 2561
"../../../Engine/Content/EngineMaterials/PreintegratedSkinBRDF.uasset" 2562
"../../../Engine/Content/EngineMaterials/MiniFont.uasset" 2563
"../../../Engine/Content/EngineMaterials/WeightMapPlaceholderTexture.uasset" 2564
"../../../Engine/Content/EngineMaterials/DefaultWhiteGrid.uasset" 2565
"../../../Engine/Content/EngineMaterials/DefaultPhysicalMaterial.uasset" 2566
"../../../Engine/Content/EngineMaterials/DefaultDestructiblePhysicalMaterial.uasset" 2567
"../../../Engine/Content/EditorLandscapeResources/DefaultAlphaTexture.uasset" 2568
"../../../Engine/Content/EditorResources/S_Terrain.uasset" 2569
"../../../Engine/Content/BasicShapes/Cube.uasset" 2570
"../../../Engine/Content/BasicShapes/Sphere.uasset" 2571
"../../../Engine/Content/EngineMaterials/DefaultMaterial.uasset" 2572
"../../../Engine/Content/BasicShapes/Cylinder.uasset" 2573
"../../../Engine/Content/BasicShapes/Cone.uasset" 2574
"../../../Engine/Content/BasicShapes/Plane.uasset" 2575
"../../Plugins/FX/Niagara/Content/ParameterDefinitions/SpriteRenderer.uasset" 2576
"../../Plugins/FX/Niagara/Content/ParameterDefinitions/RibbonRenderer.uasset" 2577
"../../Plugins/FX/Niagara/Content/ParameterDefinitions/MeshRenderer.uasset" 2578
"../../Plugins/FX/Niagara/Content/ParameterDefinitions/LightRenderer.uasset" 2579
"../../Plugins/FX/Niagara/Content/ParameterDefinitions/CoreParameters.uasset" 2580
"../../../Engine/Content/EditorResources/SequenceRecorder/Countdown.uasset" 2581
"../../../Engine/Content/EditorResources/SequenceRecorder/RecordingIndicator.uasset" 2582
"../../../Engine/Content/EngineMaterials/DefaultBloomKernel.uasset" 2583
"../../../Engine/Content/EngineMaterials/BlueNoise.uasset" 2584
"../../../Engine/Content/EngineSounds/Master.uasset" 2585
"../../../Engine/Content/EditorResources/BSPVertex.uasset" 2586
"C:/Users/micha/OneDrive/Documents/Unreal Projects/RTD/Content/UI/Images/thumbnails/thumbnail_gold.uasset" 2587
"C:/Users/micha/OneDrive/Documents/Unreal Projects/RTD/Content/UI/Images/thumbnails/thumbnail_click.uasset" 2588
"C:/Users/micha/OneDrive/Documents/Unreal Projects/RTD/Content/UI/Images/thumbnails/thumbnail_border.uasset" 2589
"C:/Users/micha/OneDrive/Documents/Unreal Projects/RTD/Content/UI/Images/thumbnails/thumbnail_active.uasset" 2590
"C:/Users/micha/OneDrive/Documents/Unreal Projects/RTD/Content/UI/Images/fonts/Marcellus-Regular.uasset" 2591
"C:/Users/micha/OneDrive/Documents/Unreal Projects/RTD/Content/UI/Images/fonts/CinzelDecorative-Bold.uasset" 2592
"../../../Engine/Content/EngineDebugMaterials/DebugEditorMaterial.uasset" 2593
"C:/Users/micha/OneDrive/Documents/Unreal Projects/RTD/Content/_GENERATED/micha/Merge_ACAECC5F.uasset" 2594
"../../../Engine/Content/EngineResources/FilmGrains/Marcie_Grain_v3_128_M2_000.uasset" 2595
"../../../Engine/Plugins/Animation/ControlRig/Content/Controls/ControlRigGizmoMaterial.uasset" 2596
"C:/Users/micha/OneDrive/Documents/Unreal Projects/RTD/Content/_GENERATED/micha/Cylinder_093A62A8.uasset" 2597
"C:/Users/micha/OneDrive/Documents/Unreal Projects/RTD/Content/UI/Images/fonts/CinzelDecorative-Regular.uasset" 2598
"C:/Users/micha/OneDrive/Documents/Unreal Projects/RTD/Content/UI/Images/buttons_tabs/tab_towers_inactive_1.uasset" 2599
"C:/Users/micha/OneDrive/Documents/Unreal Projects/RTD/Content/UI/Images/fonts/CinzelDecorative-Black.uasset" 2600
"C:/Users/micha/OneDrive/Documents/Unreal Projects/RTD/Content/UI/Images/buttons_tabs/tab_towers_inactive.uasset" 2601
"C:/Users/micha/OneDrive/Documents/Unreal Projects/RTD/Content/UI/Images/buttons_tabs/tab_towers_hover.uasset" 2602
"C:/Users/micha/OneDrive/Documents/Unreal Projects/RTD/Content/UI/Images/buttons_tabs/tab_towers_inactive_2.uasset" 2603
"C:/Users/micha/OneDrive/Documents/Unreal Projects/RTD/Content/UI/Images/buttons_tabs/tab_towers_active.uasset" 2604
"C:/Users/micha/OneDrive/Documents/Unreal Projects/RTD/Content/UI/Images/buttons_tabs/tab_scouts_hover.uasset" 2605
"C:/Users/micha/OneDrive/Documents/Unreal Projects/RTD/Content/UI/Images/buttons/button_start_hover.uasset" 2606
"C:/Users/micha/OneDrive/Documents/Unreal Projects/RTD/Content/UI/Images/buttons/button_start_active.uasset" 2607
"C:/Users/micha/OneDrive/Documents/Unreal Projects/RTD/Content/UI/Images/buttons/button_start_click.uasset" 2608
"C:/Users/micha/OneDrive/Documents/Unreal Projects/RTD/Content/UI/Images/buttons_tabs/tab_inventory_hover.uasset" 2609
"C:/Users/micha/OneDrive/Documents/Unreal Projects/RTD/Content/UI/Images/buttons_tabs/tab_scouts_active.uasset" 2610
"C:/Users/micha/OneDrive/Documents/Unreal Projects/RTD/Content/UI/Images/buttons_tabs/tab_inventory_active.uasset" 2611
"C:/Users/micha/OneDrive/Documents/Unreal Projects/RTD/Content/UI/Images/buttons/button_quit_hover.uasset" 2612
"C:/Users/micha/OneDrive/Documents/Unreal Projects/RTD/Content/UI/Images/buttons/button_quit_active.uasset" 2613
"C:/Users/micha/OneDrive/Documents/Unreal Projects/RTD/Content/UI/Images/buttons/button_quit_click.uasset" 2614
"C:/Users/micha/AppData/Local/UnrealEngine/Common/DerivedDataCache/Buckets/LegacyTEXTURE/da/e9/d58aa99af9cf8a6a0ce7c0f92daa9846bfd6.udd" 2615
"C:/Users/micha/OneDrive/Documents/Unreal Projects/RTD/Content/UI/Images/buttons/button_quit-text_click.uasset" 2616
"C:/Users/micha/AppData/Local/UnrealEngine/Common/DerivedDataCache/Buckets/LegacyTEXTURE/dd/51/e3a14aac87f5bba9a0dd723b590850a38a76.udd" 2617
"C:/Users/micha/AppData/Local/UnrealEngine/Common/DerivedDataCache/Buckets/LegacyTEXTURE/95/4b/d55a6383b9fea310d6bd41372229c6ff9e44.udd" 2618
"C:/Users/micha/AppData/Local/UnrealEngine/Common/DerivedDataCache/Buckets/LegacyTEXTURE/e3/2c/c84589b9b7074d4148386088d0118cb045d2.udd" 2619
"C:/Users/micha/OneDrive/Documents/Unreal Projects/RTD/Content/UI/Images/buttons/button_options_active.uasset" 2620
"C:/Users/micha/OneDrive/Documents/Unreal Projects/RTD/Content/UI/Images/buttons/button_quit-text_hover.uasset" 2621
"C:/Users/micha/OneDrive/Documents/Unreal Projects/RTD/Content/UI/Images/buttons/button_options_hover.uasset" 2622
"C:/Users/micha/OneDrive/Documents/Unreal Projects/RTD/Content/UI/Images/buttons/button_options_click.uasset" 2623
"C:/Users/micha/OneDrive/Documents/Unreal Projects/RTD/Content/UI/Images/buttons/button_quit-text_active.uasset" 2624
"C:/Users/micha/AppData/Local/UnrealEngine/Common/DerivedDataCache/Buckets/LegacyTEXTURE/01/53/3418435ff966099cd472031b663e1b5bed0b.udd" 2625
"C:/Users/micha/AppData/Local/UnrealEngine/Common/DerivedDataCache/Buckets/LegacyTEXTURE/c4/e8/e84d578ba100ec0e3c91b4923bbc4e366366.udd" 2626
"C:/Users/micha/OneDrive/Documents/Unreal Projects/RTD/Content/UI/Images/buttons/button_next_hover.uasset" 2627
"C:/Users/micha/AppData/Local/UnrealEngine/Common/DerivedDataCache/Buckets/LegacyTEXTURE/8f/e1/b4334b265c0d01c9ebfe84c85b38cadb7b1e.udd" 2628
"C:/Users/micha/AppData/Local/UnrealEngine/Common/DerivedDataCache/Buckets/LegacyTEXTURE/35/20/c66f8b735c9a7ce5fed8d02817863d67664c.udd" 2629
"C:/Users/micha/AppData/Local/UnrealEngine/Common/DerivedDataCache/Buckets/LegacyTEXTURE/42/eb/188b2eb568b62d165b30edd8ff957b7b8e67.udd" 2630
"C:/Users/micha/AppData/Local/UnrealEngine/Common/DerivedDataCache/Buckets/LegacyTEXTURE/da/df/2a9ce543b90bccdbc1558197a14c5d1a5285.udd" 2631
"C:/Users/micha/OneDrive/Documents/Unreal Projects/RTD/Content/UI/Images/buttons/button_back_hover.uasset" 2632
"C:/Users/micha/OneDrive/Documents/Unreal Projects/RTD/Content/UI/Images/buttons/button_back_click.uasset" 2633
"C:/Users/micha/OneDrive/Documents/Unreal Projects/RTD/Content/UI/Images/buttons/button_back_active.uasset" 2634
"C:/Users/micha/OneDrive/Documents/Unreal Projects/RTD/Content/UI/Images/blanks/tab_blank_inactive.uasset" 2635
"C:/Users/micha/OneDrive/Documents/Unreal Projects/RTD/Content/UI/Images/blanks/tab_blank_hover.uasset" 2636
"C:/Users/micha/OneDrive/Documents/Unreal Projects/RTD/Content/UI/Images/blanks/tab_blank_active.uasset" 2637
"C:/Users/micha/OneDrive/Documents/Unreal Projects/RTD/Content/UI/Images/blanks/button_blank_hover.uasset" 2638
"C:/Users/micha/OneDrive/Documents/Unreal Projects/RTD/Content/UI/Images/blanks/button_blank_click.uasset" 2639
"C:/Users/micha/OneDrive/Documents/Unreal Projects/RTD/Content/UI/Images/blanks/button_blank_active.uasset" 2640
"C:/Users/micha/OneDrive/Documents/Unreal Projects/RTD/Content/UI/Images/bars/scrollbar_inactive.uasset" 2641
"C:/Users/micha/OneDrive/Documents/Unreal Projects/RTD/Content/UI/Images/bars/scrollbar_active.uasset" 2642
"C:/Users/micha/OneDrive/Documents/Unreal Projects/RTD/Content/UI/Images/buttons/button_next_click.uasset" 2643
"C:/Users/micha/OneDrive/Documents/Unreal Projects/RTD/Content/UI/Images/buttons/button_mapsettings_active.uasset" 2644
"C:/Users/micha/AppData/Local/UnrealEngine/Common/DerivedDataCache/Buckets/LegacyTEXTURE/18/5e/503b82911024e39409d825b5a1624c155aa7.udd" 2645
"C:/Users/micha/AppData/Local/UnrealEngine/Common/DerivedDataCache/Buckets/LegacyTEXTURE/83/45/bb31e7559ecf78af966d67d99e6abae4c794.udd" 2646
"C:/Users/micha/AppData/Local/UnrealEngine/Common/DerivedDataCache/Buckets/LegacyTEXTURE/7a/09/692a869d863b89627a069b5860926730da96.udd" 2647
"C:/Users/micha/AppData/Local/UnrealEngine/Common/DerivedDataCache/Buckets/LegacyTEXTURE/90/16/1b088ad3a90edef9702bd41822d8632383ff.udd" 2648
"C:/Users/micha/OneDrive/Documents/Unreal Projects/RTD/Content/UI/Images/buttons/button_mapsettings_click.uasset" 2649
"C:/Users/micha/OneDrive/Documents/Unreal Projects/RTD/Content/UI/Images/buttons/button_next_active.uasset" 2650
"C:/Users/micha/OneDrive/Documents/Unreal Projects/RTD/Content/UI/Images/buttons/button_mapsettings_hover.uasset" 2651
"C:/Users/micha/AppData/Local/UnrealEngine/Common/DerivedDataCache/Buckets/LegacyTEXTURE/29/73/d1eda039875f6e54b4e2fe0ba89f07150c12.udd" 2652
"C:/Users/micha/AppData/Local/UnrealEngine/Common/DerivedDataCache/Buckets/LegacyTEXTURE/d1/be/c08b2dc7761980247ed2f9fac429ee891858.udd" 2653
"C:/Users/micha/AppData/Local/UnrealEngine/Common/DerivedDataCache/Buckets/LegacyTEXTURE/8c/a2/3b1f8bd282c22202bc9157a42927bf4b0905.udd" 2654
"C:/Users/micha/AppData/Local/UnrealEngine/Common/DerivedDataCache/Buckets/LegacyTEXTURE/41/8f/76a300b8ae3d275f7756dbdb6e788c34103b.udd" 2655
"C:/Users/micha/AppData/Local/UnrealEngine/Common/DerivedDataCache/Buckets/LegacyTEXTURE/76/b9/205a6b19b88ba95090de2ffd53d7841f9596.udd" 2656
"C:/Users/micha/AppData/Local/UnrealEngine/Common/DerivedDataCache/Buckets/LegacyTEXTURE/2e/39/90340e6594219b6477fe05a7a7ef8f2e9625.udd" 2657
"C:/Users/micha/AppData/Local/UnrealEngine/Common/DerivedDataCache/Buckets/LegacyTEXTURE/ef/f9/72babad2f2483d0b45175e504f8a256d315a.udd" 2658
"C:/Users/micha/AppData/Local/UnrealEngine/Common/DerivedDataCache/Buckets/LegacyTEXTURE/33/83/24fa4e3171ea22053fc156c32b0d900655e6.udd" 2659
"C:/Users/micha/AppData/Local/UnrealEngine/Common/DerivedDataCache/Buckets/LegacyTEXTURE/8f/f3/1b130884d84823da2b0e41c22dbab0d08522.udd" 2660
"C:/Users/micha/AppData/Local/UnrealEngine/Common/DerivedDataCache/Buckets/LegacyTEXTURE/72/3f/b86979ad504f1fd7fe54b3a684f38c0a283f.udd" 2661
"C:/Users/micha/AppData/Local/UnrealEngine/Common/DerivedDataCache/Buckets/LegacyTEXTURE/76/ea/fad55889685bf83a75670de3a48981e151c6.udd" 2662
"C:/Users/micha/AppData/Local/UnrealEngine/Common/DerivedDataCache/Buckets/LegacyTEXTURE/1b/da/3f53f37765734220f8227419c807a0fbab66.udd" 2663
"C:/Users/micha/AppData/Local/Temp/UnrealShaderWorkingDir/542B812C46B9E6D97DDC3B8055603431/3/WorkerOutputOnly.out" 2664
"C:/Users/micha/AppData/Local/Temp/UnrealShaderWorkingDir/542B812C46B9E6D97DDC3B8055603431/4/WorkerOutputOnly.out" 2665
"C:/Users/micha/AppData/Local/Temp/UnrealShaderWorkingDir/542B812C46B9E6D97DDC3B8055603431/0/WorkerOutputOnly.out" 2666
"C:/Users/micha/AppData/Local/Temp/UnrealShaderWorkingDir/542B812C46B9E6D97DDC3B8055603431/1/WorkerOutputOnly.out" 2667
"C:/Users/micha/AppData/Local/Temp/UnrealShaderWorkingDir/542B812C46B9E6D97DDC3B8055603431/5/WorkerOutputOnly.out" 2668
"C:/Users/micha/AppData/Local/Temp/UnrealShaderWorkingDir/542B812C46B9E6D97DDC3B8055603431/2/WorkerOutputOnly.out" 2669
"C:/Users/micha/OneDrive/Documents/Unreal Projects/RTD/Content/UI/Images/bars/loadingbar_gradient.uasset" 2670
"C:/Users/micha/OneDrive/Documents/Unreal Projects/RTD/Content/UI/Images/bars/border_light_large.uasset" 2671
"C:/Users/micha/OneDrive/Documents/Unreal Projects/RTD/Content/UI/Images/bars/border_dark_large.uasset" 2672
"C:/Users/micha/OneDrive/Documents/Unreal Projects/RTD/Content/UI/Images/bg_sidebar.uasset" 2673
"C:/Users/micha/OneDrive/Documents/Unreal Projects/RTD/Content/UI/Images/bg_mainmenu.uasset" 2674
"C:/Users/micha/OneDrive/Documents/Unreal Projects/RTD/Content/UI/TabTag.uasset" 2675
"C:/Users/micha/OneDrive/Documents/Unreal Projects/RTD/Content/Blueprints/Player/UI/BP_PlayerHud.uasset" 2676
"C:/Users/micha/OneDrive/Documents/Unreal Projects/RTD/Content/Blueprints/Player/E_PlayerState.uasset" 2677
"C:/Users/micha/OneDrive/Documents/Unreal Projects/RTD/Content/UI/Data/UIInputActionTable.uasset" 2678
"C:/Users/micha/OneDrive/Documents/Unreal Projects/RTD/Content/UI/Images/banners/banner2_c.uasset" 2679
"C:/Users/micha/AppData/Local/UnrealEngine/Common/DerivedDataCache/Buckets/LegacyTEXTURE/a0/98/3f854e88325ec21dcd7649745bb5aaba83ec.udd" 2680
"C:/Users/micha/OneDrive/Documents/Unreal Projects/RTD/Content/UI/Images/banners/banner1_gameinfo.uasset" 2681
"C:/Users/micha/OneDrive/Documents/Unreal Projects/RTD/Content/UI/Images/banners/banner2_b.uasset" 2682
"C:/Users/micha/OneDrive/Documents/Unreal Projects/RTD/Content/UI/Images/bars/loadingbar_units.uasset" 2683
"C:/Users/micha/AppData/Local/UnrealEngine/Common/DerivedDataCache/Buckets/LegacyTEXTURE/47/6a/9cfd2ed4574904ed38f7bd1e377b995739be.udd" 2684
"C:/Users/micha/AppData/Local/UnrealEngine/Common/DerivedDataCache/Buckets/LegacyTEXTURE/f5/fb/1362c7ef29c8548fd145624fce26275edc51.udd" 2685
"C:/Users/micha/AppData/Local/UnrealEngine/Common/DerivedDataCache/Buckets/LegacyTEXTURE/85/90/8915c2d4a6fbb1fe91e90f7583b654dc4806.udd" 2686
"C:/Users/micha/AppData/Local/UnrealEngine/Common/DerivedDataCache/Buckets/LegacyTEXTURE/fd/c0/744ec800d433b28415ff58f28ee302e76663.udd" 2687
"C:/Users/micha/OneDrive/Documents/Unreal Projects/RTD/Content/UI/Images/banners/banner2_a.uasset" 2688
"C:/Users/micha/OneDrive/Documents/Unreal Projects/RTD/Content/UI/Images/bars/border_light_small.uasset" 2689
"C:/Users/micha/AppData/Local/UnrealEngine/Common/DerivedDataCache/Buckets/LegacyTEXTURE/d0/dc/e35897a965a9945df58425bd2e7d065cd40e.udd" 2690
"C:/Users/micha/AppData/Local/UnrealEngine/Common/DerivedDataCache/Buckets/LegacyTEXTURE/5c/d0/b7f6b77410c89f4220920bc51c9c5ef975cc.udd" 2691
"C:/Users/micha/AppData/Local/UnrealEngine/Common/DerivedDataCache/Buckets/LegacyTEXTURE/a7/0f/ca7838126aec489ad7ce4a2637844488d5bd.udd" 2692
"C:/Users/micha/AppData/Local/UnrealEngine/Common/DerivedDataCache/Buckets/LegacyTEXTURE/87/12/abedc17e69802f926495dcad364e15f66097.udd" 2693
"C:/Users/micha/AppData/Local/UnrealEngine/Common/DerivedDataCache/Buckets/LegacyTEXTURE/4f/58/7872ec714d90559bcdae94f8557898ca52a2.udd" 2694
"C:/Users/micha/AppData/Local/UnrealEngine/Common/DerivedDataCache/Buckets/LegacyTEXTURE/22/cc/aa535bfe34842e9ca51915d2e270941932dd.udd" 2695
"C:/Users/micha/AppData/Local/UnrealEngine/Common/DerivedDataCache/Buckets/LegacyTEXTURE/70/ef/918a4b50842bca7fcc8f2b074e724ea7bfe6.udd" 2696
"C:/Users/micha/AppData/Local/UnrealEngine/Common/DerivedDataCache/Buckets/LegacyTEXTURE/02/60/5ff1dae8fc22974493824f9fb17746b1bd37.udd" 2697
"C:/Users/micha/AppData/Local/UnrealEngine/Common/DerivedDataCache/Buckets/LegacyTEXTURE/71/84/2748863cac43ad6882e8d08262d4fcc8a980.udd" 2698
"C:/Users/micha/AppData/Local/UnrealEngine/Common/DerivedDataCache/Buckets/LegacyTEXTURE/9a/23/426a78af887ea3527de39c024e79e7051096.udd" 2699
"C:/Users/micha/AppData/Local/UnrealEngine/Common/DerivedDataCache/Buckets/LegacyTEXTURE/47/6a/ffcdc3f76e2cd4bb8f7baa7de3de70a395d2.udd" 2700
"C:/Users/micha/OneDrive/Documents/Unreal Projects/RTD/Content/UI/Images/bars/border_dark_small.uasset" 2701
"C:/Users/micha/OneDrive/Documents/Unreal Projects/RTD/Content/Blueprints/Mobs/WBP_HealthBar.uasset" 2702
"C:/Users/micha/OneDrive/Documents/Unreal Projects/RTD/Content/Blueprints/Map/E_TileType.uasset" 2703
"C:/Users/micha/OneDrive/Documents/Unreal Projects/RTD/Content/Blueprints/Building/Tower/ETowerType.uasset" 2704
"C:/Users/micha/OneDrive/Documents/Unreal Projects/RTD/Content/Blueprints/Building/Tower/ETargetPriority.uasset" 2705
"C:/Users/micha/OneDrive/Documents/Unreal Projects/RTD/Content/Blueprints/Building/Tower/ETargetMode.uasset" 2706
"C:/Users/micha/OneDrive/Documents/Unreal Projects/RTD/Content/Blueprints/Building/BP_Building_Basic.uasset" 2707
"C:/Users/micha/OneDrive/Documents/Unreal Projects/RTD/Content/Blueprints/GriddleData.uasset" 2708
"C:/Users/micha/OneDrive/Documents/Unreal Projects/RTD/Content/Assets/Towers/Base/DemoPic.uasset" 2709
"C:/Users/micha/OneDrive/Documents/Unreal Projects/RTD/Content/Assets/Towers/Base/color_7720667.uasset" 2710
"C:/Users/micha/OneDrive/Documents/Unreal Projects/RTD/Content/Assets/Towers/Base/color_16089887.uasset" 2711
"C:/Users/micha/OneDrive/Documents/Unreal Projects/RTD/Content/Assets/Towers/Base/color_14093196.uasset" 2712
"C:/Users/micha/OneDrive/Documents/Unreal Projects/RTD/Content/Assets/Tiles/ground/HexTileBase10.uasset" 2713
"C:/Users/micha/AppData/Local/UnrealEngine/Common/DerivedDataCache/Buckets/LegacyTEXTURE/de/47/359cd6603196fcba6f42714bd79e0deff23d.udd" 2714
"C:/Users/micha/AppData/Local/UnrealEngine/Common/DerivedDataCache/Buckets/LegacyTEXTURE/8d/91/e3d45ca57947aab59aa999f19371e84797dd.udd" 2715
"C:/Users/micha/AppData/Local/UnrealEngine/Common/DerivedDataCache/Buckets/LegacyTEXTURE/2b/10/8fcda3d929226fe2cfbc3c7e9c7ecdf68f4b.udd" 2716
"C:/Users/micha/OneDrive/Documents/Unreal Projects/RTD/Content/Assets/Tiles/HexTileBase1.uasset" 2717
"C:/Users/micha/OneDrive/Documents/Unreal Projects/RTD/Content/Assets/WallMesh.uasset" 2718
"C:/Users/micha/OneDrive/Documents/Unreal Projects/RTD/Content/Assets/Turret.uasset" 2719
"C:/Users/micha/OneDrive/Documents/Unreal Projects/RTD/Content/Assets/tab_test.uasset" 2720
"C:/Users/micha/OneDrive/Documents/Unreal Projects/RTD/Content/Assets/MyZenith.uasset" 2721
"C:/Users/micha/OneDrive/Documents/Unreal Projects/RTD/Content/Assets/MyHorizon.uasset" 2722
"C:/Users/micha/AppData/Local/UnrealEngine/Common/DerivedDataCache/Buckets/LegacyTEXTURE/ad/48/8ae231ad8ff41a65e5e524a771767ee6b9f2.udd" 2723
"C:/Users/micha/AppData/Local/UnrealEngine/Common/DerivedDataCache/Buckets/LegacyTEXTURE/5c/e1/0c3fc9bb6cf73f14f655598afb5e13a3cf63.udd" 2724
"C:/Users/micha/OneDrive/Documents/Unreal Projects/RTD/Content/Assets/MyCloudColors.uasset" 2725
"C:/Users/micha/OneDrive/Documents/Unreal Projects/RTD/Content/Assets/Tiles/materials/M_GrassGround.uasset" 2726
"C:/Users/micha/OneDrive/Documents/Unreal Projects/RTD/Content/Blueprints/HexGriddle.uasset" 2727
"C:/Users/micha/AppData/Local/UnrealEngine/Common/DerivedDataCache/Buckets/LegacyTEXTURE/cf/3a/505a169c8b4951ea1493d5198717f20d17ee.udd" 2728
"C:/Users/micha/AppData/Local/UnrealEngine/Common/DerivedDataCache/Buckets/LegacyTEXTURE/eb/dc/07db547d57105dae1b43ed4da10633c10839.udd" 2729
"C:/Users/micha/AppData/Local/UnrealEngine/Common/DerivedDataCache/Buckets/LegacyTEXTURE/46/2d/6a1e91f9256f43995672e840fcb4a32f2b3c.udd" 2730
"C:/Users/micha/AppData/Local/UnrealEngine/Common/DerivedDataCache/Buckets/LegacyTEXTURE/43/50/52481e858b491609160d778e4a808ca08117.udd" 2731
"C:/Users/micha/AppData/Local/UnrealEngine/Common/DerivedDataCache/Buckets/LegacyTEXTURE/a1/fc/5fc4648b06f9e32f18073e8d2d795390aeb0.udd" 2732
"C:/Users/micha/AppData/Local/UnrealEngine/Common/DerivedDataCache/Buckets/LegacyTEXTURE/2e/78/4fad5689fe92c533331682590e348ac3d1fe.udd" 2733
"C:/Users/micha/AppData/Local/UnrealEngine/Common/DerivedDataCache/Buckets/LegacyTEXTURE/52/51/81754706d1118e2d0412931c0f1a0f2a325f.udd" 2734
"C:/Users/micha/OneDrive/Documents/Unreal Projects/RTD/Content/Assets/Tiles/surface/HexTileBasic5.uasset" 2735
"C:/Users/micha/OneDrive/Documents/Unreal Projects/RTD/Content/Assets/GateMesh.uasset" 2736
"C:/Users/micha/OneDrive/Documents/Unreal Projects/RTD/Content/Assets/BaseMesh.uasset" 2737
"C:/Users/micha/AppData/Local/UnrealEngine/Common/DerivedDataCache/Buckets/StaticMesh/fd/28/d25c9798d0f4d3b1fcd982c4850ba5c1a96f.udd" 2738
"../../../Engine/Content/EditorMaterials/PreviewShadowIndicator.uasset" 2739
"C:/Users/micha/AppData/Local/UnrealEngine/Common/DerivedDataCache/Buckets/LegacyDIST/71/13/f0ced3cbfb28f06a0251af42ee22ea16968a.udd" 2740
"../../../Engine/Content/EngineSounds/Submixes/MasterEQEffectPreset.uasset" 2741
"C:/Users/micha/AppData/Local/UnrealEngine/Common/DerivedDataCache/Buckets/LegacyCARD/37/28/ae49fc615903221adf8551b853866027a16f.udd" 2742
"../../../Engine/Content/EngineSounds/Submixes/MasterReverbEffectPreset.uasset" 2743
"C:/Users/micha/AppData/Local/UnrealEngine/Common/DerivedDataCache/Buckets/StaticMesh/63/0d/7511315ba0b334bc72848b527b85e445bf30.udd" 2744
"../../../Engine/Content/EditorBlueprintResources/StandardMacros.uasset" 2745
"C:/Users/micha/AppData/Local/UnrealEngine/Common/DerivedDataCache/Buckets/StaticMesh/7d/4e/3580bbb77f17ed6ef9b0972901e2f19f384a.udd" 2746
"C:/Users/micha/AppData/Local/UnrealEngine/Common/DerivedDataCache/Buckets/LegacyDIST/68/f0/5ead5717f62f9dbaa0923163bc564068edb8.udd" 2747
"C:/Users/micha/AppData/Local/UnrealEngine/Common/DerivedDataCache/Buckets/LegacyCARD/e6/2d/79f0be4078cdcd6eac0b6fe882ac3cfbd3e5.udd" 2748
"../../../Engine/Content/EngineResources/AICON-Red.uasset" 2749
"C:/Users/micha/AppData/Local/UnrealEngine/Common/DerivedDataCache/Buckets/LegacyChaosGeometryData/5e/e8/c652ddafd285b7039c85a9941ddb2b6b5b17.udd" 2750
"../../../Engine/Content/Functions/Engine_MaterialFunctions02/ExampleContent/TextureBasedWPO/DemoBox.uasset" 2751
"C:/Users/micha/AppData/Local/UnrealEngine/Common/DerivedDataCache/Buckets/LegacyDIST/36/73/4f1f58845dc0536883ef9fc150134f59f302.udd" 2752
"../../../Engine/Plugins/Marketplace/HexGrids/Content/HexGrids/Materials/GhostTiles.uasset" 2753
"C:/Users/micha/AppData/Local/UnrealEngine/Common/DerivedDataCache/Buckets/LegacyNavCollision/32/eb/f3394a7ef2cc63ca96cead0d0c7bb5e8dafb.udd" 2754
"../../../../../../Users/micha/OneDrive/Documents/Unreal Projects/RTD/Content/Assets/Tiles/HexTileBase1.uasset" 2755
"../../../Engine/Content/BasicShapes/BasicShapeMaterial.uasset" 2756
"C:/Users/micha/AppData/Local/UnrealEngine/Common/DerivedDataCache/Buckets/LegacyCARD/93/37/6c8e51383c257dfcade21f24dfb2c67a69fd.udd" 2757
"C:/Users/micha/AppData/Local/UnrealEngine/Common/DerivedDataCache/Buckets/LegacyTEXTURE/de/be/f732d7a176f29c85c956da7b403e8d454209.udd" 2758
"../../../../../../Users/micha/OneDrive/Documents/Unreal Projects/RTD/Content/Assets/Tiles/surface/HexTileBasic5.uasset" 2759
"C:/Users/micha/AppData/Local/UnrealEngine/Common/DerivedDataCache/Buckets/LegacyChaosGeometryData/89/d0/21dac8e64e3194ab0234bac162fdb861418a.udd" 2760
"../../../../../../Users/micha/OneDrive/Documents/Unreal Projects/RTD/Content/Assets/Tiles/ground/HexTileBase10.uasset" 2761
"../../../../../../Users/micha/OneDrive/Documents/Unreal Projects/RTD/Content/Assets/Turret.uasset" 2762
"C:/Users/micha/AppData/Local/UnrealEngine/Common/DerivedDataCache/Buckets/LegacyNavCollision/9d/ed/59511028df314c0ae6287e65224111656cae.udd" 2763
"../../../Engine/Content/MobileResources/HUD/VirtualJoystick_Background.uasset" 2764
"../../../Engine/Content/MobileResources/HUD/VirtualJoystick_Thumb.uasset" 2765
"../../../Engine/Content/EngineMaterials/DefaultCalibrationGrayscale.uasset" 2766
"../../../Engine/Content/EngineMaterials/DefaultCalibrationColor.uasset" 2767
"../../../Engine/Content/Maps/Entry_BuiltData.uasset" 2768
"C:/Users/micha/AppData/Local/UnrealEngine/Common/DerivedDataCache/Buckets/LegacyChaosGeometryData/d6/90/4d596d62e829e529b6fef2cec3a7efe19cc6.udd" 2769
"../../../../../../Users/micha/OneDrive/Documents/Unreal Projects/RTD/Content/Assets/WallMesh.uasset" 2770
"C:/Users/micha/AppData/Local/UnrealEngine/Common/DerivedDataCache/Buckets/LegacyChaosGeometryData/67/f9/1bde77b2a391cfd623586af6b9ce9a50453f.udd" 2771
"C:/Users/micha/AppData/Local/UnrealEngine/Common/DerivedDataCache/Buckets/LegacyTEXTURE/c2/c8/eb4b6a3ecdaaa00805d89dc8d96e80f7c2eb.udd" 2772
"../../../Engine/Plugins/Marketplace/HexGrids/Content/HexGrids/Blueprints/ExampleContent/PathfindingExample/Pathfinding_TPP_Mat.uasset" 2773
"../../../Engine/Content/Tutorial/SubEditors/TutorialAssets/Character/TutorialTPP_Skeleton.uasset" 2774
"C:/Users/micha/AppData/Local/UnrealEngine/Common/DerivedDataCache/Buckets/StaticMesh/b0/a2/fd48418fdd956b967ba8bd94543eeb86a819.udd" 2775
"../../../Engine/Plugins/Marketplace/HexGrids/Content/HexGrids/Materials/M_Hex_Simple.uasset" 2776
"C:/Users/micha/AppData/Local/UnrealEngine/Common/DerivedDataCache/Buckets/LegacyDIST/28/a6/2de46247280298a2f11a3aeea92a1c0fc9b7.udd" 2777
"C:/Users/micha/AppData/Local/UnrealEngine/Common/DerivedDataCache/Buckets/LegacyCARD/8d/4c/88d3e42b23a1aa018c75f92e9a50d976e2b3.udd" 2778
"C:/Users/micha/AppData/Local/UnrealEngine/Common/DerivedDataCache/Buckets/LegacyChaosGeometryData/1d/ec/e3a6b26b17a21993846242e8aabd8db2dc04.udd" 2779
"../../../Engine/Plugins/Marketplace/HexGrids/Content/HexGrids/Materials/M_HexSteel.uasset" 2780
"C:/Users/micha/AppData/Local/UnrealEngine/Common/DerivedDataCache/Buckets/LegacyNavCollision/65/8d/71219c16b7e97cea8415f204e6ce761f7df8.udd" 2781
"../../../Engine/Plugins/Marketplace/HexGrids/Content/HexGrids/Blueprints/MultiInstanceExample/MultiInstanceHolder.uasset" 2782
"../../../Engine/Content/Functions/Engine_MaterialFunctions01/Gradient/LinearGradient.uasset" 2783
"C:/Users/micha/AppData/Local/UnrealEngine/Common/DerivedDataCache/Buckets/StaticMesh/28/97/673cb1f857ebca1587ed14cfa63d33156855.udd" 2784
"../../../Engine/Content/Functions/Engine_MaterialFunctions02/ExampleContent/Textures/LowResBlurredNoise.uasset" 2785
"C:/Users/micha/AppData/Local/UnrealEngine/Common/DerivedDataCache/Buckets/LegacyDIST/bf/e0/97c0cc0da3d3df1215a0453320a74361d14e.udd" 2786
"C:/Users/micha/AppData/Local/UnrealEngine/Common/DerivedDataCache/Buckets/LegacyCARD/9f/35/30fabacae7f901aeea130a2d1cf37aff76fe.udd" 2787
"../../../Engine/Plugins/Marketplace/HexGrids/Content/HexGrids/Textures/T_Arrow.uasset" 2788
"C:/Users/micha/AppData/Local/UnrealEngine/Common/DerivedDataCache/Buckets/LegacyChaosGeometryData/64/03/0d5a181366fefc1c48cd9707263e926df6e7.udd" 2789
"C:/Users/micha/AppData/Local/UnrealEngine/Common/DerivedDataCache/Buckets/LegacyNavCollision/d2/56/eb6be8585cf6b6f147ae410b38059788a794.udd" 2790
"../../../Engine/Content/EngineSky/C_Sky_Cloud_Color.uasset" 2791
"../../../Engine/Content/EngineSky/C_Sky_Horizon_Color.uasset" 2792
"../../../Engine/Content/EngineSky/C_Sky_Zenith_Color.uasset" 2793
"../../../Engine/Content/EngineSky/T_Sky_Blue.uasset" 2794
"../../../Engine/Content/EngineSky/T_Sky_Clouds_M.uasset" 2795
"../../../Engine/Content/EngineSky/T_Sky_Stars.uasset" 2796
"../../../Engine/Content/Animation/DefaultAnimBoneCompressionSettings.uasset" 2797
"../../../Engine/Content/Animation/DefaultAnimCurveCompressionSettings.uasset" 2798
"../../../../../../Users/micha/OneDrive/Documents/Unreal Projects/RTD/Content/Assets/GateMesh.uasset" 2799
"../../../../../../Users/micha/OneDrive/Documents/Unreal Projects/RTD/Content/Assets/BaseMesh.uasset" 2800
"../../../Engine/Content/Tutorial/SubEditors/TutorialAssets/Character/TutorialTPP_Mat.uasset" 2801
"../../../Engine/Content/Tutorial/SubEditors/TutorialAssets/Character/TutorialTPP_PhysicsAsset.uasset" 2802
"../../../Engine/Content/EngineMaterials/DefaultNormal.uasset" 2803
"../../../Engine/Plugins/Marketplace/HexGrids/Content/ExampleContent/Audio/Physical_Materials/Metal.uasset" 2804
"../../../Engine/Plugins/Marketplace/HexGrids/Content/HexGrids/Textures/TilingNoise05.uasset" 2805
"../../../Engine/Content/Functions/Engine_MaterialFunctions01/Texturing/FlattenNormal.uasset" 2806
"../../../Engine/Plugins/Marketplace/HexGrids/Content/HexGrids/Textures/T_TileMask.uasset" 2807
"../../../Engine/Plugins/Marketplace/HexGrids/Content/ExampleContent/Audio/Physical_Materials/Rubber.uasset" 2808
"../../../Engine/Content/TemplateResources/M_Template_Master.uasset" 2809
"../../../Engine/Plugins/Marketplace/HexGrids/Content/ExampleContent/DemoRoom/Materials/M_DemoWall.uasset" 2810
"../../../Engine/Content/Functions/Engine_MaterialFunctions02/Texturing/CustomRotator.uasset" 2811
"../../../Engine/Content/EngineMaterials/DefaultNormal_Uncompressed.uasset" 2812
"../../../Engine/Content/VREditor/LaserPointer/LaserPointerMaterial.uasset" 2813
"../../../Engine/Content/Functions/Engine_MaterialFunctions02/Math/CreateThirdOrthogonalVector.uasset" 2814
"../../../Engine/Content/Functions/Engine_MaterialFunctions02/Math/Transform3x3Matrix.uasset" 2815
"../../../Engine/Content/VREditor/BasicMeshes/T_CleanFloorGrunge_01_D.uasset" 2816
"C:/Users/micha/AppData/Local/UnrealEngine/Common/DerivedDataCache/Buckets/LegacyTEXTURE/c0/e8/9fd164d3b6d19dfb00dd53f398918d627446.udd" 2817
"C:/Users/micha/AppData/Local/UnrealEngine/Common/DerivedDataCache/Buckets/LegacyTEXTURE/b3/80/75755d43dcfab2c04dcde182cda787ab93c4.udd" 2818
"C:/Users/micha/AppData/Local/UnrealEngine/Common/DerivedDataCache/Buckets/LegacyTEXTURE/fb/8a/431e31fdedcb84aff3c9094687d3fec8a82a.udd" 2819
"C:/Users/micha/OneDrive/Documents/Unreal Projects/RTD/Content/UI/Images/fonts/Marcellus-Regular_Font.uasset" 2820
"C:/Users/micha/OneDrive/Documents/Unreal Projects/RTD/Content/UI/Images/fonts/CinzelDecorative-Bold_Font.uasset" 2821
"C:/Users/micha/OneDrive/Documents/Unreal Projects/RTD/Content/Assets/Tiles/TileDataAsset.uasset" 2822
"C:/Users/micha/OneDrive/Documents/Unreal Projects/RTD/Content/UI/Images/fonts/CinzelDecorative-Black_Font.uasset" 2823
"../../../Engine/Plugins/Marketplace/HexGrids/Content/HexGrids/Blueprints/HexGrid_Save.uasset" 2824
"C:/Users/micha/OneDrive/Documents/Unreal Projects/RTD/Content/Assets/Towers/Base/tinker_group_0_7720667.uasset" 2825
"C:/Users/micha/OneDrive/Documents/Unreal Projects/RTD/Content/UI/Images/fonts/CinzelDecorative-Regular_Font.uasset" 2826
"C:/Users/micha/OneDrive/Documents/Unreal Projects/RTD/Content/Blueprints/Player/UI/PlayerHud.uasset" 2827
"C:/Users/micha/OneDrive/Documents/Unreal Projects/RTD/Content/Blueprints/Map/ETileType.uasset" 2828
"C:/Users/micha/OneDrive/Documents/Unreal Projects/RTD/Content/Blueprints/Building/Building.uasset" 2829
"C:/Users/micha/OneDrive/Documents/Unreal Projects/RTD/Content/Blueprints/Player/PlayerStateEnum.uasset" 2830
"C:/Users/micha/OneDrive/Documents/Unreal Projects/RTD/Content/Blueprints/Building/TowerTypes.uasset" 2831
"C:/Users/micha/OneDrive/Documents/Unreal Projects/RTD/Content/Blueprints/Mobs/HealthBar.uasset" 2832
"C:/Users/micha/AppData/Local/UnrealEngine/Common/DerivedDataCache/Buckets/LegacyTEXTURE/8f/c0/a6fba56908c26aa49b2e3728ba4d34abb8ac.udd" 2833
"C:/Users/micha/AppData/Local/UnrealEngine/Common/DerivedDataCache/Buckets/LegacyTEXTURE/4a/39/dff0ea3a31bd96a6491df182fa46b7401b6a.udd" 2834
"C:/Users/micha/AppData/Local/UnrealEngine/Common/DerivedDataCache/Buckets/LegacyTEXTURE/ad/ff/f29e79e6d716e6d92c8e8fc9a87c415839c0.udd" 2835
"C:/Users/micha/OneDrive/Documents/Unreal Projects/RTD/Content/Assets/Towers/Base/tinker_group_0_16089887.uasset" 2836
"C:/Users/micha/OneDrive/Documents/Unreal Projects/RTD/Content/Assets/Towers/color_7720667.uasset" 2837
"C:/Users/micha/OneDrive/Documents/Unreal Projects/RTD/Content/Assets/Towers/Base/tinker_group_0_14093196.uasset" 2838
"C:/Users/micha/OneDrive/Documents/Unreal Projects/RTD/Content/Assets/Towers/Base/BaseTowerMerged_Merge_E1842AC1.uasset" 2839
"C:/Users/micha/OneDrive/Documents/Unreal Projects/RTD/Content/Blueprints/Building/BP_Building_Turret.uasset" 2840
"C:/Users/micha/OneDrive/Documents/Unreal Projects/RTD/Content/Blueprints/Building/BP_Building_Wall.uasset" 2841
"C:/Users/micha/OneDrive/Documents/Unreal Projects/RTD/Content/Assets/Towers/color_14093196.uasset" 2842
"C:/Users/micha/OneDrive/Documents/Unreal Projects/RTD/Content/Assets/Towers/color_16089887.uasset" 2843
"C:/Users/micha/OneDrive/Documents/Unreal Projects/RTD/Content/_GENERATED/micha/Cylinder_B2D30C78.uasset" 2844
"C:/Users/micha/OneDrive/Documents/Unreal Projects/RTD/Content/Blueprints/Building/BP_Building_Home.uasset" 2845
"../../../Engine/Content/EditorMaterials/PreviewShadowIndicatorMaterial.uasset" 2846
"../../../Engine/Plugins/Marketplace/HexGrids/Content/HexGrids/Blueprints/AnimateComponents/StaticMeshDropTIleComponent.uasset" 2847
"../../../Engine/Plugins/Marketplace/HexGrids/Content/HexGrids/Blueprints/AnimateComponents/StaticMeshScaleTIleComponent.uasset" 2848
"../../../Engine/Plugins/Marketplace/HexGrids/Content/HexGrids/Blueprints/Libraries/HexMacroLibrary.uasset" 2849
"../../../Engine/Content/MobileResources/HUD/DefaultVirtualJoysticks.uasset" 2850
"../../../Engine/Plugins/Marketplace/HexGrids/Content/HexGrids/Materials/M_HexGhost.uasset" 2851
"../../../Engine/Content/EngineMaterials/PPM_DefaultCalibrationGrayscale.uasset" 2852
"C:/Users/micha/OneDrive/Documents/Unreal Projects/RTD/Content/Assets/Tiles/surface/HexTileGrass5.uasset" 2853
"../../../Engine/Content/EngineMaterials/PPM_DefaultCalibrationColor.uasset" 2854
"../../../Engine/Content/Functions/Engine_MaterialFunctions02/Gradients/SmoothCurve.uasset" 2855
"../../../Engine/Content/Functions/Engine_MaterialFunctions01/ImageAdjustment/CheapContrast.uasset" 2856
"C:/Users/micha/AppData/Local/UnrealEngine/Common/DerivedDataCache/Buckets/StaticMesh/c8/58/459eede206fc4425c4433d9fc123420d5e54.udd" 2857
"C:/Users/micha/OneDrive/Documents/Unreal Projects/RTD/Content/Assets/Tiles/materials/Selection.uasset" 2858
"C:/Users/micha/AppData/Local/UnrealEngine/Common/DerivedDataCache/Buckets/StaticMesh/af/b2/32cebd48801d824a0017e9ec056cd6343a47.udd" 2859
"C:/Users/micha/AppData/Local/UnrealEngine/Common/DerivedDataCache/Buckets/LegacyDIST/dc/ff/6e8ba2a27a0aa058584233b2ccdcb5f8bbc2.udd" 2860
"C:/Users/micha/AppData/Local/UnrealEngine/Common/DerivedDataCache/Buckets/LegacyCARD/8f/c9/1616c85272d2a2e61290cea6fe1ec6e1a1a3.udd" 2861
"C:/Users/micha/AppData/Local/UnrealEngine/Common/DerivedDataCache/Buckets/LegacyChaosGeometryData/4c/cd/78b0a97fe6ff4f1b74cd526aa33de0470dfd.udd" 2862
"C:/Users/micha/AppData/Local/UnrealEngine/Common/DerivedDataCache/Buckets/StaticMesh/69/b8/97fca614a1241ea0844427db493389206e9c.udd" 2863
"C:/Users/micha/AppData/Local/UnrealEngine/Common/DerivedDataCache/Buckets/StaticMesh/5f/4c/2b873a7c6e48a184e896dd6cd7e50df79f54.udd" 2864
"C:/Users/micha/AppData/Local/UnrealEngine/Common/DerivedDataCache/Buckets/LegacyDIST/b8/44/97dfc9357ea6c7f56ea5c9421b980180f942.udd" 2865
"../../../Engine/Plugins/Marketplace/HexGrids/Content/HexGrids/Materials/M_HexSelection.uasset" 2866
"C:/Users/micha/AppData/Local/UnrealEngine/Common/DerivedDataCache/Buckets/LegacyCARD/b8/b7/eb3060191e00610e395ccf0419c87ebf156b.udd" 2867
"C:/Users/micha/AppData/Local/UnrealEngine/Common/DerivedDataCache/Buckets/LegacyNavCollision/84/b9/7f698b1b1d9ef58576b10d619ffdc7a6f97a.udd" 2868
"C:/Users/micha/OneDrive/Documents/Unreal Projects/RTD/Content/Assets/Tiles/TileGrass.uasset" 2869
"C:/Users/micha/AppData/Local/UnrealEngine/Common/DerivedDataCache/Buckets/StaticMesh/2d/dd/023d0cea6b7ce89100ca601d5a8332f34e8c.udd" 2870
"C:/Users/micha/OneDrive/Documents/Unreal Projects/RTD/Content/Assets/PathSpline.uasset" 2871
"C:/Users/micha/AppData/Local/UnrealEngine/Common/DerivedDataCache/Buckets/LegacyDIST/c6/1f/0b6a757476f0e2bc481a955a1f55678a4e9d.udd" 2872
"C:/Users/micha/AppData/Local/UnrealEngine/Common/DerivedDataCache/Buckets/LegacyDIST/cc/da/7a60b45dde23e2c6a26ed22ffa21952c2d7c.udd" 2873
"C:/Users/micha/AppData/Local/UnrealEngine/Common/DerivedDataCache/Buckets/LegacyCARD/b3/68/1f6fbd8463f0ee9292723268fa51abf0829c.udd" 2874
"C:/Users/micha/AppData/Local/UnrealEngine/Common/DerivedDataCache/Buckets/LegacyDIST/91/00/b5d4c3d896670062cc56b29e42b3946bfae9.udd" 2875
"C:/Users/micha/AppData/Local/UnrealEngine/Common/DerivedDataCache/Buckets/LegacyCARD/2e/ad/8e9eaf192d0412eeb745a92e8b53352b64ff.udd" 2876
"C:/Users/micha/AppData/Local/UnrealEngine/Common/DerivedDataCache/Buckets/LegacyCARD/c5/45/4235321da326dc9970e91fa095f292af1f1c.udd" 2877
"C:/Users/micha/AppData/Local/UnrealEngine/Common/DerivedDataCache/Buckets/LegacyChaosGeometryData/33/83/3d62dd64081d43d5f4eea46d5b172f8e754f.udd" 2878
"C:/Users/micha/AppData/Local/UnrealEngine/Common/DerivedDataCache/Buckets/LegacyChaosGeometryData/de/be/409a7e3b45dfa5960ae0663125a61e77391e.udd" 2879
"C:/Users/micha/AppData/Local/UnrealEngine/Common/DerivedDataCache/Buckets/LegacyChaosGeometryData/f4/65/9a4fc131b673f9f796819da7a9a5a6a3929f.udd" 2880
"C:/Users/micha/AppData/Local/UnrealEngine/Common/DerivedDataCache/Buckets/LegacyNavCollision/7a/b3/0fa2aa2e66ca0d491c67c4151c5d130b7aae.udd" 2881
"C:/Users/micha/AppData/Local/UnrealEngine/Common/DerivedDataCache/Buckets/LegacyNavCollision/db/54/5695546184ecc75697014355ff180a66983a.udd" 2882
"C:/Users/micha/AppData/Local/UnrealEngine/Common/DerivedDataCache/Buckets/LegacyNavCollision/00/9a/582ebd20cab9e343b56c8dd16a3c961670dc.udd" 2883
"../../../../../../Users/micha/OneDrive/Documents/Unreal Projects/RTD/Content/Assets/Towers/Base/tinker_group_0_7720667.uasset" 2884
"../../../../../../Users/micha/OneDrive/Documents/Unreal Projects/RTD/Content/Assets/Towers/Base/tinker_group_0_16089887.uasset" 2885
"../../../../../../Users/micha/OneDrive/Documents/Unreal Projects/RTD/Content/Assets/Towers/Base/tinker_group_0_14093196.uasset" 2886
"../../../../../../Users/micha/OneDrive/Documents/Unreal Projects/RTD/Content/Assets/Towers/Base/BaseTowerMerged_Merge_E1842AC1.uasset" 2887
"../../../Engine/Content/EngineSky/M_Sky_Panning_Clouds2.uasset" 2888
"../../../Engine/Content/Tutorial/SubEditors/TutorialAssets/Character/Tutorial_Idle.uasset" 2889
"../../../Engine/Content/Tutorial/SubEditors/TutorialAssets/Character/Tutorial_Walk_Fwd.uasset" 2890
"../../../Engine/Plugins/Marketplace/HexGrids/Content/HexGrids/Blueprints/ExampleContent/PathfindingExample/Pathfinding_TPP.uasset" 2891
"../../../Engine/Plugins/Marketplace/HexGrids/Content/HexGrids/Materials/M_Hex_Ring.uasset" 2892
"../../../Engine/Content/TemplateResources/MI_Template_BaseOrange.uasset" 2893
"../../../Engine/Content/TemplateResources/MI_Template_BaseOrange_Metal.uasset" 2894
"../../../Engine/Plugins/Marketplace/HexGrids/Content/HexGrids/Materials/M_Hex.uasset" 2895
"C:/Users/micha/AppData/Local/UnrealEngine/Common/DerivedDataCache/Buckets/LegacyChaosGeometryData/50/5a/71b96f7e90232049f7a2f21e8c04de9614b4.udd" 2896
"C:/Users/micha/AppData/Local/UnrealEngine/Common/DerivedDataCache/Buckets/LegacyNavCollision/a3/2c/c4f04b537b133d1c305bc03e725f65f97de2.udd" 2897
"../../../Engine/Content/VREditor/LaserPointer/LaserPointerMaterialInst.uasset" 2898
"../../../Engine/Content/VREditor/BasicMeshes/M_Floor_01.uasset" 2899
"../../../Engine/Plugins/Marketplace/HexGrids/Content/ExampleContent/DemoRoom/Materials/M_DemoWall_Inst.uasset" 2900
"../../../Engine/Plugins/Enterprise/DatasmithContent/Content/Materials/FBXImporter/DeltaGenUVEdit.uasset" 2901
"../../../Engine/Content/Maps/Entry.umap" 2902
"C:/Users/micha/AppData/Local/UnrealEngine/Common/DerivedDataCache/Buckets/StaticMesh/52/b7/ce3e151ec1f4f06d912e4bc02c1cce3a871b.udd" 2903
"../../../Engine/Plugins/Animation/ControlRig/Content/Controls/ControlRig_Wedge_3mm.uasset" 2904
"../../../Engine/Plugins/Animation/ControlRig/Content/Controls/ControlRig_Wedge_1mm.uasset" 2905
"../../../Engine/Plugins/Animation/ControlRig/Content/Controls/ControlRig_Wedge_solid.uasset" 2906
"C:/Users/micha/AppData/Local/UnrealEngine/Common/DerivedDataCache/Buckets/LegacyDIST/cd/3d/e8041f45b8d608557340d5dd47387b926028.udd" 2907
"C:/Users/micha/AppData/Local/UnrealEngine/Common/DerivedDataCache/Buckets/LegacyCARD/2f/39/f06f158b9b50c08130213e17c06493b40535.udd" 2908
"C:/Users/micha/AppData/Local/UnrealEngine/Common/DerivedDataCache/Buckets/LegacyChaosGeometryData/82/db/96c96d276725a9548039fea3d8ddffd96755.udd" 2909
"C:/Users/micha/AppData/Local/UnrealEngine/Common/DerivedDataCache/Buckets/LegacyNavCollision/9d/fc/7675fce5d4cd8401e39216629022a1e1d2ef.udd" 2910
"../../../../../../Users/micha/OneDrive/Documents/Unreal Projects/RTD/Content/Assets/Tiles/TileGrass.uasset" 2911
"../../../../../../Users/micha/OneDrive/Documents/Unreal Projects/RTD/Content/Assets/Tiles/surface/HexTileGrass5.uasset" 2912
"../../../Engine/Plugins/Animation/ControlRig/Content/Controls/ControlRig_Triangle_solid.uasset" 2913
"../../../Engine/Plugins/Animation/ControlRig/Content/Controls/ControlRig_Triangle_3mm.uasset" 2914
"../../Plugins/Marketplace/HexGrids/Content/HexGrids/Blueprints/ExampleContent/PathfindingExample/Pathfinding_TPP.uasset" 2915
"../../../Engine/Plugins/Animation/ControlRig/Content/Controls/ControlRig_Triangle_1mm.uasset" 2916
"C:/Users/micha/AppData/Local/UnrealEngine/Common/DerivedDataCache/Buckets/LegacySKELETALMESH/a0/9e/ae0cb7ab0401f4cff2d90410777493877537.udd" 2917
"../../../Engine/Plugins/Animation/ControlRig/Content/Controls/ControlRig_Star4_3mm.uasset" 2918
"../../../Engine/Plugins/Animation/ControlRig/Content/Controls/ControlRig_Star4_solid.uasset" 2919
"../../../Engine/Plugins/Animation/ControlRig/Content/Controls/ControlRig_Square_solid.uasset" 2920
"../../../Engine/Plugins/Animation/ControlRig/Content/Controls/ControlRig_Star4_1mm.uasset" 2921
"../../../Engine/Plugins/Animation/ControlRig/Content/Controls/ControlRig_Square_1mm.uasset" 2922
"../../../Engine/Plugins/Animation/ControlRig/Content/Controls/ControlRig_Sphere_1mm.uasset" 2923
"../../../Engine/Plugins/Animation/ControlRig/Content/Controls/ControlRig_Square_3mm.uasset" 2924
"../../../Engine/Plugins/Animation/ControlRig/Content/Controls/ControlRig_Sphere_3mm.uasset" 2925
"../../../Engine/Plugins/Animation/ControlRig/Content/Controls/ControlRig_RoundedTriangle_solid.uasset" 2926
"../../../Engine/Plugins/Animation/ControlRig/Content/Controls/ControlRig_RoundedTriangle_3mm.uasset" 2927
"../../../Engine/Plugins/Animation/ControlRig/Content/Controls/ControlRig_RoundedTriangle_1mm.uasset" 2928
"../../Plugins/Animation/ControlRig/Content/Controls/ControlRig_Wedge_solid.uasset" 2929
"../../Plugins/Animation/ControlRig/Content/Controls/ControlRig_Wedge_3mm.uasset" 2930
"../../../Engine/Plugins/Animation/ControlRig/Content/Controls/ControlRig_RoundedSquare_solid.uasset" 2931
"../../../Engine/Plugins/Animation/ControlRig/Content/Controls/ControlRig_QuarterCircle_3mm.uasset" 2932
"../../../Engine/Plugins/Animation/ControlRig/Content/Controls/ControlRig_Octagon_1mm.uasset" 2933
"../../../Engine/Plugins/Animation/ControlRig/Content/Controls/ControlRig_Hexagon_solid.uasset" 2934
"../../../Engine/Plugins/Animation/ControlRig/Content/Controls/ControlRig_Hexagon_3mm.uasset" 2935
"../../../Engine/Plugins/Animation/ControlRig/Content/Controls/ControlRig_Hexagon_1mm.uasset" 2936
"../../../Engine/Plugins/Animation/ControlRig/Content/Controls/ControlRig_HalfCircle_solid.uasset" 2937
"../../Plugins/Animation/ControlRig/Content/Controls/ControlRig_Wedge_1mm.uasset" 2938
"../../../Engine/Plugins/Animation/ControlRig/Content/Controls/ControlRig_Pyramid_1mm.uasset" 2939
"../../../Engine/Plugins/Animation/ControlRig/Content/Controls/ControlRig_Octagon_solid.uasset" 2940
"../../Plugins/Animation/ControlRig/Content/Controls/ControlRig_Triangle_solid.uasset" 2941
"../../Plugins/Animation/ControlRig/Content/Controls/ControlRig_Triangle_3mm.uasset" 2942
"../../Plugins/Animation/ControlRig/Content/Controls/ControlRig_Triangle_1mm.uasset" 2943
"../../Plugins/Animation/ControlRig/Content/Controls/ControlRig_Star4_solid.uasset" 2944
"../../Plugins/Animation/ControlRig/Content/Controls/ControlRig_Star4_3mm.uasset" 2945
"../../Plugins/Animation/ControlRig/Content/Controls/ControlRig_Star4_1mm.uasset" 2946
"../../../Engine/Plugins/Animation/ControlRig/Content/Controls/ControlRig_RoundedSquare_1mm.uasset" 2947
"../../Plugins/Animation/ControlRig/Content/Controls/ControlRig_Square_solid.uasset" 2948
"../../../Engine/Plugins/Animation/ControlRig/Content/Controls/ControlRig_RoundedSquare_3mm.uasset" 2949
"../../Plugins/Animation/ControlRig/Content/Controls/ControlRig_Square_3mm.uasset" 2950
"../../../Engine/Plugins/Animation/ControlRig/Content/Controls/ControlRig_QuarterCircle_1mm.uasset" 2951
"../../Plugins/Animation/ControlRig/Content/Controls/ControlRig_Square_1mm.uasset" 2952
"../../Plugins/Animation/ControlRig/Content/Controls/ControlRig_Sphere_3mm.uasset" 2953
"../../Plugins/Animation/ControlRig/Content/Controls/ControlRig_Sphere_1mm.uasset" 2954
"../../Plugins/Animation/ControlRig/Content/Controls/ControlRig_RoundedTriangle_solid.uasset" 2955
"../../Plugins/Animation/ControlRig/Content/Controls/ControlRig_RoundedTriangle_3mm.uasset" 2956
"../../Plugins/Animation/ControlRig/Content/Controls/ControlRig_RoundedTriangle_1mm.uasset" 2957
"../../Plugins/Animation/ControlRig/Content/Controls/ControlRig_RoundedSquare_solid.uasset" 2958
"../../../Engine/Plugins/Animation/ControlRig/Content/Controls/ControlRig_Pyramid_solid.uasset" 2959
"../../../Engine/Plugins/Animation/ControlRig/Content/Controls/ControlRig_Pyramid_3mm.uasset" 2960
"../../../Engine/Plugins/Animation/ControlRig/Content/Controls/ControlRig_Octagon_3mm.uasset" 2961
"../../../Engine/Plugins/Animation/ControlRig/Content/Controls/ControlRig_HalfCircle_3mm.uasset" 2962
"../../../Engine/Plugins/Animation/ControlRig/Content/Controls/ControlRig_HalfCircle_1mm.uasset" 2963
"../../../Engine/Plugins/Animation/ControlRig/Content/Controls/ControlRig_Diamond_solid.uasset" 2964
"../../Plugins/Animation/ControlRig/Content/Controls/ControlRig_RoundedSquare_3mm.uasset" 2965
"../../Plugins/Animation/ControlRig/Content/Controls/ControlRig_RoundedSquare_1mm.uasset" 2966
"../../../Engine/Plugins/Animation/ControlRig/Content/Controls/ControlRig_QuarterCircle_solid.uasset" 2967
"../../../Engine/Plugins/Animation/ControlRig/Content/Controls/ControlRig_Diamond_3mm.uasset" 2968
"../../../Engine/Plugins/Animation/ControlRig/Content/Controls/ControlRig_Diamond_1mm.uasset" 2969
"../../../Engine/Plugins/Animation/ControlRig/Content/Controls/ControlRig_Circle_solid.uasset" 2970
"../../../Engine/Plugins/Animation/ControlRig/Content/Controls/ControlRig_Circle_3mm.uasset" 2971
"../../../Engine/Plugins/Animation/ControlRig/Content/Controls/ControlRig_Circle_1mm.uasset" 2972
"../../../Engine/Plugins/Animation/ControlRig/Content/Controls/ControlRig_Box_solid.uasset" 2973
"../../../Engine/Plugins/Animation/ControlRig/Content/Controls/ControlRig_Box_3mm.uasset" 2974
"../../../Engine/Plugins/Animation/ControlRig/Content/Controls/ControlRig_Box_1mm.uasset" 2975
"../../../Engine/Plugins/Animation/ControlRig/Content/Controls/ControlRig_Arrow_solid.uasset" 2976
"../../../Engine/Plugins/Animation/ControlRig/Content/Controls/ControlRig_Arrow_3mm.uasset" 2977
"../../../Engine/Plugins/Animation/ControlRig/Content/Controls/ControlRig_Arrow_1mm.uasset" 2978
"../../../Engine/Plugins/Animation/ControlRig/Content/Controls/ControlRig_Arrow4_solid.uasset" 2979
"../../../Engine/Plugins/Animation/ControlRig/Content/Controls/ControlRig_Arrow4_3mm.uasset" 2980
"../../../Engine/Plugins/Animation/ControlRig/Content/Controls/ControlRig_Arrow4_1mm.uasset" 2981
"../../../Engine/Plugins/Animation/ControlRig/Content/Controls/ControlRig_Arrow2_solid.uasset" 2982
"../../Plugins/Animation/ControlRig/Content/Controls/ControlRig_QuarterCircle_solid.uasset" 2983
"../../Plugins/Animation/ControlRig/Content/Controls/ControlRig_QuarterCircle_3mm.uasset" 2984
"../../Plugins/Animation/ControlRig/Content/Controls/ControlRig_QuarterCircle_1mm.uasset" 2985
"../../Plugins/Animation/ControlRig/Content/Controls/ControlRig_Pyramid_solid.uasset" 2986
"../../Plugins/Animation/ControlRig/Content/Controls/ControlRig_Pyramid_3mm.uasset" 2987
"../../Plugins/Animation/ControlRig/Content/Controls/ControlRig_Pyramid_1mm.uasset" 2988
"../../Plugins/Animation/ControlRig/Content/Controls/ControlRig_Octagon_solid.uasset" 2989
"../../Plugins/Animation/ControlRig/Content/Controls/ControlRig_Octagon_3mm.uasset" 2990
"../../Plugins/Animation/ControlRig/Content/Controls/ControlRig_Octagon_1mm.uasset" 2991
"../../Plugins/Animation/ControlRig/Content/Controls/ControlRig_Hexagon_solid.uasset" 2992
"../../Plugins/Animation/ControlRig/Content/Controls/ControlRig_Hexagon_3mm.uasset" 2993
"../../Plugins/Animation/ControlRig/Content/Controls/ControlRig_Hexagon_1mm.uasset" 2994
"../../Plugins/Animation/ControlRig/Content/Controls/ControlRig_HalfCircle_solid.uasset" 2995
"../../Plugins/Animation/ControlRig/Content/Controls/ControlRig_HalfCircle_3mm.uasset" 2996
"../../Plugins/Animation/ControlRig/Content/Controls/ControlRig_HalfCircle_1mm.uasset" 2997
"../../Plugins/Animation/ControlRig/Content/Controls/ControlRig_Diamond_solid.uasset" 2998
"../../../Engine/Plugins/Animation/ControlRig/Content/Controls/ControlRig_Arrow2_3mm.uasset" 2999
"../../../Engine/Plugins/Animation/ControlRig/Content/Controls/ControlRig_Arrow2_1mm.uasset" 3000
"C:/Users/micha/OneDrive/Documents/Unreal Projects/RTD/Content/Assets/SplinePlane2.uasset" 3001
"../../../Engine/Content/VREditor/LaserPointer/CursorPointer.uasset" 3002
"C:/Users/micha/OneDrive/Documents/Unreal Projects/RTD/Content/UI/Styles/CUI_TextStyle_Minor.uasset" 3003
"C:/Users/micha/OneDrive/Documents/Unreal Projects/RTD/Content/UI/Styles/CUI_TextStyle_Selected.uasset" 3004
"C:/Users/micha/OneDrive/Documents/Unreal Projects/RTD/Content/UI/Styles/CUI_TextStyle_Hovered.uasset" 3005
"C:/Users/micha/OneDrive/Documents/Unreal Projects/RTD/Content/UI/Styles/CUI_TextStyle_Normal.uasset" 3006
"../../Plugins/Animation/ControlRig/Content/Controls/ControlRig_Diamond_3mm.uasset" 3007
"../../Plugins/Animation/ControlRig/Content/Controls/ControlRig_Diamond_1mm.uasset" 3008
"C:/Users/micha/OneDrive/Documents/Unreal Projects/RTD/Content/Assets/Towers/tinker_group_0_7720667.uasset" 3009
"../../Plugins/Animation/ControlRig/Content/Controls/ControlRig_Circle_solid.uasset" 3010
"../../Plugins/Animation/ControlRig/Content/Controls/ControlRig_Circle_3mm.uasset" 3011
"../../Plugins/Animation/ControlRig/Content/Controls/ControlRig_Circle_1mm.uasset" 3012
"../../Plugins/Animation/ControlRig/Content/Controls/ControlRig_Box_solid.uasset" 3013
"../../Plugins/Animation/ControlRig/Content/Controls/ControlRig_Box_3mm.uasset" 3014
"C:/Users/micha/OneDrive/Documents/Unreal Projects/RTD/Content/Assets/Towers/Base/BaseTowerMerged_B5C08979.uasset" 3015
"C:/Users/micha/OneDrive/Documents/Unreal Projects/RTD/Content/Assets/Towers/tinker_group_0_14093196.uasset" 3016
"C:/Users/micha/OneDrive/Documents/Unreal Projects/RTD/Content/Assets/Towers/tinker_group_0_16089887.uasset" 3017
"C:/Users/micha/OneDrive/Documents/Unreal Projects/RTD/Content/Blueprints/Building/Turret.uasset" 3018
"../../Plugins/Animation/ControlRig/Content/Controls/ControlRig_Box_1mm.uasset" 3019
"../../Plugins/Animation/ControlRig/Content/Controls/ControlRig_Arrow_solid.uasset" 3020
"../../Plugins/Animation/ControlRig/Content/Controls/ControlRig_Arrow_3mm.uasset" 3021
"../../Plugins/Animation/ControlRig/Content/Controls/ControlRig_Arrow_1mm.uasset" 3022
"../../Plugins/Animation/ControlRig/Content/Controls/ControlRig_Arrow4_solid.uasset" 3023
"../../../Engine/Plugins/Animation/ControlRig/Content/Controls/ControlRig_Sphere_solid.uasset" 3024
"../../Plugins/Animation/ControlRig/Content/Controls/ControlRig_Arrow4_3mm.uasset" 3025
"../../Plugins/Animation/ControlRig/Content/Controls/ControlRig_Arrow4_1mm.uasset" 3026
"../../Plugins/Animation/ControlRig/Content/Controls/ControlRig_Arrow2_solid.uasset" 3027
"../../Plugins/Animation/ControlRig/Content/Controls/ControlRig_Arrow2_3mm.uasset" 3028
"C:/Users/micha/OneDrive/Documents/Unreal Projects/RTD/Content/Assets/SplinePlane.uasset" 3029
"C:/Users/micha/OneDrive/Documents/Unreal Projects/RTD/Content/Blueprints/Player/PlayerHud.uasset" 3030
"C:/Users/micha/OneDrive/Documents/Unreal Projects/RTD/Content/Assets/Towers/RangeSpline.uasset" 3031
"C:/Users/micha/OneDrive/Documents/Unreal Projects/RTD/Content/Assets/Tiles/materials/SelectionInvalid.uasset" 3032
"../../../Engine/Content/EngineSky/SM_SkySphere.uasset" 3033
"../../../Engine/Content/Tutorial/SubEditors/TutorialAssets/Character/NewBlendSpace1D.uasset" 3034
"../../Plugins/Animation/ControlRig/Content/Controls/ControlRig_Arrow2_1mm.uasset" 3035
"C:/Users/micha/OneDrive/Documents/Unreal Projects/RTD/Content/Assets/TileGrass.uasset" 3036
"C:/Users/micha/AppData/Local/UnrealEngine/Common/DerivedDataCache/Buckets/StaticMesh/ec/6e/d565cfa920004f52bc7877b33575a75243b1.udd" 3037
"C:/Users/micha/AppData/Local/UnrealEngine/Common/DerivedDataCache/Buckets/LegacyDIST/97/df/913dac08dd22e866b68b2af94e9871695944.udd" 3038
"C:/Users/micha/AppData/Local/UnrealEngine/Common/DerivedDataCache/Buckets/LegacyCARD/f7/cb/83c3f6058e520de4c7ce942bb65be0673328.udd" 3039
"C:/Users/micha/AppData/Local/UnrealEngine/Common/DerivedDataCache/Buckets/LegacyChaosGeometryData/fb/11/bdfc988bfa1ec7c5b3c10437c376021c5b50.udd" 3040
"C:/Users/micha/AppData/Local/UnrealEngine/Common/DerivedDataCache/Buckets/LegacyNavCollision/0d/c0/4f574311c7af74f6f1d1618d5420c9c1cc78.udd" 3041
"../../Plugins/Animation/ControlRig/Content/Controls/ControlRig_Sphere_solid.uasset" 3042
"C:/Users/micha/AppData/Local/UnrealEngine/Common/DerivedDataCache/Buckets/LegacyDIST/a1/bd/c979c7dd27f2be4495abe8172951801c73ac.udd" 3043
"C:/Users/micha/AppData/Local/UnrealEngine/Common/DerivedDataCache/Buckets/LegacyCARD/f8/c5/9ed7debc0b032a35847e829642756995c947.udd" 3044
"C:/Users/micha/OneDrive/Documents/Unreal Projects/RTD/Content/Assets/Tiles/TileValid.uasset" 3045
"../../../../../../Users/micha/OneDrive/Documents/Unreal Projects/RTD/Content/Assets/SplinePlane2.uasset" 3046
"C:/Users/micha/OneDrive/Documents/Unreal Projects/RTD/Content/Blueprints/Building/Wall.uasset" 3047
"C:/Users/micha/OneDrive/Documents/Unreal Projects/RTD/Content/Blueprints/Building/Base.uasset" 3048
"../../../Engine/Content/Functions/Engine_MaterialFunctions02/Texturing/HeightLerpWithTwoHeightMaps.uasset" 3049
"../../../Engine/Content/Functions/Engine_MaterialFunctions02/WorldAlignedNormals_HighQuality.uasset" 3050
"C:/Users/micha/AppData/Local/UnrealEngine/Common/DerivedDataCache/Buckets/StaticMesh/56/0d/f5a32a0c82fa9ee5660e7a4c007f1cda5e6e.udd" 3051
"C:/Users/micha/AppData/Local/UnrealEngine/Common/DerivedDataCache/Buckets/LegacyDIST/c1/36/9d2fa4eeb57340ab98c1683e99d6ec7187d0.udd" 3052
"C:/Users/micha/AppData/Local/UnrealEngine/Common/DerivedDataCache/Buckets/LegacyCARD/4e/77/8a7a4255f367c6ec31f047ca2a3a2719e3dd.udd" 3053
"C:/Users/micha/AppData/Local/UnrealEngine/Common/DerivedDataCache/Buckets/LegacyChaosGeometryData/68/fd/b264267c0c2c3b0bc640e30afabd04e9950a.udd" 3054
"C:/Users/micha/AppData/Local/UnrealEngine/Common/DerivedDataCache/Buckets/LegacyNavCollision/81/2e/094b3e257e5e5c15fb33cec0a327da7e008b.udd" 3055
"../../../../../../Users/micha/OneDrive/Documents/Unreal Projects/RTD/Content/Assets/SplinePlane.uasset" 3056
"../../../Engine/Plugins/Marketplace/HexGrids/Content/HexGrids/Meshes/SelectionTile_Smooth.uasset" 3057
"C:/Users/micha/OneDrive/Documents/Unreal Projects/RTD/Content/Assets/Tiles/HexTileBase.uasset" 3058
"../../../Engine/Plugins/Marketplace/HexGrids/Content/HexGrids/Meshes/HexTile_Basic.uasset" 3059
"../../../Engine/Plugins/Marketplace/HexGrids/Content/HexGrids/Materials/M_Hex_Alt.uasset" 3060
"../../../Engine/Content/VREditor/LaserPointer/TranslucentLaserPointerMaterialInst.uasset" 3061
"C:/Users/micha/OneDrive/Documents/Unreal Projects/RTD/Content/UI/Styles/CUI_TabButtonStyle.uasset" 3062
"C:/Users/micha/OneDrive/Documents/Unreal Projects/RTD/Content/UI/Styles/CUI_ItemButtonStyle.uasset" 3063
"../../../Engine/Content/VREditor/BasicMeshes/MI_Pyramid_01.uasset" 3064
"../../../../../../Users/micha/OneDrive/Documents/Unreal Projects/RTD/Content/Assets/Tiles/TileValid.uasset" 3065
"C:/Users/micha/AppData/Local/UnrealEngine/Common/DerivedDataCache/Buckets/StaticMesh/b0/87/d9146003f768e184e5c9032bd78c1d4e14e6.udd" 3066
"C:/Users/micha/AppData/Local/UnrealEngine/Common/DerivedDataCache/Buckets/LegacyDIST/27/c2/a5941aa363dc8b3c362f2965bdc5e45a0c69.udd" 3067
"C:/Users/micha/AppData/Local/UnrealEngine/Common/DerivedDataCache/Buckets/LegacyCARD/90/f3/56ed4506e467eed9ca6ca793aeeb0ba8998b.udd" 3068
"C:/Users/micha/AppData/Local/UnrealEngine/Common/DerivedDataCache/Buckets/LegacyChaosGeometryData/84/06/3487b06f98771770aac9c2f3739244efcead.udd" 3069
"C:/Users/micha/AppData/Local/UnrealEngine/Common/DerivedDataCache/Buckets/LegacyNavCollision/8d/68/67f04410c8899224fe529d39ecfa36d5bc1c.udd" 3070
"C:/Users/micha/OneDrive/Documents/Unreal Projects/RTD/Content/Assets/SplinePlaneBig.uasset" 3071
"C:/Users/micha/OneDrive/Documents/Unreal Projects/RTD/Content/Assets/tinker_group_0_16089887.uasset" 3072
"C:/Users/micha/OneDrive/Documents/Unreal Projects/RTD/Content/Assets/tinker_group_0_7720667.uasset" 3073
"C:/Users/micha/OneDrive/Documents/Unreal Projects/RTD/Content/Assets/Tiles/TileGate.uasset" 3074
"C:/Users/micha/OneDrive/Documents/Unreal Projects/RTD/Content/Assets/Tiles/TilePat.uasset" 3075
"../../../Engine/Content/VREditor/BasicMeshes/MI_Floor_01.uasset" 3076
"../../../Engine/Plugins/Marketplace/HexGrids/Content/ExampleContent/DemoRoom/Materials/M_DemoWall_Inst_3.uasset" 3077
"../../../Engine/Plugins/Enterprise/DatasmithContent/Content/Materials/FBXImporter/DeltaGenBase.uasset" 3078
"../../Plugins/Marketplace/HexGrids/Content/HexGrids/Meshes/SelectionTile_Smooth.uasset" 3079
"C:/Users/micha/AppData/Local/UnrealEngine/Common/DerivedDataCache/Buckets/LegacyChaosGeometryData/74/0e/6d7090d933f0c9202ba18e6eb1c34b9e7590.udd" 3080
"../../../../../../Users/micha/OneDrive/Documents/Unreal Projects/RTD/Content/Assets/Tiles/TilePat.uasset" 3081
"../../../../../../Users/micha/OneDrive/Documents/Unreal Projects/RTD/Content/Assets/Tiles/TileGate.uasset" 3082
"../../../Engine/Content/EngineSky/BP_Sky_Sphere.uasset" 3083
"../../../../../../Users/micha/OneDrive/Documents/Unreal Projects/RTD/Content/Assets/Tiles/HexTileBase.uasset" 3084
"C:/Users/micha/OneDrive/Documents/Unreal Projects/RTD/Content/Assets/Grass.uasset" 3085
"C:/Users/micha/OneDrive/Documents/Unreal Projects/RTD/Content/Assets/tinker_group_0_14093196.uasset" 3086
"C:/Users/micha/OneDrive/Documents/Unreal Projects/RTD/Content/Assets/Tiles/surface/HexTileBase5.uasset" 3087
"C:/Users/micha/OneDrive/Documents/Unreal Projects/RTD/Content/Assets/Tiles/ground/GroundHexGrass.uasset" 3088
"C:/Users/micha/OneDrive/Documents/Unreal Projects/RTD/Content/Assets/TileGate.uasset" 3089
"C:/Users/micha/OneDrive/Documents/Unreal Projects/RTD/Content/UI/CUI_CTab.uasset" 3090
"C:/Users/micha/OneDrive/Documents/Unreal Projects/RTD/Content/UI/UPSellButton.uasset" 3091
"C:/Users/micha/AppData/Local/UnrealEngine/Common/DerivedDataCache/Buckets/LegacyMESHDATAKEY/56/36/b0c1259bda1df9f4a10dc71f5d8ca98a8b87.udd" 3092
"C:/Users/micha/AppData/Local/UnrealEngine/Common/DerivedDataCache/Buckets/StaticMesh/36/f8/bf3b5a553ce0e660e3b5a95ca5cfe4d14dfc.udd" 3093
"C:/Users/micha/AppData/Local/UnrealEngine/Common/DerivedDataCache/Buckets/LegacyDIST/87/e9/041c61829f207d50d61d21d36becc5fb6739.udd" 3094
"C:/Users/micha/AppData/Local/UnrealEngine/Common/DerivedDataCache/Buckets/LegacyCARD/26/fd/4ec91e1010aae829a3ceaa702de7a0597510.udd" 3095
"C:/Users/micha/AppData/Local/UnrealEngine/Common/DerivedDataCache/Buckets/LegacyChaosGeometryData/e6/ae/26d6192218c5703b7fd6e2a4ced2c5757096.udd" 3096
"C:/Users/micha/AppData/Local/UnrealEngine/Common/DerivedDataCache/Buckets/LegacyNavCollision/78/56/b88ea86fc431a97a08d8c68c66c2407d1330.udd" 3097
"C:/Users/micha/OneDrive/Documents/Unreal Projects/RTD/Content/Assets/Tiles/surface/HexTileWall5.uasset" 3098
"C:/Users/micha/OneDrive/Documents/Unreal Projects/RTD/Content/Assets/TilePat.uasset" 3099
"C:/Users/micha/OneDrive/Documents/Unreal Projects/RTD/Content/Assets/Tiles/TilePortal.uasset" 3100
"C:/Users/micha/AppData/Local/UnrealEngine/Common/DerivedDataCache/Buckets/LegacyChaosGeometryData/ba/0e/22b4953e064c4f2c7b0906482f329a4052bf.udd" 3101
"C:/Users/micha/AppData/Local/UnrealEngine/Common/DerivedDataCache/Buckets/LegacyChaosGeometryData/9c/eb/f974c8483db791abea5cf31f966ab32609bf.udd" 3102
"../../../Engine/Content/Functions/Engine_MaterialFunctions02/Texturing/WorldAlignedTextures_Complex.uasset" 3103
"C:/Users/micha/OneDrive/Documents/Unreal Projects/RTD/Content/Assets/Tiles/TileTower.uasset" 3104
"../../Plugins/Marketplace/HexGrids/Content/HexGrids/Meshes/HexTile_Basic.uasset" 3105
"C:/Users/micha/AppData/Local/UnrealEngine/Common/DerivedDataCache/Buckets/LegacyCARD/e3/79/35b7f017ee56739356ec08d93bf208a48f65.udd" 3106
"C:/Users/micha/AppData/Local/UnrealEngine/Common/DerivedDataCache/Buckets/LegacyDIST/a0/50/f259e219db0686c5bd0259e036162d80f0f7.udd" 3107
"C:/Users/micha/OneDrive/Documents/Unreal Projects/RTD/Content/Blueprints/MySkySphere.uasset" 3108
"C:/Users/micha/OneDrive/Documents/Unreal Projects/RTD/Content/Assets/TilePortal.uasset" 3109
"C:/Users/micha/OneDrive/Documents/Unreal Projects/RTD/Content/Assets/TilePath.uasset" 3110
"../../../Engine/Plugins/Enterprise/DatasmithContent/Content/Materials/FBXImporter/DeltaGenMasterClearCoat.uasset" 3111
"C:/Users/micha/OneDrive/Documents/Unreal Projects/RTD/Content/Assets/TileTower.uasset" 3112
"C:/Users/micha/OneDrive/Documents/Unreal Projects/RTD/Content/TilePath.uasset" 3113
"../../../Engine/Content/EngineSounds/Submixes/MasterEQSubmixDefault.uasset" 3114
"C:/Users/micha/AppData/Local/UnrealEngine/Common/DerivedDataCache/Buckets/LegacyChaosGeometryData/29/14/22eb52895cfc5166259f0d9ecd8462f030dd.udd" 3115
"C:/Users/micha/AppData/Local/UnrealEngine/Common/DerivedDataCache/Buckets/LegacyNavCollision/7e/53/d549d7bcff41cd94692596d2bbecb59d745e.udd" 3116
"../../../Engine/Content/EngineSounds/Submixes/MasterReverbSubmixDefault.uasset" 3117
"../../../Engine/Content/EngineSounds/Submixes/MasterSubmixDefault.uasset" 3118
"../../../../../../Users/micha/OneDrive/Documents/Unreal Projects/RTD/Content/Assets/Tiles/TilePortal.uasset" 3119
"C:/Users/micha/OneDrive/Documents/Unreal Projects/RTD/Content/Blueprints/Mobs/ABP_Enemy_Walking.uasset" 3120
"C:/Users/micha/OneDrive/Documents/Unreal Projects/RTD/Content/Assets/TileWall.uasset" 3121
"C:/Users/micha/OneDrive/Documents/Unreal Projects/RTD/Content/Assets/Tiles/TileWall.uasset" 3122
"C:/Users/micha/OneDrive/Documents/Unreal Projects/RTD/Content/Assets/Tile.uasset" 3123
"C:/Users/micha/OneDrive/Documents/Unreal Projects/RTD/Content/Blueprints/Mobs/BP_Enemy_Base_01.uasset" 3124
"C:/Users/micha/AppData/Local/UnrealEngine/Common/DerivedDataCache/Buckets/StaticMesh/07/10/d5bcfa1613a6acfca9d71326bdf3a03e51fb.udd" 3125
"../../../../../../Users/micha/OneDrive/Documents/Unreal Projects/RTD/Content/Assets/Tiles/ground/GroundHexGrass.uasset" 3126
"../../../../../../Users/micha/OneDrive/Documents/Unreal Projects/RTD/Content/Assets/Tiles/surface/HexTileBase5.uasset" 3127
"C:/Users/micha/OneDrive/Documents/Unreal Projects/RTD/Content/Tile.uasset" 3128
"C:/Users/micha/AppData/Local/UnrealEngine/Common/DerivedDataCache/Buckets/LegacyDIST/e0/da/00265b42a22ee0a5f15d3a40c10d9db927b1.udd" 3129
"C:/Users/micha/AppData/Local/UnrealEngine/Common/DerivedDataCache/Buckets/LegacyDIST/b6/4c/a1264860679121a4f8ec1dfd75394780a858.udd" 3130
"C:/Users/micha/OneDrive/Documents/Unreal Projects/RTD/Content/Blueprints/Mobs/TD_enemy_base.uasset" 3131
"C:/Users/micha/AppData/Local/UnrealEngine/Common/DerivedDataCache/Buckets/LegacyChaosGeometryData/fa/15/a896756c4603a81c7743546b5a3ba4caed34.udd" 3132
"C:/Users/micha/AppData/Local/UnrealEngine/Common/DerivedDataCache/Buckets/LegacyCARD/16/0f/86cbfc4b36d1ab96e0884f7fe5477b588437.udd" 3133
"C:/Users/micha/AppData/Local/UnrealEngine/Common/DerivedDataCache/Buckets/LegacyCARD/75/ac/feaf1344c8cb9a2e92bab4a4acac9fd568af.udd" 3134
"C:/Users/micha/AppData/Local/UnrealEngine/Common/DerivedDataCache/Buckets/LegacyChaosGeometryData/7b/60/454a44d76b117126658446a97e0f9822354a.udd" 3135
"C:/Users/micha/AppData/Local/UnrealEngine/Common/DerivedDataCache/Buckets/LegacyChaosGeometryData/fd/8f/236e38360375ac00e31ddf35b485fee64ec0.udd" 3136
"C:/Users/micha/AppData/Local/UnrealEngine/Common/DerivedDataCache/Buckets/LegacyNavCollision/c1/0d/ddbb5578b7cd6137af9d4f66b62f88a9aa14.udd" 3137
"../../../../../../Users/micha/OneDrive/Documents/Unreal Projects/RTD/Content/Assets/Tiles/surface/HexTileWall5.uasset" 3138
"C:/Users/micha/AppData/Local/UnrealEngine/Common/DerivedDataCache/Buckets/LegacyNavCollision/88/e6/e5afcd963b3e920e3b553c49fa1d3609f276.udd" 3139
"../../../../../../Users/micha/OneDrive/Documents/Unreal Projects/RTD/Content/Assets/Tiles/TileTower.uasset" 3140
"C:/Users/micha/AppData/Local/UnrealEngine/Common/DerivedDataCache/Buckets/LegacyChaosGeometryData/84/26/cc1ea8171e3e91416fed9443a0cba13858c0.udd" 3141
"C:/Users/micha/OneDrive/Documents/Unreal Projects/RTD/Content/Blueprints/Mobs/BP_Path_Node.uasset" 3142
"C:/Users/micha/OneDrive/Documents/Unreal Projects/RTD/Content/Blueprints/Mobs/PathfindingNode.uasset" 3143
"C:/Users/micha/OneDrive/Documents/Unreal Projects/RTD/Content/Blueprints/Mobs/BP_Path_End.uasset" 3144
"C:/Users/micha/OneDrive/Documents/Unreal Projects/RTD/Content/Blueprints/Mobs/BP_Path_Start.uasset" 3145
"C:/Users/micha/OneDrive/Documents/Unreal Projects/RTD/Content/Blueprints/Building/Tower/BaseTower/BP_TowerData_Basic.uasset" 3146
"C:/Users/micha/OneDrive/Documents/Unreal Projects/RTD/Content/UI/CUI_TTile.uasset" 3147
"C:/Users/micha/OneDrive/Documents/Unreal Projects/RTD/Content/Blueprints/Mobs/PlayerBase.uasset" 3148
"C:/Users/micha/OneDrive/Documents/Unreal Projects/RTD/Content/Blueprints/Mobs/BP_WaveDirector.uasset" 3149
"C:/Users/micha/OneDrive/Documents/Unreal Projects/RTD/Content/Blueprints/Mobs/Spawner.uasset" 3150
"../../../../../../Users/micha/OneDrive/Documents/Unreal Projects/RTD/Content/Blueprints/Map/BP_MacroHexHandler.uasset" 3151
"C:/Users/micha/AppData/Local/UnrealEngine/Common/DerivedDataCache/Buckets/StaticMesh/b6/a4/1723752b009c90dd6a593e488edf9e48ba87.udd" 3152
"C:/Users/micha/OneDrive/Documents/Unreal Projects/RTD/Content/Blueprints/Building/Tower/BaseTowerData.uasset" 3153
"C:/Users/micha/OneDrive/Documents/Unreal Projects/RTD/Content/Blueprints/Mobs/WaveHandler.uasset" 3154
"C:/Users/micha/OneDrive/Documents/Unreal Projects/RTD/Content/Blueprints/Building/Tower/BaseTower/BaseTowerData.uasset" 3155
"C:/Users/micha/AppData/Local/UnrealEngine/Common/DerivedDataCache/Buckets/LegacyDIST/5b/8d/0b845e3c2b78e875648ba8c9c45c60cf7e33.udd" 3156
"../../../../../../Users/micha/OneDrive/Documents/Unreal Projects/RTD/Content/Blueprints/Building/Tower/BaseTower/BP_TowerData_Basic.uasset" 3157
"../../../../../../Users/micha/OneDrive/Documents/Unreal Projects/RTD/Content/Blueprints/Building/Tower/BaseTower/BP_Tower_Basic.uasset" 3158
"C:/Users/micha/AppData/Local/UnrealEngine/Common/DerivedDataCache/Buckets/LegacyCARD/7a/1f/d33239c3902a7e7453df875e3a4d9b72108f.udd" 3159
"C:/Users/micha/OneDrive/Documents/Unreal Projects/RTD/Content/Blueprints/Mobs/WaveDirector.uasset" 3160
"C:/Users/micha/AppData/Local/UnrealEngine/Common/DerivedDataCache/Buckets/LegacyChaosGeometryData/20/66/6d5461b9e897b01a13551d6650e620dc9a6b.udd" 3161
"../../../../../../Users/micha/OneDrive/Documents/Unreal Projects/RTD/Content/Blueprints/Item/BP_Item_Basic.uasset" 3162
"C:/Users/micha/AppData/Local/UnrealEngine/Common/DerivedDataCache/Buckets/LegacyNavCollision/3b/72/97daa14ff1a1ab244b3ec040d10ab1e5baae.udd" 3163
"../../../../../../Users/micha/OneDrive/Documents/Unreal Projects/RTD/Content/Blueprints/GM/BP_GS_TowerDefense.uasset" 3164
"../../../../../../Users/micha/OneDrive/Documents/Unreal Projects/RTD/Content/Blueprints/Map/BP_ScoutAreaButton.uasset" 3165
"../../../../../../Users/micha/OneDrive/Documents/Unreal Projects/RTD/Content/UI/ScoutButton.uasset" 3166
"../../../../../../Users/micha/OneDrive/Documents/Unreal Projects/RTD/Content/Blueprints/Scout/WBP_Scout.uasset" 3167
"../../../../../../Users/micha/OneDrive/Documents/Unreal Projects/RTD/Content/Blueprints/Mobs/BP_WaveDirector.uasset" 3168
"../../../../../../Users/micha/OneDrive/Documents/Unreal Projects/RTD/Content/Blueprints/Map/BP_TowerPlacer.uasset" 3169
"../../../../../../Users/micha/OneDrive/Documents/Unreal Projects/RTD/Content/Blueprints/Mobs/BP_Path_Start.uasset" 3170
"C:/Users/micha/AppData/Local/Temp/UnrealShaderWorkingDir/542B812C46B9E6D97DDC3B8055603431/7/WorkerOutputOnly.out" 3171
"C:/Users/micha/OneDrive/Documents/Unreal Projects/RTD/Content/Blueprints/Building/Tower/BaseTowerAoe/BP_Tower_AOE.uasset" 3172
"../../../../../../Users/micha/OneDrive/Documents/Unreal Projects/RTD/Content/Assets/Tiles/TileWall.uasset" 3173
"C:/Users/micha/OneDrive/Documents/Unreal Projects/RTD/Content/Blueprints/GM/TowerDefenseState.uasset" 3174
"C:/Users/micha/OneDrive/Documents/Unreal Projects/RTD/Content/Blueprints/Building/Tower/BaseTower/BaseTower.uasset" 3175
"C:/Users/micha/OneDrive/Documents/Unreal Projects/RTD/Content/Blueprints/Building/Projectiles/BP_Projectile_Basic.uasset" 3176
"C:/Users/micha/OneDrive/Documents/Unreal Projects/RTD/Content/Blueprints/Building/Tower/BaseTowerAoe/BP_TowerData_AOE.uasset" 3177
"C:/Users/micha/OneDrive/Documents/Unreal Projects/RTD/Content/Blueprints/Building/Tower/BaseTowerProj/BP_Tower_Projectile.uasset" 3178
"C:/Users/micha/OneDrive/Documents/Unreal Projects/RTD/Content/Blueprints/Building/Tower/BaseTowerAoe/BaseTowerAOE.uasset" 3179
"C:/Users/micha/OneDrive/Documents/Unreal Projects/RTD/Content/Blueprints/Building/Tower/BaseTower.uasset" 3180
"C:/Users/micha/OneDrive/Documents/Unreal Projects/RTD/Content/Blueprints/Item/Item_Base.uasset" 3181
"C:/Users/micha/OneDrive/Documents/Unreal Projects/RTD/Content/Blueprints/Building/Tower/BaseTowerAoe/BaseTowerAoeData.uasset" 3182
"C:/Users/micha/OneDrive/Documents/Unreal Projects/RTD/Content/Blueprints/Building/Projectiles/Projectile_Base.uasset" 3183
"C:/Users/micha/OneDrive/Documents/Unreal Projects/RTD/Content/Blueprints/Building/Tower/BaseTowerProj/BP_TowerData_Projectile.uasset" 3184
"C:/Users/micha/OneDrive/Documents/Unreal Projects/RTD/Content/Blueprints/Building/TowerBase.uasset" 3185
"C:/Users/micha/OneDrive/Documents/Unreal Projects/RTD/Content/Blueprints/Building/Default__TowerBase_C.uasset" 3186
"C:/Users/micha/OneDrive/Documents/Unreal Projects/RTD/Content/Blueprints/Building/TowerBase_C.uasset" 3187
"C:/Users/micha/OneDrive/Documents/Unreal Projects/RTD/Content/Blueprints/Building/Tower/BaseTowerProj/BaseTowerProj.uasset" 3188
"C:/Users/micha/OneDrive/Documents/Unreal Projects/RTD/Content/Blueprints/Building/Tower/BaseTowerProj/BaseTowerProjData.uasset" 3189
"C:/Users/micha/OneDrive/Documents/Unreal Projects/RTD/Content/Blueprints/Map/BP_ExploreButton.uasset" 3190
"C:/Users/micha/OneDrive/Documents/Unreal Projects/RTD/Content/Blueprints/Building/Tower/InheritedTower.uasset" 3191
"C:/Users/micha/OneDrive/Documents/Unreal Projects/RTD/Content/Blueprints/Scout/WBP_Explorer_C.uasset" 3192
"C:/Users/micha/OneDrive/Documents/Unreal Projects/RTD/Content/Blueprints/Scout/WBP_Explorer.uasset" 3193
"C:/Users/micha/OneDrive/Documents/Unreal Projects/RTD/Content/Blueprints/Scout/ExplorerWidget_C.uasset" 3194
"C:/Users/micha/OneDrive/Documents/Unreal Projects/RTD/Content/Blueprints/Scout/ExplorerWidget.uasset" 3195
"C:/Users/micha/OneDrive/Documents/Unreal Projects/RTD/Content/Blueprints/Scout/Default__WBP_Explorer_C.uasset" 3196
"C:/Users/micha/OneDrive/Documents/Unreal Projects/RTD/Content/Blueprints/Scout/Default__ExplorerWidget_C.uasset" 3197
"C:/Users/micha/OneDrive/Documents/Unreal Projects/RTD/Content/Blueprints/Map/ExploreButton.uasset" 3198
"C:/Users/micha/OneDrive/Documents/Unreal Projects/RTD/Content/Blueprints/Explorer/WBP_Explorer.uasset" 3199
"C:/Users/micha/OneDrive/Documents/Unreal Projects/RTD/Content/Blueprints/Player/AC_TowerPlacer.uasset" 3200
"C:/Users/micha/OneDrive/Documents/Unreal Projects/RTD/Content/Blueprints/Map/WBP_ScoutAreaButton.uasset" 3201
"C:/Users/micha/OneDrive/Documents/Unreal Projects/RTD/Content/Blueprints/Explorer/ExplorerWidget.uasset" 3202
"C:/Users/micha/OneDrive/Documents/Unreal Projects/RTD/Content/Blueprints/Map/WBP_ExploreButton.uasset" 3203
"C:/Users/micha/OneDrive/Documents/Unreal Projects/RTD/Content/Blueprints/Map/ExploreButtonWidget.uasset" 3204
"C:/Users/micha/OneDrive/Documents/Unreal Projects/RTD/Content/Blueprints/Player/CharacterTowerPlacerComponent.uasset" 3205
"C:/Users/micha/OneDrive/Documents/Unreal Projects/RTD/Content/Blueprints/Building/Tower/BaseTowerBeam/BP_Tower_Beam.uasset" 3206
"C:/Users/micha/OneDrive/Documents/Unreal Projects/RTD/Content/Blueprints/Map/HexGrid_RuntimeTowerPlacer.uasset" 3207
"C:/Users/micha/OneDrive/Documents/Unreal Projects/RTD/Content/Blueprints/Map/MacroHexHandler.uasset" 3208
"C:/Users/micha/OneDrive/Documents/Unreal Projects/RTD/Content/Blueprints/Building/Tower/BaseTowerBeam/BP_TowerData_Beam.uasset" 3209
"C:/Users/micha/OneDrive/Documents/Unreal Projects/RTD/Content/Blueprints/Player/CharacterTowerPlayerComponent.uasset" 3210
"C:/Users/micha/OneDrive/Documents/Unreal Projects/RTD/Content/Blueprints/Building/Tower/BaseTowerBeam/BP_Beam_Basic.uasset" 3211
"C:/Users/micha/OneDrive/Documents/Unreal Projects/RTD/Content/Blueprints/Building/Tower/BaseTowerBeam/BaseTowerBeam.uasset" 3212
"C:/Users/micha/OneDrive/Documents/Unreal Projects/RTD/Content/Blueprints/Building/Tower/TowerTypeData.uasset" 3213
"C:/Users/micha/OneDrive/Documents/Unreal Projects/RTD/Content/Blueprints/Building/Tower/BaseTowerBeam/BaseTowerBeamData.uasset" 3214
"C:/Users/micha/OneDrive/Documents/Unreal Projects/RTD/Content/Blueprints/Building/Tower/BaseTowerBeam/beam.uasset" 3215
"C:/Users/micha/OneDrive/Documents/Unreal Projects/RTD/Content/Blueprints/Player/UI/WBP_TowerList.uasset" 3216
"C:/Users/micha/OneDrive/Documents/Unreal Projects/RTD/Content/Blueprints/Player/UI/WBP_StartScreen.uasset" 3217
"C:/Users/micha/OneDrive/Documents/Unreal Projects/RTD/Content/Blueprints/Player/UI/WBP_ItemList.uasset" 3218
"C:/Users/micha/OneDrive/Documents/Unreal Projects/RTD/Content/Blueprints/GM/BP_GM_TowerDefense.uasset" 3219
"C:/Users/micha/OneDrive/Documents/Unreal Projects/RTD/Content/Blueprints/Player/CharacterTD.uasset" 3220
"C:/Users/micha/OneDrive/Documents/Unreal Projects/RTD/Content/Blueprints/Player/UI/TowerListPresentationWidget.uasset" 3221
"C:/Users/micha/OneDrive/Documents/Unreal Projects/RTD/Content/Blueprints/Player/UI/StartScreen.uasset" 3222
"../../../../../../Users/micha/OneDrive/Documents/Unreal Projects/RTD/Content/Blueprints/Player/UI/WBP_InGameUI.uasset" 3223
"../../../../../../Users/micha/OneDrive/Documents/Unreal Projects/RTD/Content/Blueprints/Player/UI/WBP_ItemList.uasset" 3224
"C:/Users/micha/OneDrive/Documents/Unreal Projects/RTD/Content/Level.umap" 3225
"C:/Users/micha/OneDrive/Documents/Unreal Projects/RTD/Content/Blueprints/Player/BP_PlayerState_TD.uasset" 3226
"C:/Users/micha/OneDrive/Documents/Unreal Projects/RTD/Content/Blueprints/Player/UI/TowerPlacerUI.uasset" 3227
"C:/Users/micha/OneDrive/Documents/Unreal Projects/RTD/Content/Blueprints/TDCharacter.uasset" 3228
"C:/Users/micha/OneDrive/Documents/Unreal Projects/RTD/Content/Blueprints/GM/TowerDefenseGM.uasset" 3229
"C:/Users/micha/OneDrive/Documents/Unreal Projects/RTD/Content/Blueprints/TowerDefenseGM.uasset" 3230
"C:/Users/micha/OneDrive/Documents/Unreal Projects/RTD/Content/Blueprints/Player/TowerPlacerUI.uasset" 3231
"C:/Users/micha/OneDrive/Documents/Unreal Projects/RTD/Content/Blueprints/Player/TDPlayerState.uasset" 3232
"C:/Users/micha/OneDrive/Documents/Unreal Projects/RTD/Content/TowerDefenseGM.uasset" 3233
"C:/Users/micha/OneDrive/Documents/Unreal Projects/RTD/Content/Blueprints/TowerPlacerUI.uasset" 3234
"../../../../../../Users/micha/OneDrive/Documents/Unreal Projects/RTD/Content/Level.umap" 3235
"C:/Users/micha/AppData/Local/UnrealEngine/Common/DerivedDataCache/Buckets/LegacyChaosGeometryData/3d/0f/479d541157b572647b7b18838bd6d495e2df.udd" 3236
"../../../Engine/Content/EditorResources/EmptyActor.uasset" 3237
"C:/Users/micha/AppData/Local/Temp/UnrealShaderWorkingDir/542B812C46B9E6D97DDC3B8055603431/6/WorkerOutputOnly.out" 3238
